Random seed: "--seed={ 0xe0b55206, 0x2d753027, 0xe4e071ba, 0x95eae222, 0x2e030bba, 0x7126a020, 0xd34875e8, 0x9db04630, 0xc48eda55, 0xd0e42016, 0xff057a18, 0x1b9242a2 }"
# variant=lvl1 response_length=126 max_candidates=0
pair,candidate_space,candidate_space_overflow,candidates,responses,odd_degree,even_degree,invalid,odd_percent,complete
0,225,0,225,66,22,44,0,33.33333333,1
1,375,0,375,56,26,30,0,46.42857143,1
2,175,0,175,68,18,50,0,26.47058824,1
3,243,0,243,58,28,30,0,48.27586207,1
4,243,0,243,70,24,46,0,34.28571429,1
5,105,0,105,56,30,26,0,53.57142857,1
6,375,0,375,60,20,40,0,33.33333333,1
7,147,0,147,92,46,46,0,50.00000000,1
8,135,0,135,66,26,40,0,39.39393939,1
9,375,0,375,68,26,42,0,38.23529412,1
10,405,0,405,54,18,36,0,33.33333333,1
11,225,0,225,68,22,46,0,32.35294118,1
12,225,0,225,66,26,40,0,39.39393939,1
13,189,0,189,68,26,42,0,38.23529412,1
14,315,0,315,50,28,22,0,56.00000000,1
15,165,0,165,70,34,36,0,48.57142857,1
16,225,0,225,64,26,38,0,40.62500000,1
17,375,0,375,50,14,36,0,28.00000000,1
18,225,0,225,58,22,36,0,37.93103448,1
19,375,0,375,56,14,42,0,25.00000000,1
20,225,0,225,60,22,38,0,36.66666667,1
21,225,0,225,62,26,36,0,41.93548387,1
22,135,0,135,62,26,36,0,41.93548387,1
23,225,0,225,64,22,42,0,34.37500000,1
24,225,0,225,64,22,42,0,34.37500000,1
25,375,0,375,62,22,40,0,35.48387097,1
26,315,0,315,54,18,36,0,33.33333333,1
27,375,0,375,58,22,36,0,37.93103448,1
28,189,0,189,66,28,38,0,42.42424242,1
29,363,0,363,162,36,126,0,22.22222222,1
30,135,0,135,70,38,32,0,54.28571429,1
31,297,0,297,56,30,26,0,53.57142857,1
32,225,0,225,58,18,40,0,31.03448276,1
33,225,0,225,56,16,40,0,28.57142857,1
34,225,0,225,62,26,36,0,41.93548387,1
35,315,0,315,50,14,36,0,28.00000000,1
36,375,0,375,64,22,42,0,34.37500000,1
37,225,0,225,64,24,40,0,37.50000000,1
38,375,0,375,60,24,36,0,40.00000000,1
39,135,0,135,64,24,40,0,37.50000000,1
40,315,0,315,58,20,38,0,34.48275862,1
41,351,0,351,68,14,54,0,20.58823529,1
42,225,0,225,60,24,36,0,40.00000000,1
43,375,0,375,58,18,40,0,31.03448276,1
44,135,0,135,56,20,36,0,35.71428571,1
45,315,0,315,66,28,38,0,42.42424242,1
46,243,0,243,62,26,36,0,41.93548387,1
47,225,0,225,64,30,34,0,46.87500000,1
48,375,0,375,58,16,42,0,27.58620690,1
49,189,0,189,64,24,40,0,37.50000000,1
50,175,0,175,60,32,28,0,53.33333333,1
51,225,0,225,62,24,38,0,38.70967742,1
52,225,0,225,64,30,34,0,46.87500000,1
53,375,0,375,64,30,34,0,46.87500000,1
54,315,0,315,58,18,40,0,31.03448276,1
55,225,0,225,52,14,38,0,26.92307692,1
56,315,0,315,72,26,46,0,36.11111111,1
57,315,0,315,48,16,32,0,33.33333333,1
58,375,0,375,58,20,38,0,34.48275862,1
59,225,0,225,60,16,44,0,26.66666667,1
60,315,0,315,62,22,40,0,35.48387097,1
61,243,0,243,66,28,38,0,42.42424242,1
62,225,0,225,66,28,38,0,42.42424242,1
63,225,0,225,60,18,42,0,30.00000000,1
64,135,0,135,66,22,44,0,33.33333333,1
65,105,0,105,54,20,34,0,37.03703704,1
66,189,0,189,68,24,44,0,35.29411765,1
67,225,0,225,62,22,40,0,35.48387097,1
68,225,0,225,58,22,36,0,37.93103448,1
69,225,0,225,70,22,48,0,31.42857143,1
70,315,0,315,72,20,52,0,27.77777778,1
71,225,0,225,54,14,40,0,25.92592593,1
72,315,0,315,62,32,30,0,51.61290323,1
73,405,0,405,56,12,44,0,21.42857143,1
74,195,0,195,116,56,60,0,48.27586207,1
75,135,0,135,64,28,36,0,43.75000000,1
76,225,0,225,64,24,40,0,37.50000000,1
77,225,0,225,70,24,46,0,34.28571429,1
78,189,0,189,62,22,40,0,35.48387097,1
79,225,0,225,50,16,34,0,32.00000000,1
80,375,0,375,54,16,38,0,29.62962963,1
81,189,0,189,60,22,38,0,36.66666667,1
82,175,0,175,92,28,64,0,30.43478261,1
83,243,0,243,124,40,84,0,32.25806452,1
84,135,0,135,62,26,36,0,41.93548387,1
85,315,0,315,54,22,32,0,40.74074074,1
86,135,0,135,66,24,42,0,36.36363636,1
87,225,0,225,62,20,42,0,32.25806452,1
88,225,0,225,76,30,46,0,39.47368421,1
89,135,0,135,62,22,40,0,35.48387097,1
90,375,0,375,64,24,40,0,37.50000000,1
91,225,0,225,70,28,42,0,40.00000000,1
92,225,0,225,62,22,40,0,35.48387097,1
93,135,0,135,60,26,34,0,43.33333333,1
94,135,0,135,64,22,42,0,34.37500000,1
95,225,0,225,70,30,40,0,42.85714286,1
96,225,0,225,62,28,34,0,45.16129032,1
97,315,0,315,58,14,44,0,24.13793103,1
98,225,0,225,68,30,38,0,44.11764706,1
99,105,0,105,68,18,50,0,26.47058824,1
100,375,0,375,56,20,36,0,35.71428571,1
101,135,0,135,66,28,38,0,42.42424242,1
102,375,0,375,64,18,46,0,28.12500000,1
103,243,0,243,60,18,42,0,30.00000000,1
104,189,0,189,60,22,38,0,36.66666667,1
105,135,0,135,66,26,40,0,39.39393939,1
106,165,0,165,46,2,44,0,4.34782609,1
107,225,0,225,62,26,36,0,41.93548387,1
108,375,0,375,58,14,44,0,24.13793103,1
109,105,0,105,52,14,38,0,26.92307692,1
110,243,0,243,64,22,42,0,34.37500000,1
111,225,0,225,64,28,36,0,43.75000000,1
112,315,0,315,52,12,40,0,23.07692308,1
113,225,0,225,60,24,36,0,40.00000000,1
114,405,0,405,46,4,42,0,8.69565217,1
115,135,0,135,66,26,40,0,39.39393939,1
116,225,0,225,62,26,36,0,41.93548387,1
117,375,0,375,58,24,34,0,41.37931034,1
118,315,0,315,60,14,46,0,23.33333333,1
119,135,0,135,66,28,38,0,42.42424242,1
120,105,0,105,56,28,28,0,50.00000000,1
121,189,0,189,64,24,40,0,37.50000000,1
122,375,0,375,66,28,38,0,42.42424242,1
123,189,0,189,70,26,44,0,37.14285714,1
124,135,0,135,68,28,40,0,41.17647059,1
125,225,0,225,56,18,38,0,32.14285714,1
126,315,0,315,68,24,44,0,35.29411765,1
127,189,0,189,66,28,38,0,42.42424242,1
128,125,0,125,56,30,26,0,53.57142857,1
129,147,0,147,52,20,32,0,38.46153846,1
130,135,0,135,64,24,40,0,37.50000000,1
131,189,0,189,68,24,44,0,35.29411765,1
132,375,0,375,66,28,38,0,42.42424242,1
133,225,0,225,68,30,38,0,44.11764706,1
134,225,0,225,62,24,38,0,38.70967742,1
135,105,0,105,52,10,42,0,19.23076923,1
136,441,0,441,178,46,132,0,25.84269663,1
137,225,0,225,62,26,36,0,41.93548387,1
138,351,0,351,44,6,38,0,13.63636364,1
139,243,0,243,64,26,38,0,40.62500000,1
140,189,0,189,64,28,36,0,43.75000000,1
141,135,0,135,64,26,38,0,40.62500000,1
142,135,0,135,62,30,32,0,48.38709677,1
143,315,0,315,52,10,42,0,19.23076923,1
144,275,0,275,102,52,50,0,50.98039216,1
145,375,0,375,66,28,38,0,42.42424242,1
146,225,0,225,70,24,46,0,34.28571429,1
147,225,0,225,64,20,44,0,31.25000000,1
148,225,0,225,64,22,42,0,34.37500000,1
149,135,0,135,64,24,40,0,37.50000000,1
150,225,0,225,64,30,34,0,46.87500000,1
151,225,0,225,62,20,42,0,32.25806452,1
152,225,0,225,62,28,34,0,45.16129032,1
153,225,0,225,58,18,40,0,31.03448276,1
154,189,0,189,66,16,50,0,24.24242424,1
155,225,0,225,64,24,40,0,37.50000000,1
156,171,0,171,104,30,74,0,28.84615385,1
157,225,0,225,68,26,42,0,38.23529412,1
158,375,0,375,54,18,36,0,33.33333333,1
159,225,0,225,60,22,38,0,36.66666667,1
160,189,0,189,58,22,36,0,37.93103448,1
161,297,0,297,70,28,42,0,40.00000000,1
162,225,0,225,58,22,36,0,37.93103448,1
163,375,0,375,56,22,34,0,39.28571429,1
164,225,0,225,60,24,36,0,40.00000000,1
165,297,0,297,66,26,40,0,39.39393939,1
166,175,0,175,72,16,56,0,22.22222222,1
167,225,0,225,70,26,44,0,37.14285714,1
168,225,0,225,64,26,38,0,40.62500000,1
169,225,0,225,48,12,36,0,25.00000000,1
170,243,0,243,104,46,58,0,44.23076923,1
171,105,0,105,58,12,46,0,20.68965517,1
172,135,0,135,62,18,44,0,29.03225806,1
173,225,0,225,58,18,40,0,31.03448276,1
174,135,0,135,64,30,34,0,46.87500000,1
175,375,0,375,60,26,34,0,43.33333333,1
176,135,0,135,64,22,42,0,34.37500000,1
177,147,0,147,74,38,36,0,51.35135135,1
178,105,0,105,56,26,30,0,46.42857143,1
179,375,0,375,60,22,38,0,36.66666667,1
180,105,0,105,58,16,42,0,27.58620690,1
181,315,0,315,64,26,38,0,40.62500000,1
182,135,0,135,62,22,40,0,35.48387097,1
183,315,0,315,68,18,50,0,26.47058824,1
184,105,0,105,58,12,46,0,20.68965517,1
185,225,0,225,62,24,38,0,38.70967742,1
186,225,0,225,62,26,36,0,41.93548387,1
187,315,0,315,50,18,32,0,36.00000000,1
188,315,0,315,54,14,40,0,25.92592593,1
189,243,0,243,64,20,44,0,31.25000000,1
190,189,0,189,66,24,42,0,36.36363636,1
191,225,0,225,54,26,28,0,48.14814815,1
192,375,0,375,58,16,42,0,27.58620690,1
193,117,0,117,68,36,32,0,52.94117647,1
194,225,0,225,56,22,34,0,39.28571429,1
195,375,0,375,58,22,36,0,37.93103448,1
196,225,0,225,60,26,34,0,43.33333333,1
197,315,0,315,60,20,40,0,33.33333333,1
198,225,0,225,64,22,42,0,34.37500000,1
199,225,0,225,50,12,38,0,24.00000000,1
200,225,0,225,56,20,36,0,35.71428571,1
201,225,0,225,62,22,40,0,35.48387097,1
202,135,0,135,52,18,34,0,34.61538462,1
203,225,0,225,58,22,36,0,37.93103448,1
204,189,0,189,80,34,46,0,42.50000000,1
205,225,0,225,62,22,40,0,35.48387097,1
206,225,0,225,62,22,40,0,35.48387097,1
207,315,0,315,62,30,32,0,48.38709677,1
208,375,0,375,64,24,40,0,37.50000000,1
209,225,0,225,50,18,32,0,36.00000000,1
210,375,0,375,62,20,42,0,32.25806452,1
211,225,0,225,74,24,50,0,32.43243243,1
212,225,0,225,62,24,38,0,38.70967742,1
213,225,0,225,68,28,40,0,41.17647059,1
214,189,0,189,60,22,38,0,36.66666667,1
215,135,0,135,100,26,74,0,26.00000000,1
216,225,0,225,66,26,40,0,39.39393939,1
217,135,0,135,62,26,36,0,41.93548387,1
218,375,0,375,56,22,34,0,39.28571429,1
219,245,0,245,100,50,50,0,50.00000000,1
220,189,0,189,68,30,38,0,44.11764706,1
221,225,0,225,56,28,28,0,50.00000000,1
222,225,0,225,58,24,34,0,41.37931034,1
223,153,0,153,46,16,30,0,34.78260870,1
224,225,0,225,64,24,40,0,37.50000000,1
225,189,0,189,62,16,46,0,25.80645161,1
226,315,0,315,56,14,42,0,25.00000000,1
227,225,0,225,64,18,46,0,28.12500000,1
228,375,0,375,68,32,36,0,47.05882353,1
229,225,0,225,56,16,40,0,28.57142857,1
230,315,0,315,68,26,42,0,38.23529412,1
231,297,0,297,56,24,32,0,42.85714286,1
232,175,0,175,50,12,38,0,24.00000000,1
233,225,0,225,66,26,40,0,39.39393939,1
234,135,0,135,66,24,42,0,36.36363636,1
235,375,0,375,50,14,36,0,28.00000000,1
236,189,0,189,64,24,40,0,37.50000000,1
237,135,0,135,64,26,38,0,40.62500000,1
238,189,0,189,62,22,40,0,35.48387097,1
239,315,0,315,60,24,36,0,40.00000000,1
240,225,0,225,56,24,32,0,42.85714286,1
241,225,0,225,62,22,40,0,35.48387097,1
242,405,0,405,54,30,24,0,55.55555556,1
243,225,0,225,58,24,34,0,41.37931034,1
244,375,0,375,64,24,40,0,37.50000000,1
245,81,0,81,62,20,42,0,32.25806452,1
246,357,0,357,174,44,130,0,25.28735632,1
247,165,0,165,42,20,22,0,47.61904762,1
248,225,0,225,68,30,38,0,44.11764706,1
249,375,0,375,60,28,32,0,46.66666667,1
250,375,0,375,66,36,30,0,54.54545455,1
251,297,0,297,50,16,34,0,32.00000000,1
252,125,0,125,68,32,36,0,47.05882353,1
253,225,0,225,64,20,44,0,31.25000000,1
254,135,0,135,60,16,44,0,26.66666667,1
255,375,0,375,60,22,38,0,36.66666667,1
256,225,0,225,72,24,48,0,33.33333333,1
257,225,0,225,66,22,44,0,33.33333333,1
258,297,0,297,60,14,46,0,23.33333333,1
259,225,0,225,60,22,38,0,36.66666667,1
260,125,0,125,60,16,44,0,26.66666667,1
261,225,0,225,62,26,36,0,41.93548387,1
262,225,0,225,58,20,38,0,34.48275862,1
263,315,0,315,60,20,40,0,33.33333333,1
264,189,0,189,62,28,34,0,45.16129032,1
265,225,0,225,62,26,36,0,41.93548387,1
266,375,0,375,52,24,28,0,46.15384615,1
267,195,0,195,84,32,52,0,38.09523810,1
268,135,0,135,66,22,44,0,33.33333333,1
269,189,0,189,64,30,34,0,46.87500000,1
270,375,0,375,62,26,36,0,41.93548387,1
271,243,0,243,56,18,38,0,32.14285714,1
272,225,0,225,58,20,38,0,34.48275862,1
273,375,0,375,58,20,38,0,34.48275862,1
274,375,0,375,56,26,30,0,46.42857143,1
275,315,0,315,68,30,38,0,44.11764706,1
276,375,0,375,66,28,38,0,42.42424242,1
277,375,0,375,60,22,38,0,36.66666667,1
278,63,0,63,50,16,34,0,32.00000000,1
279,189,0,189,64,22,42,0,34.37500000,1
280,125,0,125,60,32,28,0,53.33333333,1
281,189,0,189,62,26,36,0,41.93548387,1
282,189,0,189,60,24,36,0,40.00000000,1
283,405,0,405,52,28,24,0,53.84615385,1
284,315,0,315,54,26,28,0,48.14814815,1
285,189,0,189,66,26,40,0,39.39393939,1
286,315,0,315,54,28,26,0,51.85185185,1
287,135,0,135,68,28,40,0,41.17647059,1
288,225,0,225,68,26,42,0,38.23529412,1
289,175,0,175,92,44,48,0,47.82608696,1
290,189,0,189,58,30,28,0,51.72413793,1
291,135,0,135,62,22,40,0,35.48387097,1
292,225,0,225,62,24,38,0,38.70967742,1
293,225,0,225,62,24,38,0,38.70967742,1
294,225,0,225,66,28,38,0,42.42424242,1
295,135,0,135,64,24,40,0,37.50000000,1
296,165,0,165,54,12,42,0,22.22222222,1
297,225,0,225,58,20,38,0,34.48275862,1
298,225,0,225,64,22,42,0,34.37500000,1
299,189,0,189,70,26,44,0,37.14285714,1
300,375,0,375,56,22,34,0,39.28571429,1
301,105,0,105,64,30,34,0,46.87500000,1
302,189,0,189,68,24,44,0,35.29411765,1
303,243,0,243,66,24,42,0,36.36363636,1
304,375,0,375,58,26,32,0,44.82758621,1
305,135,0,135,60,22,38,0,36.66666667,1
306,315,0,315,58,20,38,0,34.48275862,1
307,135,0,135,64,24,40,0,37.50000000,1
308,315,0,315,62,22,40,0,35.48387097,1
309,225,0,225,62,28,34,0,45.16129032,1
310,135,0,135,62,24,38,0,38.70967742,1
311,135,0,135,68,22,46,0,32.35294118,1
312,225,0,225,62,26,36,0,41.93548387,1
313,165,0,165,54,16,38,0,29.62962963,1
314,225,0,225,60,24,36,0,40.00000000,1
315,375,0,375,68,22,46,0,32.35294118,1
316,375,0,375,64,26,38,0,40.62500000,1
317,189,0,189,66,32,34,0,48.48484848,1
318,297,0,297,74,28,46,0,37.83783784,1
319,189,0,189,48,32,16,0,66.66666667,1
320,315,0,315,56,20,36,0,35.71428571,1
321,225,0,225,62,26,36,0,41.93548387,1
322,189,0,189,54,20,34,0,37.03703704,1
323,135,0,135,62,26,36,0,41.93548387,1
324,441,0,441,48,14,34,0,29.16666667,1
325,375,0,375,58,22,36,0,37.93103448,1
326,375,0,375,60,26,34,0,43.33333333,1
327,225,0,225,60,22,38,0,36.66666667,1
328,225,0,225,62,26,36,0,41.93548387,1
329,225,0,225,66,26,40,0,39.39393939,1
330,225,0,225,60,24,36,0,40.00000000,1
331,375,0,375,60,16,44,0,26.66666667,1
332,375,0,375,50,14,36,0,28.00000000,1
333,175,0,175,52,14,38,0,26.92307692,1
334,175,0,175,80,20,60,0,25.00000000,1
335,99,0,99,74,20,54,0,27.02702703,1
336,105,0,105,60,36,24,0,60.00000000,1
337,105,0,105,52,26,26,0,50.00000000,1
338,315,0,315,52,26,26,0,50.00000000,1
339,189,0,189,72,24,48,0,33.33333333,1
340,315,0,315,54,28,26,0,51.85185185,1
341,225,0,225,62,18,44,0,29.03225806,1
342,225,0,225,60,20,40,0,33.33333333,1
343,375,0,375,54,14,40,0,25.92592593,1
344,225,0,225,56,24,32,0,42.85714286,1
345,225,0,225,60,24,36,0,40.00000000,1
346,243,0,243,64,30,34,0,46.87500000,1
347,315,0,315,66,24,42,0,36.36363636,1
348,175,0,175,62,30,32,0,48.38709677,1
349,189,0,189,66,24,42,0,36.36363636,1
350,125,0,125,52,12,40,0,23.07692308,1
351,135,0,135,64,26,38,0,40.62500000,1
352,375,0,375,60,26,34,0,43.33333333,1
353,375,0,375,54,16,38,0,29.62962963,1
354,105,0,105,54,14,40,0,25.92592593,1
355,99,0,99,56,16,40,0,28.57142857,1
356,315,0,315,60,20,40,0,33.33333333,1
357,125,0,125,58,14,44,0,24.13793103,1
358,225,0,225,52,22,30,0,42.30769231,1
359,175,0,175,76,38,38,0,50.00000000,1
360,225,0,225,58,26,32,0,44.82758621,1
361,375,0,375,66,24,42,0,36.36363636,1
362,315,0,315,62,26,36,0,41.93548387,1
363,375,0,375,54,16,38,0,29.62962963,1
364,189,0,189,62,28,34,0,45.16129032,1
365,135,0,135,56,20,36,0,35.71428571,1
366,189,0,189,70,26,44,0,37.14285714,1
367,225,0,225,58,26,32,0,44.82758621,1
368,225,0,225,68,26,42,0,38.23529412,1
369,225,0,225,56,18,38,0,32.14285714,1
370,225,0,225,56,26,30,0,46.42857143,1
371,225,0,225,62,22,40,0,35.48387097,1
372,315,0,315,60,14,46,0,23.33333333,1
373,375,0,375,54,28,26,0,51.85185185,1
374,99,0,99,74,20,54,0,27.02702703,1
375,315,0,315,62,24,38,0,38.70967742,1
376,225,0,225,64,22,42,0,34.37500000,1
377,135,0,135,58,22,36,0,37.93103448,1
378,243,0,243,54,14,40,0,25.92592593,1
379,315,0,315,56,18,38,0,32.14285714,1
380,225,0,225,60,24,36,0,40.00000000,1
381,225,0,225,60,20,40,0,33.33333333,1
382,135,0,135,58,20,38,0,34.48275862,1
383,135,0,135,62,24,38,0,38.70967742,1
384,375,0,375,62,20,42,0,32.25806452,1
385,125,0,125,54,14,40,0,25.92592593,1
386,243,0,243,62,14,48,0,22.58064516,1
387,189,0,189,56,36,20,0,64.28571429,1
388,225,0,225,60,16,44,0,26.66666667,1
389,375,0,375,62,28,34,0,45.16129032,1
390,375,0,375,66,28,38,0,42.42424242,1
391,225,0,225,56,18,38,0,32.14285714,1
392,225,0,225,52,24,28,0,46.15384615,1
393,375,0,375,64,20,44,0,31.25000000,1
394,375,0,375,50,14,36,0,28.00000000,1
395,189,0,189,64,24,40,0,37.50000000,1
396,153,0,153,44,12,32,0,27.27272727,1
397,297,0,297,56,14,42,0,25.00000000,1
398,225,0,225,68,30,38,0,44.11764706,1
399,225,0,225,66,24,42,0,36.36363636,1
400,225,0,225,66,28,38,0,42.42424242,1
401,135,0,135,68,38,30,0,55.88235294,1
402,135,0,135,62,24,38,0,38.70967742,1
403,225,0,225,60,24,36,0,40.00000000,1
404,165,0,165,56,8,48,0,14.28571429,1
405,225,0,225,58,20,38,0,34.48275862,1
406,117,0,117,76,18,58,0,23.68421053,1
407,135,0,135,58,26,32,0,44.82758621,1
408,225,0,225,62,24,38,0,38.70967742,1
409,243,0,243,64,24,40,0,37.50000000,1
410,225,0,225,72,24,48,0,33.33333333,1
411,105,0,105,60,36,24,0,60.00000000,1
412,315,0,315,58,28,30,0,48.27586207,1
413,189,0,189,64,26,38,0,40.62500000,1
414,315,0,315,52,14,38,0,26.92307692,1
415,375,0,375,56,16,40,0,28.57142857,1
416,225,0,225,64,16,48,0,25.00000000,1
417,225,0,225,54,18,36,0,33.33333333,1
418,189,0,189,60,22,38,0,36.66666667,1
419,225,0,225,70,22,48,0,31.42857143,1
420,175,0,175,62,16,46,0,25.80645161,1
421,153,0,153,54,24,30,0,44.44444444,1
422,147,0,147,76,40,36,0,52.63157895,1
423,175,0,175,52,12,40,0,23.07692308,1
424,315,0,315,64,28,36,0,43.75000000,1
425,135,0,135,66,22,44,0,33.33333333,1
426,125,0,125,60,14,46,0,23.33333333,1
427,375,0,375,60,24,36,0,40.00000000,1
428,225,0,225,58,18,40,0,31.03448276,1
429,189,0,189,58,16,42,0,27.58620690,1
430,175,0,175,76,40,36,0,52.63157895,1
431,375,0,375,64,30,34,0,46.87500000,1
432,375,0,375,52,20,32,0,38.46153846,1
433,375,0,375,50,24,26,0,48.00000000,1
434,315,0,315,60,22,38,0,36.66666667,1
435,225,0,225,58,20,38,0,34.48275862,1
436,225,0,225,58,24,34,0,41.37931034,1
437,225,0,225,64,24,40,0,37.50000000,1
438,225,0,225,64,18,46,0,28.12500000,1
439,225,0,225,68,22,46,0,32.35294118,1
440,125,0,125,78,20,58,0,25.64102564,1
441,225,0,225,62,22,40,0,35.48387097,1
442,75,0,75,56,28,28,0,50.00000000,1
443,225,0,225,60,24,36,0,40.00000000,1
444,189,0,189,58,20,38,0,34.48275862,1
445,225,0,225,62,24,38,0,38.70967742,1
446,225,0,225,52,12,40,0,23.07692308,1
447,175,0,175,82,42,40,0,51.21951220,1
448,315,0,315,58,22,36,0,37.93103448,1
449,135,0,135,74,30,44,0,40.54054054,1
450,189,0,189,72,24,48,0,33.33333333,1
451,189,0,189,68,30,38,0,44.11764706,1
452,441,0,441,44,14,30,0,31.81818182,1
453,225,0,225,72,28,44,0,38.88888889,1
454,405,0,405,62,26,36,0,41.93548387,1
455,225,0,225,62,22,40,0,35.48387097,1
456,225,0,225,70,20,50,0,28.57142857,1
457,375,0,375,60,30,30,0,50.00000000,1
458,405,0,405,60,16,44,0,26.66666667,1
459,315,0,315,60,24,36,0,40.00000000,1
460,375,0,375,52,12,40,0,23.07692308,1
461,225,0,225,64,26,38,0,40.62500000,1
462,315,0,315,60,20,40,0,33.33333333,1
463,135,0,135,62,36,26,0,58.06451613,1
464,225,0,225,64,26,38,0,40.62500000,1
465,375,0,375,64,26,38,0,40.62500000,1
466,125,0,125,56,14,42,0,25.00000000,1
467,243,0,243,60,22,38,0,36.66666667,1
468,135,0,135,60,22,38,0,36.66666667,1
469,225,0,225,64,22,42,0,34.37500000,1
470,375,0,375,56,26,30,0,46.42857143,1
471,375,0,375,58,28,30,0,48.27586207,1
472,225,0,225,64,20,44,0,31.25000000,1
473,375,0,375,68,28,40,0,41.17647059,1
474,315,0,315,58,18,40,0,31.03448276,1
475,189,0,189,70,22,48,0,31.42857143,1
476,135,0,135,58,22,36,0,37.93103448,1
477,225,0,225,66,20,46,0,30.30303030,1
478,225,0,225,54,26,28,0,48.14814815,1
479,375,0,375,60,22,38,0,36.66666667,1
480,225,0,225,58,22,36,0,37.93103448,1
481,245,0,245,66,28,38,0,42.42424242,1
482,189,0,189,50,16,34,0,32.00000000,1
483,225,0,225,60,22,38,0,36.66666667,1
484,189,0,189,58,18,40,0,31.03448276,1
485,315,0,315,72,30,42,0,41.66666667,1
486,135,0,135,68,22,46,0,32.35294118,1
487,225,0,225,58,22,36,0,37.93103448,1
488,315,0,315,54,24,30,0,44.44444444,1
489,225,0,225,60,28,32,0,46.66666667,1
490,225,0,225,62,26,36,0,41.93548387,1
491,315,0,315,60,16,44,0,26.66666667,1
492,315,0,315,54,30,24,0,55.55555556,1
493,81,0,81,62,0,62,0,0.00000000,1
494,225,0,225,72,26,46,0,36.11111111,1
495,225,0,225,60,24,36,0,40.00000000,1
496,189,0,189,76,30,46,0,39.47368421,1
497,105,0,105,52,10,42,0,19.23076923,1
498,375,0,375,60,22,38,0,36.66666667,1
499,135,0,135,60,14,46,0,23.33333333,1
500,315,0,315,66,20,46,0,30.30303030,1
501,315,0,315,54,16,38,0,29.62962963,1
502,375,0,375,54,20,34,0,37.03703704,1
503,225,0,225,62,22,40,0,35.48387097,1
504,225,0,225,60,18,42,0,30.00000000,1
505,225,0,225,68,24,44,0,35.29411765,1
506,375,0,375,64,18,46,0,28.12500000,1
507,315,0,315,60,12,48,0,20.00000000,1
508,315,0,315,54,14,40,0,25.92592593,1
509,315,0,315,66,16,50,0,24.24242424,1
510,189,0,189,68,26,42,0,38.23529412,1
511,225,0,225,48,14,34,0,29.16666667,1
512,189,0,189,66,26,40,0,39.39393939,1
513,375,0,375,58,20,38,0,34.48275862,1
514,189,0,189,60,18,42,0,30.00000000,1
515,225,0,225,62,22,40,0,35.48387097,1
516,225,0,225,66,26,40,0,39.39393939,1
517,315,0,315,62,20,42,0,32.25806452,1
518,375,0,375,46,24,22,0,52.17391304,1
519,375,0,375,58,24,34,0,41.37931034,1
520,375,0,375,58,22,36,0,37.93103448,1
521,125,0,125,70,22,48,0,31.42857143,1
522,225,0,225,64,26,38,0,40.62500000,1
523,225,0,225,66,28,38,0,42.42424242,1
524,135,0,135,62,22,40,0,35.48387097,1
525,135,0,135,70,26,44,0,37.14285714,1
526,225,0,225,58,28,30,0,48.27586207,1
527,315,0,315,56,24,32,0,42.85714286,1
528,225,0,225,56,18,38,0,32.14285714,1
529,351,0,351,76,0,76,0,0.00000000,1
530,315,0,315,56,18,38,0,32.14285714,1
531,175,0,175,94,46,48,0,48.93617021,1
532,135,0,135,64,26,38,0,40.62500000,1
533,189,0,189,58,22,36,0,37.93103448,1
534,375,0,375,62,26,36,0,41.93548387,1
535,135,0,135,60,20,40,0,33.33333333,1
536,405,0,405,42,8,34,0,19.04761905,1
537,315,0,315,60,16,44,0,26.66666667,1
538,315,0,315,56,14,42,0,25.00000000,1
539,225,0,225,68,28,40,0,41.17647059,1
540,135,0,135,66,18,48,0,27.27272727,1
541,75,0,75,52,28,24,0,53.84615385,1
542,189,0,189,46,12,34,0,26.08695652,1
543,375,0,375,62,22,40,0,35.48387097,1
544,81,0,81,56,16,40,0,28.57142857,1
545,135,0,135,70,30,40,0,42.85714286,1
546,189,0,189,64,24,40,0,37.50000000,1
547,375,0,375,56,22,34,0,39.28571429,1
548,225,0,225,66,22,44,0,33.33333333,1
549,225,0,225,62,24,38,0,38.70967742,1
550,315,0,315,60,14,46,0,23.33333333,1
551,189,0,189,70,26,44,0,37.14285714,1
552,375,0,375,56,22,34,0,39.28571429,1
553,225,0,225,78,20,58,0,25.64102564,1
554,225,0,225,62,22,40,0,35.48387097,1
555,375,0,375,62,24,38,0,38.70967742,1
556,225,0,225,48,26,22,0,54.16666667,1
557,375,0,375,68,22,46,0,32.35294118,1
558,225,0,225,70,28,42,0,40.00000000,1
559,105,0,105,62,32,30,0,51.61290323,1
560,375,0,375,52,14,38,0,26.92307692,1
561,225,0,225,70,24,46,0,34.28571429,1
562,75,0,75,52,26,26,0,50.00000000,1
563,225,0,225,62,26,36,0,41.93548387,1
564,375,0,375,64,26,38,0,40.62500000,1
565,225,0,225,62,22,40,0,35.48387097,1
566,225,0,225,70,26,44,0,37.14285714,1
567,147,0,147,70,20,50,0,28.57142857,1
568,147,0,147,88,44,44,0,50.00000000,1
569,225,0,225,66,28,38,0,42.42424242,1
570,225,0,225,68,26,42,0,38.23529412,1
571,375,0,375,62,28,34,0,45.16129032,1
572,147,0,147,90,22,68,0,24.44444444,1
573,189,0,189,52,20,32,0,38.46153846,1
574,117,0,117,66,36,30,0,54.54545455,1
575,225,0,225,60,26,34,0,43.33333333,1
576,189,0,189,66,28,38,0,42.42424242,1
577,567,0,567,242,60,182,0,24.79338843,1
578,225,0,225,56,28,28,0,50.00000000,1
579,189,0,189,64,18,46,0,28.12500000,1
580,135,0,135,70,28,42,0,40.00000000,1
581,225,0,225,64,24,40,0,37.50000000,1
582,175,0,175,94,24,70,0,25.53191489,1
583,189,0,189,66,28,38,0,42.42424242,1
584,225,0,225,64,22,42,0,34.37500000,1
585,375,0,375,62,20,42,0,32.25806452,1
586,315,0,315,62,20,42,0,32.25806452,1
587,225,0,225,68,26,42,0,38.23529412,1
588,175,0,175,52,12,40,0,23.07692308,1
589,135,0,135,58,30,28,0,51.72413793,1
590,225,0,225,64,24,40,0,37.50000000,1
591,225,0,225,62,22,40,0,35.48387097,1
592,135,0,135,70,22,48,0,31.42857143,1
593,189,0,189,74,30,44,0,40.54054054,1
594,135,0,135,66,26,40,0,39.39393939,1
595,147,0,147,68,36,32,0,52.94117647,1
596,375,0,375,64,18,46,0,28.12500000,1
597,375,0,375,64,22,42,0,34.37500000,1
598,225,0,225,68,22,46,0,32.35294118,1
599,225,0,225,60,18,42,0,30.00000000,1
600,165,0,165,98,24,74,0,24.48979592,1
601,243,0,243,58,14,44,0,24.13793103,1
602,225,0,225,68,26,42,0,38.23529412,1
603,189,0,189,66,24,42,0,36.36363636,1
604,315,0,315,64,14,50,0,21.87500000,1
605,225,0,225,70,30,40,0,42.85714286,1
606,135,0,135,64,26,38,0,40.62500000,1
607,245,0,245,104,26,78,0,25.00000000,1
608,225,0,225,66,22,44,0,33.33333333,1
609,195,0,195,74,36,38,0,48.64864865,1
610,315,0,315,60,16,44,0,26.66666667,1
611,245,0,245,106,28,78,0,26.41509434,1
612,315,0,315,62,18,44,0,29.03225806,1
613,243,0,243,58,28,30,0,48.27586207,1
614,315,0,315,52,26,26,0,50.00000000,1
615,315,0,315,58,20,38,0,34.48275862,1
616,225,0,225,56,30,26,0,53.57142857,1
617,375,0,375,64,24,40,0,37.50000000,1
618,225,0,225,64,28,36,0,43.75000000,1
619,105,0,105,56,14,42,0,25.00000000,1
620,135,0,135,60,22,38,0,36.66666667,1
621,225,0,225,60,20,40,0,33.33333333,1
622,375,0,375,64,22,42,0,34.37500000,1
623,225,0,225,70,26,44,0,37.14285714,1
624,135,0,135,96,42,54,0,43.75000000,1
625,225,0,225,58,26,32,0,44.82758621,1
626,225,0,225,64,20,44,0,31.25000000,1
627,315,0,315,60,24,36,0,40.00000000,1
628,147,0,147,68,18,50,0,26.47058824,1
629,225,0,225,54,18,36,0,33.33333333,1
630,375,0,375,58,22,36,0,37.93103448,1
631,375,0,375,58,24,34,0,41.37931034,1
632,189,0,189,70,24,46,0,34.28571429,1
633,375,0,375,58,20,38,0,34.48275862,1
634,189,0,189,62,18,44,0,29.03225806,1
635,135,0,135,70,26,44,0,37.14285714,1
636,375,0,375,60,22,38,0,36.66666667,1
637,225,0,225,66,28,38,0,42.42424242,1
638,225,0,225,70,24,46,0,34.28571429,1
639,315,0,315,60,26,34,0,43.33333333,1
640,315,0,315,62,28,34,0,45.16129032,1
641,225,0,225,50,22,28,0,44.00000000,1
642,135,0,135,62,24,38,0,38.70967742,1
643,315,0,315,64,34,30,0,53.12500000,1
644,135,0,135,58,20,38,0,34.48275862,1
645,315,0,315,64,24,40,0,37.50000000,1
646,243,0,243,74,26,48,0,35.13513514,1
647,225,0,225,62,26,36,0,41.93548387,1
648,225,0,225,62,24,38,0,38.70967742,1
649,315,0,315,62,20,42,0,32.25806452,1
650,315,0,315,58,18,40,0,31.03448276,1
651,375,0,375,64,22,42,0,34.37500000,1
652,135,0,135,56,18,38,0,32.14285714,1
653,189,0,189,70,28,42,0,40.00000000,1
654,175,0,175,58,18,40,0,31.03448276,1
655,375,0,375,56,22,34,0,39.28571429,1
656,225,0,225,66,26,40,0,39.39393939,1
657,135,0,135,60,26,34,0,43.33333333,1
658,225,0,225,58,20,38,0,34.48275862,1
659,405,0,405,54,18,36,0,33.33333333,1
660,315,0,315,60,16,44,0,26.66666667,1
661,225,0,225,62,16,46,0,25.80645161,1
662,225,0,225,58,24,34,0,41.37931034,1
663,147,0,147,64,32,32,0,50.00000000,1
664,135,0,135,60,24,36,0,40.00000000,1
665,135,0,135,66,18,48,0,27.27272727,1
666,375,0,375,54,26,28,0,48.14814815,1
667,225,0,225,60,24,36,0,40.00000000,1
668,375,0,375,66,30,36,0,45.45454545,1
669,125,0,125,52,14,38,0,26.92307692,1
670,405,0,405,56,24,32,0,42.85714286,1
671,315,0,315,62,24,38,0,38.70967742,1
672,315,0,315,64,26,38,0,40.62500000,1
673,405,0,405,52,28,24,0,53.84615385,1
674,225,0,225,64,24,40,0,37.50000000,1
675,375,0,375,56,14,42,0,25.00000000,1
676,315,0,315,60,18,42,0,30.00000000,1
677,225,0,225,66,26,40,0,39.39393939,1
678,225,0,225,66,28,38,0,42.42424242,1
679,243,0,243,58,36,22,0,62.06896552,1
680,225,0,225,66,22,44,0,33.33333333,1
681,375,0,375,56,28,28,0,50.00000000,1
682,225,0,225,56,20,36,0,35.71428571,1
683,189,0,189,60,16,44,0,26.66666667,1
684,375,0,375,60,28,32,0,46.66666667,1
685,225,0,225,56,22,34,0,39.28571429,1
686,189,0,189,58,20,38,0,34.48275862,1
687,375,0,375,64,24,40,0,37.50000000,1
688,135,0,135,68,26,42,0,38.23529412,1
689,225,0,225,58,26,32,0,44.82758621,1
690,135,0,135,56,20,36,0,35.71428571,1
691,225,0,225,70,28,42,0,40.00000000,1
692,225,0,225,58,26,32,0,44.82758621,1
693,225,0,225,64,22,42,0,34.37500000,1
694,135,0,135,68,32,36,0,47.05882353,1
695,225,0,225,60,22,38,0,36.66666667,1
696,225,0,225,60,24,36,0,40.00000000,1
697,225,0,225,70,28,42,0,40.00000000,1
698,375,0,375,52,22,30,0,42.30769231,1
699,225,0,225,56,20,36,0,35.71428571,1
700,375,0,375,60,20,40,0,33.33333333,1
701,225,0,225,68,28,40,0,41.17647059,1
702,297,0,297,64,26,38,0,40.62500000,1
703,225,0,225,66,26,40,0,39.39393939,1
704,243,0,243,72,22,50,0,30.55555556,1
705,225,0,225,60,22,38,0,36.66666667,1
706,243,0,243,66,20,46,0,30.30303030,1
707,135,0,135,68,36,32,0,52.94117647,1
708,225,0,225,62,30,32,0,48.38709677,1
709,135,0,135,66,28,38,0,42.42424242,1
710,225,0,225,66,28,38,0,42.42424242,1
711,225,0,225,66,24,42,0,36.36363636,1
712,375,0,375,58,24,34,0,41.37931034,1
713,135,0,135,60,22,38,0,36.66666667,1
714,225,0,225,58,20,38,0,34.48275862,1
715,243,0,243,74,32,42,0,43.24324324,1
716,225,0,225,60,26,34,0,43.33333333,1
717,315,0,315,48,22,26,0,45.83333333,1
718,105,0,105,60,30,30,0,50.00000000,1
719,375,0,375,54,18,36,0,33.33333333,1
720,225,0,225,62,28,34,0,45.16129032,1
721,525,0,525,56,26,30,0,46.42857143,1
722,225,0,225,64,26,38,0,40.62500000,1
723,375,0,375,60,26,34,0,43.33333333,1
724,135,0,135,82,46,36,0,56.09756098,1
725,105,0,105,62,18,44,0,29.03225806,1
726,135,0,135,66,26,40,0,39.39393939,1
727,225,0,225,62,18,44,0,29.03225806,1
728,135,0,135,62,18,44,0,29.03225806,1
729,225,0,225,62,26,36,0,41.93548387,1
730,225,0,225,56,16,40,0,28.57142857,1
731,225,0,225,64,28,36,0,43.75000000,1
732,243,0,243,56,24,32,0,42.85714286,1
733,135,0,135,64,22,42,0,34.37500000,1
734,81,0,81,66,0,66,0,0.00000000,1
735,135,0,135,68,32,36,0,47.05882353,1
736,375,0,375,60,26,34,0,43.33333333,1
737,375,0,375,62,30,32,0,48.38709677,1
738,225,0,225,88,46,42,0,52.27272727,1
739,315,0,315,64,20,44,0,31.25000000,1
740,375,0,375,52,22,30,0,42.30769231,1
741,315,0,315,54,26,28,0,48.14814815,1
742,147,0,147,74,18,56,0,24.32432432,1
743,225,0,225,50,26,24,0,52.00000000,1
744,225,0,225,78,24,54,0,30.76923077,1
745,375,0,375,60,22,38,0,36.66666667,1
746,135,0,135,64,24,40,0,37.50000000,1
747,225,0,225,60,18,42,0,30.00000000,1
748,315,0,315,62,18,44,0,29.03225806,1
749,225,0,225,60,24,36,0,40.00000000,1
750,225,0,225,66,26,40,0,39.39393939,1
751,189,0,189,68,26,42,0,38.23529412,1
752,189,0,189,68,28,40,0,41.17647059,1
753,375,0,375,58,22,36,0,37.93103448,1
754,225,0,225,68,26,42,0,38.23529412,1
755,225,0,225,58,24,34,0,41.37931034,1
756,189,0,189,60,26,34,0,43.33333333,1
757,243,0,243,68,26,42,0,38.23529412,1
758,243,0,243,52,26,26,0,50.00000000,1
759,175,0,175,56,10,46,0,17.85714286,1
760,225,0,225,56,22,34,0,39.28571429,1
761,297,0,297,58,20,38,0,34.48275862,1
762,315,0,315,66,20,46,0,30.30303030,1
763,375,0,375,68,26,42,0,38.23529412,1
764,225,0,225,58,28,30,0,48.27586207,1
765,81,0,81,58,18,40,0,31.03448276,1
766,225,0,225,64,20,44,0,31.25000000,1
767,189,0,189,58,28,30,0,48.27586207,1
768,135,0,135,62,28,34,0,45.16129032,1
769,441,0,441,58,20,38,0,34.48275862,1
770,225,0,225,60,26,34,0,43.33333333,1
771,225,0,225,66,22,44,0,33.33333333,1
772,135,0,135,62,22,40,0,35.48387097,1
773,225,0,225,66,24,42,0,36.36363636,1
774,147,0,147,54,14,40,0,25.92592593,1
775,105,0,105,54,30,24,0,55.55555556,1
776,135,0,135,70,28,42,0,40.00000000,1
777,225,0,225,64,22,42,0,34.37500000,1
778,135,0,135,58,20,38,0,34.48275862,1
779,405,0,405,50,24,26,0,48.00000000,1
780,315,0,315,58,24,34,0,41.37931034,1
781,315,0,315,64,18,46,0,28.12500000,1
782,375,0,375,58,20,38,0,34.48275862,1
783,375,0,375,58,24,34,0,41.37931034,1
784,189,0,189,62,22,40,0,35.48387097,1
785,125,0,125,78,22,56,0,28.20512821,1
786,189,0,189,62,26,36,0,41.93548387,1
787,375,0,375,56,22,34,0,39.28571429,1
788,99,0,99,80,20,60,0,25.00000000,1
789,147,0,147,66,32,34,0,48.48484848,1
790,243,0,243,70,30,40,0,42.85714286,1
791,225,0,225,56,22,34,0,39.28571429,1
792,225,0,225,70,28,42,0,40.00000000,1
793,225,0,225,58,28,30,0,48.27586207,1
794,135,0,135,66,26,40,0,39.39393939,1
795,375,0,375,62,20,42,0,32.25806452,1
796,375,0,375,62,22,40,0,35.48387097,1
797,225,0,225,70,26,44,0,37.14285714,1
798,135,0,135,68,24,44,0,35.29411765,1
799,375,0,375,54,16,38,0,29.62962963,1
800,315,0,315,58,20,38,0,34.48275862,1
801,81,0,81,62,34,28,0,54.83870968,1
802,189,0,189,64,26,38,0,40.62500000,1
803,243,0,243,66,26,40,0,39.39393939,1
804,225,0,225,68,24,44,0,35.29411765,1
805,225,0,225,62,26,36,0,41.93548387,1
806,375,0,375,64,28,36,0,43.75000000,1
807,225,0,225,66,22,44,0,33.33333333,1
808,135,0,135,62,22,40,0,35.48387097,1
809,225,0,225,68,28,40,0,41.17647059,1
810,135,0,135,62,26,36,0,41.93548387,1
811,225,0,225,62,26,36,0,41.93548387,1
812,225,0,225,64,22,42,0,34.37500000,1
813,375,0,375,54,14,40,0,25.92592593,1
814,125,0,125,58,28,30,0,48.27586207,1
815,315,0,315,54,24,30,0,44.44444444,1
816,225,0,225,50,18,32,0,36.00000000,1
817,225,0,225,56,22,34,0,39.28571429,1
818,243,0,243,56,16,40,0,28.57142857,1
819,225,0,225,68,22,46,0,32.35294118,1
820,225,0,225,62,24,38,0,38.70967742,1
821,135,0,135,70,26,44,0,37.14285714,1
822,405,0,405,50,10,40,0,20.00000000,1
823,225,0,225,68,20,48,0,29.41176471,1
824,175,0,175,78,36,42,0,46.15384615,1
825,315,0,315,58,20,38,0,34.48275862,1
826,375,0,375,56,24,32,0,42.85714286,1
827,567,0,567,276,70,206,0,25.36231884,1
828,243,0,243,84,20,64,0,23.80952381,1
829,225,0,225,66,26,40,0,39.39393939,1
830,225,0,225,60,28,32,0,46.66666667,1
831,175,0,175,68,16,52,0,23.52941176,1
832,225,0,225,70,24,46,0,34.28571429,1
833,175,0,175,62,28,34,0,45.16129032,1
834,375,0,375,70,30,40,0,42.85714286,1
835,225,0,225,54,16,38,0,29.62962963,1
836,135,0,135,64,24,40,0,37.50000000,1
837,189,0,189,74,32,42,0,43.24324324,1
838,225,0,225,64,22,42,0,34.37500000,1
839,375,0,375,68,30,38,0,44.11764706,1
840,225,0,225,58,18,40,0,31.03448276,1
841,105,0,105,68,16,52,0,23.52941176,1
842,225,0,225,64,30,34,0,46.87500000,1
843,117,0,117,38,0,38,0,0.00000000,1
844,171,0,171,76,42,34,0,55.26315789,1
845,135,0,135,62,28,34,0,45.16129032,1
846,375,0,375,60,22,38,0,36.66666667,1
847,315,0,315,54,26,28,0,48.14814815,1
848,189,0,189,58,22,36,0,37.93103448,1
849,315,0,315,56,18,38,0,32.14285714,1
850,343,0,343,168,40,128,0,23.80952381,1
851,405,0,405,58,20,38,0,34.48275862,1
852,225,0,225,66,26,40,0,39.39393939,1
853,225,0,225,62,26,36,0,41.93548387,1
854,135,0,135,66,26,40,0,39.39393939,1
855,405,0,405,52,26,26,0,50.00000000,1
856,225,0,225,66,26,40,0,39.39393939,1
857,375,0,375,48,26,22,0,54.16666667,1
858,225,0,225,66,26,40,0,39.39393939,1
859,405,0,405,62,18,44,0,29.03225806,1
860,375,0,375,58,20,38,0,34.48275862,1
861,225,0,225,68,28,40,0,41.17647059,1
862,315,0,315,64,26,38,0,40.62500000,1
863,135,0,135,66,22,44,0,33.33333333,1
864,135,0,135,64,26,38,0,40.62500000,1
865,225,0,225,60,20,40,0,33.33333333,1
866,315,0,315,60,32,28,0,53.33333333,1
867,297,0,297,62,28,34,0,45.16129032,1
868,135,0,135,68,32,36,0,47.05882353,1
869,225,0,225,62,24,38,0,38.70967742,1
870,125,0,125,66,34,32,0,51.51515152,1
871,375,0,375,70,22,48,0,31.42857143,1
872,225,0,225,62,24,38,0,38.70967742,1
873,375,0,375,62,24,38,0,38.70967742,1
874,315,0,315,56,26,30,0,46.42857143,1
875,375,0,375,66,32,34,0,48.48484848,1
876,225,0,225,62,18,44,0,29.03225806,1
877,135,0,135,66,28,38,0,42.42424242,1
878,225,0,225,64,26,38,0,40.62500000,1
879,117,0,117,46,22,24,0,47.82608696,1
880,225,0,225,62,24,38,0,38.70967742,1
881,135,0,135,60,28,32,0,46.66666667,1
882,189,0,189,70,26,44,0,37.14285714,1
883,225,0,225,68,30,38,0,44.11764706,1
884,315,0,315,60,26,34,0,43.33333333,1
885,225,0,225,64,24,40,0,37.50000000,1
886,315,0,315,62,18,44,0,29.03225806,1
887,375,0,375,58,24,34,0,41.37931034,1
888,375,0,375,68,28,40,0,41.17647059,1
889,135,0,135,64,22,42,0,34.37500000,1
890,69,0,69,54,0,54,0,0.00000000,1
891,405,0,405,62,12,50,0,19.35483871,1
892,225,0,225,66,26,40,0,39.39393939,1
893,243,0,243,62,26,36,0,41.93548387,1
894,135,0,135,66,28,38,0,42.42424242,1
895,315,0,315,52,14,38,0,26.92307692,1
896,375,0,375,54,28,26,0,51.85185185,1
897,105,0,105,62,20,42,0,32.25806452,1
898,225,0,225,56,30,26,0,53.57142857,1
899,525,0,525,48,28,20,0,58.33333333,1
900,189,0,189,134,40,94,0,29.85074627,1
901,375,0,375,54,18,36,0,33.33333333,1
902,225,0,225,58,22,36,0,37.93103448,1
903,135,0,135,62,24,38,0,38.70967742,1
904,225,0,225,64,28,36,0,43.75000000,1
905,135,0,135,62,24,38,0,38.70967742,1
906,225,0,225,64,24,40,0,37.50000000,1
907,225,0,225,60,22,38,0,36.66666667,1
908,375,0,375,62,20,42,0,32.25806452,1
909,225,0,225,64,18,46,0,28.12500000,1
910,189,0,189,66,26,40,0,39.39393939,1
911,375,0,375,60,26,34,0,43.33333333,1
912,91,0,91,74,20,54,0,27.02702703,1
913,225,0,225,62,22,40,0,35.48387097,1
914,135,0,135,62,24,38,0,38.70967742,1
915,135,0,135,60,26,34,0,43.33333333,1
916,375,0,375,58,22,36,0,37.93103448,1
917,105,0,105,72,32,40,0,44.44444444,1
918,225,0,225,64,16,48,0,25.00000000,1
919,135,0,135,66,22,44,0,33.33333333,1
920,315,0,315,56,22,34,0,39.28571429,1
921,175,0,175,66,16,50,0,24.24242424,1
922,225,0,225,70,26,44,0,37.14285714,1
923,225,0,225,68,24,44,0,35.29411765,1
924,315,0,315,62,26,36,0,41.93548387,1
925,315,0,315,68,32,36,0,47.05882353,1
926,165,0,165,90,28,62,0,31.11111111,1
927,99,0,99,56,30,26,0,53.57142857,1
928,189,0,189,60,20,40,0,33.33333333,1
929,225,0,225,64,22,42,0,34.37500000,1
930,243,0,243,60,18,42,0,30.00000000,1
931,105,0,105,58,14,44,0,24.13793103,1
932,225,0,225,62,26,36,0,41.93548387,1
933,225,0,225,62,24,38,0,38.70967742,1
934,225,0,225,74,26,48,0,35.13513514,1
935,125,0,125,52,10,42,0,19.23076923,1
936,135,0,135,64,20,44,0,31.25000000,1
937,189,0,189,64,26,38,0,40.62500000,1
938,225,0,225,62,20,42,0,32.25806452,1
939,225,0,225,58,24,34,0,41.37931034,1
940,225,0,225,58,22,36,0,37.93103448,1
941,189,0,189,68,22,46,0,32.35294118,1
942,225,0,225,54,24,30,0,44.44444444,1
943,189,0,189,88,42,46,0,47.72727273,1
944,225,0,225,70,28,42,0,40.00000000,1
945,225,0,225,56,16,40,0,28.57142857,1
946,225,0,225,60,18,42,0,30.00000000,1
947,225,0,225,64,24,40,0,37.50000000,1
948,135,0,135,68,24,44,0,35.29411765,1
949,375,0,375,60,24,36,0,40.00000000,1
950,189,0,189,68,24,44,0,35.29411765,1
951,375,0,375,54,24,30,0,44.44444444,1
952,165,0,165,84,40,44,0,47.61904762,1
953,189,0,189,64,26,38,0,40.62500000,1
954,225,0,225,68,32,36,0,47.05882353,1
955,225,0,225,60,24,36,0,40.00000000,1
956,315,0,315,62,22,40,0,35.48387097,1
957,315,0,315,58,22,36,0,37.93103448,1
958,243,0,243,50,12,38,0,24.00000000,1
959,375,0,375,64,22,42,0,34.37500000,1
960,125,0,125,90,26,64,0,28.88888889,1
961,225,0,225,60,22,38,0,36.66666667,1
962,375,0,375,62,18,44,0,29.03225806,1
963,189,0,189,70,26,44,0,37.14285714,1
964,225,0,225,70,28,42,0,40.00000000,1
965,243,0,243,68,22,46,0,32.35294118,1
966,225,0,225,64,24,40,0,37.50000000,1
967,135,0,135,58,20,38,0,34.48275862,1
968,225,0,225,60,26,34,0,43.33333333,1
969,125,0,125,60,32,28,0,53.33333333,1
970,405,0,405,68,28,40,0,41.17647059,1
971,375,0,375,62,22,40,0,35.48387097,1
972,225,0,225,62,20,42,0,32.25806452,1
973,315,0,315,62,20,42,0,32.25806452,1
974,225,0,225,78,34,44,0,43.58974359,1
975,375,0,375,56,20,36,0,35.71428571,1
976,225,0,225,58,28,30,0,48.27586207,1
977,225,0,225,58,22,36,0,37.93103448,1
978,105,0,105,66,18,48,0,27.27272727,1
979,225,0,225,60,24,36,0,40.00000000,1
980,225,0,225,64,28,36,0,43.75000000,1
981,375,0,375,62,26,36,0,41.93548387,1
982,225,0,225,66,20,46,0,30.30303030,1
983,225,0,225,60,26,34,0,43.33333333,1
984,119,0,119,94,0,94,0,0.00000000,1
985,189,0,189,106,24,82,0,22.64150943,1
986,315,0,315,54,16,38,0,29.62962963,1
987,225,0,225,62,22,40,0,35.48387097,1
988,225,0,225,72,26,46,0,36.11111111,1
989,225,0,225,68,28,40,0,41.17647059,1
990,315,0,315,78,22,56,0,28.20512821,1
991,225,0,225,64,22,42,0,34.37500000,1
992,225,0,225,58,18,40,0,31.03448276,1
993,135,0,135,54,8,46,0,14.81481481,1
994,135,0,135,66,24,42,0,36.36363636,1
995,225,0,225,66,32,34,0,48.48484848,1
996,147,0,147,84,40,44,0,47.61904762,1
997,315,0,315,58,20,38,0,34.48275862,1
998,125,0,125,62,32,30,0,51.61290323,1
999,315,0,315,52,18,34,0,34.61538462,1
1000,225,0,225,72,24,48,0,33.33333333,1
1001,245,0,245,78,44,34,0,56.41025641,1
1002,135,0,135,62,28,34,0,45.16129032,1
1003,189,0,189,58,20,38,0,34.48275862,1
1004,243,0,243,60,20,40,0,33.33333333,1
1005,189,0,189,62,28,34,0,45.16129032,1
1006,315,0,315,62,22,40,0,35.48387097,1
1007,105,0,105,64,18,46,0,28.12500000,1
1008,225,0,225,64,20,44,0,31.25000000,1
1009,135,0,135,68,16,52,0,23.52941176,1
1010,225,0,225,56,20,36,0,35.71428571,1
1011,225,0,225,66,20,46,0,30.30303030,1
1012,225,0,225,56,26,30,0,46.42857143,1
1013,105,0,105,58,14,44,0,24.13793103,1
1014,165,0,165,62,36,26,0,58.06451613,1
1015,189,0,189,64,22,42,0,34.37500000,1
1016,375,0,375,70,22,48,0,31.42857143,1
1017,375,0,375,54,26,28,0,48.14814815,1
1018,225,0,225,54,22,32,0,40.74074074,1
1019,225,0,225,64,22,42,0,34.37500000,1
1020,175,0,175,64,14,50,0,21.87500000,1
1021,135,0,135,60,26,34,0,43.33333333,1
1022,375,0,375,62,24,38,0,38.70967742,1
1023,135,0,135,76,40,36,0,52.63157895,1
1024,225,0,225,70,30,40,0,42.85714286,1
1025,315,0,315,66,24,42,0,36.36363636,1
1026,65,0,65,46,12,34,0,26.08695652,1
1027,225,0,225,66,22,44,0,33.33333333,1
1028,189,0,189,62,24,38,0,38.70967742,1
1029,175,0,175,56,32,24,0,57.14285714,1
1030,375,0,375,50,24,26,0,48.00000000,1
1031,315,0,315,56,22,34,0,39.28571429,1
1032,135,0,135,62,20,42,0,32.25806452,1
1033,375,0,375,62,22,40,0,35.48387097,1
1034,225,0,225,58,26,32,0,44.82758621,1
1035,225,0,225,60,26,34,0,43.33333333,1
1036,189,0,189,70,22,48,0,31.42857143,1
1037,225,0,225,56,22,34,0,39.28571429,1
1038,225,0,225,62,28,34,0,45.16129032,1
1039,135,0,135,60,24,36,0,40.00000000,1
1040,441,0,441,56,16,40,0,28.57142857,1
1041,189,0,189,68,24,44,0,35.29411765,1
1042,225,0,225,62,24,38,0,38.70967742,1
1043,225,0,225,58,20,38,0,34.48275862,1
1044,315,0,315,56,16,40,0,28.57142857,1
1045,135,0,135,60,24,36,0,40.00000000,1
1046,175,0,175,78,20,58,0,25.64102564,1
1047,225,0,225,60,16,44,0,26.66666667,1
1048,135,0,135,68,24,44,0,35.29411765,1
1049,375,0,375,58,22,36,0,37.93103448,1
1050,189,0,189,64,26,38,0,40.62500000,1
1051,315,0,315,58,26,32,0,44.82758621,1
1052,375,0,375,60,28,32,0,46.66666667,1
1053,315,0,315,66,28,38,0,42.42424242,1
1054,189,0,189,70,28,42,0,40.00000000,1
1055,375,0,375,56,22,34,0,39.28571429,1
1056,315,0,315,64,32,32,0,50.00000000,1
1057,225,0,225,60,30,30,0,50.00000000,1
1058,225,0,225,62,22,40,0,35.48387097,1
1059,225,0,225,68,26,42,0,38.23529412,1
1060,189,0,189,62,26,36,0,41.93548387,1
1061,175,0,175,58,14,44,0,24.13793103,1
1062,225,0,225,62,20,42,0,32.25806452,1
1063,135,0,135,66,28,38,0,42.42424242,1
1064,105,0,105,62,34,28,0,54.83870968,1
1065,375,0,375,58,14,44,0,24.13793103,1
1066,225,0,225,66,26,40,0,39.39393939,1
1067,225,0,225,60,22,38,0,36.66666667,1
1068,135,0,135,62,24,38,0,38.70967742,1
1069,135,0,135,60,16,44,0,26.66666667,1
1070,225,0,225,68,28,40,0,41.17647059,1
1071,225,0,225,70,28,42,0,40.00000000,1
1072,135,0,135,66,22,44,0,33.33333333,1
1073,225,0,225,56,26,30,0,46.42857143,1
1074,225,0,225,62,24,38,0,38.70967742,1
1075,225,0,225,64,26,38,0,40.62500000,1
1076,225,0,225,66,24,42,0,36.36363636,1
1077,225,0,225,60,28,32,0,46.66666667,1
1078,225,0,225,58,14,44,0,24.13793103,1
1079,375,0,375,54,18,36,0,33.33333333,1
1080,105,0,105,56,26,30,0,46.42857143,1
1081,51,0,51,46,8,38,0,17.39130435,1
1082,225,0,225,52,16,36,0,30.76923077,1
1083,225,0,225,58,24,34,0,41.37931034,1
1084,225,0,225,70,22,48,0,31.42857143,1
1085,375,0,375,58,24,34,0,41.37931034,1
1086,225,0,225,66,22,44,0,33.33333333,1
1087,75,0,75,48,8,40,0,16.66666667,1
1088,225,0,225,64,26,38,0,40.62500000,1
1089,315,0,315,60,20,40,0,33.33333333,1
1090,243,0,243,54,20,34,0,37.03703704,1
1091,189,0,189,70,30,40,0,42.85714286,1
1092,225,0,225,64,26,38,0,40.62500000,1
1093,225,0,225,68,32,36,0,47.05882353,1
1094,225,0,225,62,22,40,0,35.48387097,1
1095,375,0,375,62,22,40,0,35.48387097,1
1096,75,0,75,60,14,46,0,23.33333333,1
1097,105,0,105,80,46,34,0,57.50000000,1
1098,225,0,225,64,24,40,0,37.50000000,1
1099,225,0,225,58,24,34,0,41.37931034,1
1100,225,0,225,70,28,42,0,40.00000000,1
1101,225,0,225,68,22,46,0,32.35294118,1
1102,243,0,243,54,26,28,0,48.14814815,1
1103,315,0,315,58,24,34,0,41.37931034,1
1104,225,0,225,54,18,36,0,33.33333333,1
1105,135,0,135,50,8,42,0,16.00000000,1
1106,375,0,375,64,20,44,0,31.25000000,1
1107,315,0,315,60,16,44,0,26.66666667,1
1108,225,0,225,60,24,36,0,40.00000000,1
1109,225,0,225,64,22,42,0,34.37500000,1
1110,125,0,125,70,16,54,0,22.85714286,1
1111,225,0,225,66,26,40,0,39.39393939,1
1112,441,0,441,54,22,32,0,40.74074074,1
1113,135,0,135,88,48,40,0,54.54545455,1
1114,117,0,117,60,30,30,0,50.00000000,1
1115,405,0,405,60,14,46,0,23.33333333,1
1116,625,0,625,58,24,34,0,41.37931034,1
1117,189,0,189,60,24,36,0,40.00000000,1
1118,225,0,225,64,26,38,0,40.62500000,1
1119,225,0,225,66,26,40,0,39.39393939,1
1120,225,0,225,66,26,40,0,39.39393939,1
1121,175,0,175,54,12,42,0,22.22222222,1
1122,225,0,225,56,18,38,0,32.14285714,1
1123,189,0,189,66,26,40,0,39.39393939,1
1124,315,0,315,66,20,46,0,30.30303030,1
1125,225,0,225,60,16,44,0,26.66666667,1
1126,225,0,225,66,20,46,0,30.30303030,1
1127,135,0,135,68,26,42,0,38.23529412,1
1128,225,0,225,64,22,42,0,34.37500000,1
1129,135,0,135,64,24,40,0,37.50000000,1
1130,99,0,99,62,34,28,0,54.83870968,1
1131,375,0,375,52,26,26,0,50.00000000,1
1132,77,0,77,50,26,24,0,52.00000000,1
1133,225,0,225,54,12,42,0,22.22222222,1
1134,189,0,189,60,24,36,0,40.00000000,1
1135,105,0,105,60,18,42,0,30.00000000,1
1136,375,0,375,54,20,34,0,37.03703704,1
1137,375,0,375,56,22,34,0,39.28571429,1
1138,225,0,225,62,30,32,0,48.38709677,1
1139,225,0,225,52,14,38,0,26.92307692,1
1140,125,0,125,66,16,50,0,24.24242424,1
1141,135,0,135,60,20,40,0,33.33333333,1
1142,225,0,225,60,24,36,0,40.00000000,1
1143,375,0,375,64,22,42,0,34.37500000,1
1144,135,0,135,66,26,40,0,39.39393939,1
1145,175,0,175,78,20,58,0,25.64102564,1
1146,225,0,225,64,24,40,0,37.50000000,1
1147,225,0,225,68,26,42,0,38.23529412,1
1148,225,0,225,64,22,42,0,34.37500000,1
1149,225,0,225,60,20,40,0,33.33333333,1
1150,225,0,225,58,24,34,0,41.37931034,1
1151,375,0,375,60,18,42,0,30.00000000,1
1152,189,0,189,68,36,32,0,52.94117647,1
1153,135,0,135,62,26,36,0,41.93548387,1
1154,225,0,225,58,22,36,0,37.93103448,1
1155,375,0,375,64,26,38,0,40.62500000,1
1156,105,0,105,56,28,28,0,50.00000000,1
1157,375,0,375,66,30,36,0,45.45454545,1
1158,243,0,243,72,30,42,0,41.66666667,1
1159,225,0,225,66,28,38,0,42.42424242,1
1160,225,0,225,68,32,36,0,47.05882353,1
1161,375,0,375,68,24,44,0,35.29411765,1
1162,375,0,375,64,28,36,0,43.75000000,1
1163,225,0,225,66,26,40,0,39.39393939,1
1164,225,0,225,56,22,34,0,39.28571429,1
1165,225,0,225,64,22,42,0,34.37500000,1
1166,225,0,225,60,22,38,0,36.66666667,1
1167,225,0,225,54,18,36,0,33.33333333,1
1168,189,0,189,64,22,42,0,34.37500000,1
1169,135,0,135,68,26,42,0,38.23529412,1
1170,375,0,375,58,26,32,0,44.82758621,1
1171,225,0,225,66,26,40,0,39.39393939,1
1172,189,0,189,64,22,42,0,34.37500000,1
1173,225,0,225,56,22,34,0,39.28571429,1
1174,225,0,225,96,24,72,0,25.00000000,1
1175,135,0,135,56,26,30,0,46.42857143,1
1176,225,0,225,60,22,38,0,36.66666667,1
1177,225,0,225,68,24,44,0,35.29411765,1
1178,225,0,225,64,22,42,0,34.37500000,1
1179,225,0,225,62,22,40,0,35.48387097,1
1180,135,0,135,62,28,34,0,45.16129032,1
1181,375,0,375,66,24,42,0,36.36363636,1
1182,81,0,81,44,14,30,0,31.81818182,1
1183,189,0,189,66,26,40,0,39.39393939,1
1184,375,0,375,64,22,42,0,34.37500000,1
1185,63,0,63,52,14,38,0,26.92307692,1
1186,375,0,375,66,32,34,0,48.48484848,1
1187,105,0,105,52,22,30,0,42.30769231,1
1188,315,0,315,90,32,58,0,35.55555556,1
1189,375,0,375,54,26,28,0,48.14814815,1
1190,225,0,225,62,24,38,0,38.70967742,1
1191,315,0,315,64,26,38,0,40.62500000,1
1192,243,0,243,52,16,36,0,30.76923077,1
1193,375,0,375,62,30,32,0,48.38709677,1
1194,225,0,225,66,28,38,0,42.42424242,1
1195,225,0,225,66,26,40,0,39.39393939,1
1196,225,0,225,58,22,36,0,37.93103448,1
1197,189,0,189,68,26,42,0,38.23529412,1
1198,375,0,375,62,24,38,0,38.70967742,1
1199,189,0,189,68,26,42,0,38.23529412,1
1200,189,0,189,64,22,42,0,34.37500000,1
1201,165,0,165,74,36,38,0,48.64864865,1
1202,225,0,225,56,16,40,0,28.57142857,1
1203,189,0,189,60,16,44,0,26.66666667,1
1204,135,0,135,70,34,36,0,48.57142857,1
1205,135,0,135,62,16,46,0,25.80645161,1
1206,315,0,315,58,16,42,0,27.58620690,1
1207,375,0,375,62,30,32,0,48.38709677,1
1208,225,0,225,66,22,44,0,33.33333333,1
1209,225,0,225,58,22,36,0,37.93103448,1
1210,135,0,135,66,28,38,0,42.42424242,1
1211,315,0,315,72,22,50,0,30.55555556,1
1212,135,0,135,68,26,42,0,38.23529412,1
1213,225,0,225,66,30,36,0,45.45454545,1
1214,525,0,525,48,12,36,0,25.00000000,1
1215,375,0,375,54,24,30,0,44.44444444,1
1216,225,0,225,64,20,44,0,31.25000000,1
1217,225,0,225,64,24,40,0,37.50000000,1
1218,189,0,189,66,26,40,0,39.39393939,1
1219,189,0,189,72,26,46,0,36.11111111,1
1220,315,0,315,54,22,32,0,40.74074074,1
1221,315,0,315,60,16,44,0,26.66666667,1
1222,189,0,189,68,26,42,0,38.23529412,1
1223,225,0,225,64,22,42,0,34.37500000,1
1224,225,0,225,64,22,42,0,34.37500000,1
1225,125,0,125,48,14,34,0,29.16666667,1
1226,225,0,225,70,30,40,0,42.85714286,1
1227,135,0,135,108,28,80,0,25.92592593,1
1228,375,0,375,62,26,36,0,41.93548387,1
1229,363,0,363,164,88,76,0,53.65853659,1
1230,375,0,375,64,22,42,0,34.37500000,1
1231,375,0,375,64,28,36,0,43.75000000,1
1232,315,0,315,58,26,32,0,44.82758621,1
1233,225,0,225,68,26,42,0,38.23529412,1
1234,225,0,225,62,32,30,0,51.61290323,1
1235,375,0,375,68,22,46,0,32.35294118,1
1236,225,0,225,66,22,44,0,33.33333333,1
1237,243,0,243,68,32,36,0,47.05882353,1
1238,147,0,147,74,16,58,0,21.62162162,1
1239,243,0,243,66,24,42,0,36.36363636,1
1240,375,0,375,66,26,40,0,39.39393939,1
1241,225,0,225,62,22,40,0,35.48387097,1
1242,315,0,315,58,20,38,0,34.48275862,1
1243,375,0,375,68,28,40,0,41.17647059,1
1244,375,0,375,62,18,44,0,29.03225806,1
1245,225,0,225,62,24,38,0,38.70967742,1
1246,225,0,225,54,14,40,0,25.92592593,1
1247,375,0,375,64,26,38,0,40.62500000,1
1248,225,0,225,66,18,48,0,27.27272727,1
1249,441,0,441,42,16,26,0,38.09523810,1
1250,225,0,225,60,22,38,0,36.66666667,1
1251,441,0,441,178,44,134,0,24.71910112,1
1252,315,0,315,64,20,44,0,31.25000000,1
1253,135,0,135,70,26,44,0,37.14285714,1
1254,375,0,375,52,20,32,0,38.46153846,1
1255,375,0,375,62,28,34,0,45.16129032,1
1256,135,0,135,62,24,38,0,38.70967742,1
1257,135,0,135,64,26,38,0,40.62500000,1
1258,225,0,225,64,24,40,0,37.50000000,1
1259,225,0,225,70,28,42,0,40.00000000,1
1260,225,0,225,68,28,40,0,41.17647059,1
1261,297,0,297,68,36,32,0,52.94117647,1
1262,189,0,189,64,30,34,0,46.87500000,1
1263,375,0,375,62,28,34,0,45.16129032,1
1264,175,0,175,74,20,54,0,27.02702703,1
1265,243,0,243,56,20,36,0,35.71428571,1
1266,225,0,225,64,24,40,0,37.50000000,1
1267,189,0,189,64,26,38,0,40.62500000,1
1268,105,0,105,60,14,46,0,23.33333333,1
1269,315,0,315,58,22,36,0,37.93103448,1
1270,225,0,225,64,26,38,0,40.62500000,1
1271,225,0,225,66,22,44,0,33.33333333,1
1272,375,0,375,64,24,40,0,37.50000000,1
1273,135,0,135,62,36,26,0,58.06451613,1
1274,225,0,225,66,22,44,0,33.33333333,1
1275,315,0,315,60,22,38,0,36.66666667,1
1276,135,0,135,60,24,36,0,40.00000000,1
1277,245,0,245,88,44,44,0,50.00000000,1
1278,315,0,315,70,32,38,0,45.71428571,1
1279,225,0,225,62,22,40,0,35.48387097,1
1280,243,0,243,64,20,44,0,31.25000000,1
1281,525,0,525,56,16,40,0,28.57142857,1
1282,375,0,375,66,30,36,0,45.45454545,1
1283,225,0,225,66,26,40,0,39.39393939,1
1284,189,0,189,56,8,48,0,14.28571429,1
1285,225,0,225,68,20,48,0,29.41176471,1
1286,225,0,225,68,28,40,0,41.17647059,1
1287,441,0,441,50,26,24,0,52.00000000,1
1288,243,0,243,58,16,42,0,27.58620690,1
1289,225,0,225,70,26,44,0,37.14285714,1
1290,225,0,225,58,26,32,0,44.82758621,1
1291,135,0,135,74,16,58,0,21.62162162,1
1292,375,0,375,62,24,38,0,38.70967742,1
1293,315,0,315,60,30,30,0,50.00000000,1
1294,225,0,225,62,20,42,0,32.25806452,1
1295,175,0,175,56,12,44,0,21.42857143,1
1296,225,0,225,62,22,40,0,35.48387097,1
1297,225,0,225,68,28,40,0,41.17647059,1
1298,441,0,441,64,20,44,0,31.25000000,1
1299,375,0,375,66,28,38,0,42.42424242,1
1300,225,0,225,60,20,40,0,33.33333333,1
1301,315,0,315,56,30,26,0,53.57142857,1
1302,375,0,375,60,22,38,0,36.66666667,1
1303,105,0,105,60,12,48,0,20.00000000,1
1304,375,0,375,54,18,36,0,33.33333333,1
1305,315,0,315,54,16,38,0,29.62962963,1
1306,225,0,225,58,20,38,0,34.48275862,1
1307,225,0,225,54,24,30,0,44.44444444,1
1308,135,0,135,66,24,42,0,36.36363636,1
1309,225,0,225,62,20,42,0,32.25806452,1
1310,75,0,75,58,14,44,0,24.13793103,1
1311,189,0,189,58,26,32,0,44.82758621,1
1312,225,0,225,66,20,46,0,30.30303030,1
1313,375,0,375,62,24,38,0,38.70967742,1
1314,375,0,375,56,32,24,0,57.14285714,1
1315,225,0,225,60,18,42,0,30.00000000,1
1316,225,0,225,56,22,34,0,39.28571429,1
1317,225,0,225,62,24,38,0,38.70967742,1
1318,315,0,315,58,28,30,0,48.27586207,1
1319,77,0,77,62,16,46,0,25.80645161,1
1320,189,0,189,46,14,32,0,30.43478261,1
1321,243,0,243,68,34,34,0,50.00000000,1
1322,135,0,135,54,12,42,0,22.22222222,1
1323,315,0,315,52,26,26,0,50.00000000,1
1324,135,0,135,66,18,48,0,27.27272727,1
1325,105,0,105,62,16,46,0,25.80645161,1
1326,245,0,245,134,38,96,0,28.35820896,1
1327,189,0,189,60,22,38,0,36.66666667,1
1328,375,0,375,66,22,44,0,33.33333333,1
1329,315,0,315,70,28,42,0,40.00000000,1
1330,175,0,175,62,30,32,0,48.38709677,1
1331,225,0,225,56,26,30,0,46.42857143,1
1332,225,0,225,52,22,30,0,42.30769231,1
1333,135,0,135,60,26,34,0,43.33333333,1
1334,189,0,189,62,26,36,0,41.93548387,1
1335,135,0,135,66,28,38,0,42.42424242,1
1336,225,0,225,62,26,36,0,41.93548387,1
1337,315,0,315,56,12,44,0,21.42857143,1
1338,147,0,147,80,40,40,0,50.00000000,1
1339,225,0,225,60,20,40,0,33.33333333,1
1340,375,0,375,70,24,46,0,34.28571429,1
1341,375,0,375,66,30,36,0,45.45454545,1
1342,135,0,135,68,26,42,0,38.23529412,1
1343,315,0,315,72,26,46,0,36.11111111,1
1344,189,0,189,72,28,44,0,38.88888889,1
1345,189,0,189,60,30,30,0,50.00000000,1
1346,225,0,225,62,22,40,0,35.48387097,1
1347,297,0,297,64,20,44,0,31.25000000,1
1348,375,0,375,64,28,36,0,43.75000000,1
1349,375,0,375,156,80,76,0,51.28205128,1
1350,117,0,117,84,16,68,0,19.04761905,1
1351,375,0,375,52,24,28,0,46.15384615,1
1352,135,0,135,64,22,42,0,34.37500000,1
1353,375,0,375,64,26,38,0,40.62500000,1
1354,315,0,315,62,16,46,0,25.80645161,1
1355,375,0,375,62,18,44,0,29.03225806,1
1356,189,0,189,62,26,36,0,41.93548387,1
1357,225,0,225,64,24,40,0,37.50000000,1
1358,375,0,375,56,24,32,0,42.85714286,1
1359,135,0,135,68,26,42,0,38.23529412,1
1360,243,0,243,58,16,42,0,27.58620690,1
1361,225,0,225,60,20,40,0,33.33333333,1
1362,225,0,225,68,28,40,0,41.17647059,1
1363,375,0,375,60,20,40,0,33.33333333,1
1364,225,0,225,62,22,40,0,35.48387097,1
1365,225,0,225,70,28,42,0,40.00000000,1
1366,189,0,189,62,22,40,0,35.48387097,1
1367,135,0,135,64,26,38,0,40.62500000,1
1368,225,0,225,66,24,42,0,36.36363636,1
1369,225,0,225,60,18,42,0,30.00000000,1
1370,225,0,225,66,26,40,0,39.39393939,1
1371,105,0,105,58,14,44,0,24.13793103,1
1372,147,0,147,58,28,30,0,48.27586207,1
1373,225,0,225,64,30,34,0,46.87500000,1
1374,225,0,225,58,24,34,0,41.37931034,1
1375,135,0,135,66,26,40,0,39.39393939,1
1376,225,0,225,118,30,88,0,25.42372881,1
1377,225,0,225,62,26,36,0,41.93548387,1
1378,225,0,225,68,22,46,0,32.35294118,1
1379,225,0,225,62,22,40,0,35.48387097,1
1380,125,0,125,66,36,30,0,54.54545455,1
1381,135,0,135,62,28,34,0,45.16129032,1
1382,225,0,225,122,34,88,0,27.86885246,1
1383,315,0,315,48,26,22,0,54.16666667,1
1384,375,0,375,64,28,36,0,43.75000000,1
1385,225,0,225,56,16,40,0,28.57142857,1
1386,225,0,225,58,22,36,0,37.93103448,1
1387,99,0,99,56,34,22,0,60.71428571,1
1388,243,0,243,76,26,50,0,34.21052632,1
1389,375,0,375,62,24,38,0,38.70967742,1
1390,225,0,225,66,26,40,0,39.39393939,1
1391,225,0,225,66,30,36,0,45.45454545,1
1392,225,0,225,66,20,46,0,30.30303030,1
1393,225,0,225,54,16,38,0,29.62962963,1
1394,105,0,105,56,26,30,0,46.42857143,1
1395,225,0,225,64,22,42,0,34.37500000,1
1396,135,0,135,66,16,50,0,24.24242424,1
1397,105,0,105,62,18,44,0,29.03225806,1
1398,375,0,375,60,22,38,0,36.66666667,1
1399,375,0,375,60,22,38,0,36.66666667,1
1400,225,0,225,68,30,38,0,44.11764706,1
1401,315,0,315,68,24,44,0,35.29411765,1
1402,225,0,225,56,16,40,0,28.57142857,1
1403,225,0,225,62,20,42,0,32.25806452,1
1404,225,0,225,74,26,48,0,35.13513514,1
1405,225,0,225,60,22,38,0,36.66666667,1
1406,225,0,225,68,32,36,0,47.05882353,1
1407,135,0,135,64,24,40,0,37.50000000,1
1408,225,0,225,60,20,40,0,33.33333333,1
1409,225,0,225,104,26,78,0,25.00000000,1
1410,135,0,135,66,24,42,0,36.36363636,1
1411,225,0,225,64,24,40,0,37.50000000,1
1412,243,0,243,64,20,44,0,31.25000000,1
1413,375,0,375,52,14,38,0,26.92307692,1
1414,225,0,225,56,28,28,0,50.00000000,1
1415,225,0,225,62,18,44,0,29.03225806,1
1416,105,0,105,70,40,30,0,57.14285714,1
1417,135,0,135,68,36,32,0,52.94117647,1
1418,243,0,243,70,28,42,0,40.00000000,1
1419,105,0,105,58,30,28,0,51.72413793,1
1420,225,0,225,62,28,34,0,45.16129032,1
1421,105,0,105,60,16,44,0,26.66666667,1
1422,225,0,225,68,24,44,0,35.29411765,1
1423,189,0,189,102,54,48,0,52.94117647,1
1424,189,0,189,68,28,40,0,41.17647059,1
1425,225,0,225,60,22,38,0,36.66666667,1
1426,189,0,189,62,16,46,0,25.80645161,1
1427,225,0,225,56,18,38,0,32.14285714,1
1428,375,0,375,62,30,32,0,48.38709677,1
1429,225,0,225,52,24,28,0,46.15384615,1
1430,375,0,375,68,22,46,0,32.35294118,1
1431,225,0,225,72,30,42,0,41.66666667,1
1432,225,0,225,66,26,40,0,39.39393939,1
1433,225,0,225,58,22,36,0,37.93103448,1
1434,171,0,171,50,4,46,0,8.00000000,1
1435,375,0,375,60,26,34,0,43.33333333,1
1436,135,0,135,68,24,44,0,35.29411765,1
1437,135,0,135,62,24,38,0,38.70967742,1
1438,105,0,105,62,18,44,0,29.03225806,1
1439,225,0,225,58,26,32,0,44.82758621,1
1440,135,0,135,66,22,44,0,33.33333333,1
1441,125,0,125,58,28,30,0,48.27586207,1
1442,225,0,225,58,22,36,0,37.93103448,1
1443,105,0,105,52,12,40,0,23.07692308,1
1444,375,0,375,62,24,38,0,38.70967742,1
1445,225,0,225,64,28,36,0,43.75000000,1
1446,225,0,225,62,22,40,0,35.48387097,1
1447,189,0,189,70,28,42,0,40.00000000,1
1448,225,0,225,58,24,34,0,41.37931034,1
1449,225,0,225,58,18,40,0,31.03448276,1
1450,225,0,225,64,26,38,0,40.62500000,1
1451,225,0,225,50,10,40,0,20.00000000,1
1452,351,0,351,56,14,42,0,25.00000000,1
1453,135,0,135,66,26,40,0,39.39393939,1
1454,135,0,135,68,22,46,0,32.35294118,1
1455,225,0,225,60,22,38,0,36.66666667,1
1456,189,0,189,60,24,36,0,40.00000000,1
1457,135,0,135,64,24,40,0,37.50000000,1
1458,225,0,225,60,22,38,0,36.66666667,1
1459,225,0,225,64,26,38,0,40.62500000,1
1460,135,0,135,64,20,44,0,31.25000000,1
1461,147,0,147,96,50,46,0,52.08333333,1
1462,175,0,175,58,28,30,0,48.27586207,1
1463,225,0,225,62,18,44,0,29.03225806,1
1464,225,0,225,66,28,38,0,42.42424242,1
1465,225,0,225,62,18,44,0,29.03225806,1
1466,297,0,297,50,22,28,0,44.00000000,1
1467,225,0,225,72,28,44,0,38.88888889,1
1468,375,0,375,54,18,36,0,33.33333333,1
1469,189,0,189,66,30,36,0,45.45454545,1
1470,225,0,225,62,22,40,0,35.48387097,1
1471,315,0,315,58,28,30,0,48.27586207,1
1472,225,0,225,64,26,38,0,40.62500000,1
1473,189,0,189,62,18,44,0,29.03225806,1
1474,225,0,225,70,26,44,0,37.14285714,1
1475,81,0,81,52,10,42,0,19.23076923,1
1476,315,0,315,64,26,38,0,40.62500000,1
1477,385,0,385,124,26,98,0,20.96774194,1
1478,189,0,189,60,20,40,0,33.33333333,1
1479,225,0,225,66,20,46,0,30.30303030,1
1480,147,0,147,64,16,48,0,25.00000000,1
1481,105,0,105,60,28,32,0,46.66666667,1
1482,225,0,225,60,24,36,0,40.00000000,1
1483,225,0,225,72,20,52,0,27.77777778,1
1484,225,0,225,60,30,30,0,50.00000000,1
1485,225,0,225,66,28,38,0,42.42424242,1
1486,225,0,225,54,18,36,0,33.33333333,1
1487,225,0,225,66,20,46,0,30.30303030,1
1488,297,0,297,62,36,26,0,58.06451613,1
1489,175,0,175,74,20,54,0,27.02702703,1
1490,135,0,135,66,24,42,0,36.36363636,1
1491,135,0,135,56,22,34,0,39.28571429,1
1492,189,0,189,70,28,42,0,40.00000000,1
1493,175,0,175,76,16,60,0,21.05263158,1
1494,243,0,243,52,14,38,0,26.92307692,1
1495,315,0,315,58,16,42,0,27.58620690,1
1496,105,0,105,64,14,50,0,21.87500000,1
1497,375,0,375,58,22,36,0,37.93103448,1
1498,135,0,135,58,18,40,0,31.03448276,1
1499,105,0,105,60,32,28,0,53.33333333,1
1500,225,0,225,52,12,40,0,23.07692308,1
1501,375,0,375,68,26,42,0,38.23529412,1
1502,99,0,99,72,0,72,0,0.00000000,1
1503,405,0,405,56,28,28,0,50.00000000,1
1504,135,0,135,62,22,40,0,35.48387097,1
1505,315,0,315,60,18,42,0,30.00000000,1
1506,81,0,81,56,34,22,0,60.71428571,1
1507,225,0,225,64,22,42,0,34.37500000,1
1508,105,0,105,60,28,32,0,46.66666667,1
1509,135,0,135,58,22,36,0,37.93103448,1
1510,105,0,105,60,32,28,0,53.33333333,1
1511,315,0,315,64,26,38,0,40.62500000,1
1512,135,0,135,66,24,42,0,36.36363636,1
1513,225,0,225,64,22,42,0,34.37500000,1
1514,135,0,135,62,26,36,0,41.93548387,1
1515,315,0,315,56,18,38,0,32.14285714,1
1516,225,0,225,64,24,40,0,37.50000000,1
1517,135,0,135,62,22,40,0,35.48387097,1
1518,375,0,375,58,18,40,0,31.03448276,1
1519,175,0,175,54,12,42,0,22.22222222,1
1520,225,0,225,62,30,32,0,48.38709677,1
1521,375,0,375,58,18,40,0,31.03448276,1
1522,225,0,225,64,28,36,0,43.75000000,1
1523,225,0,225,66,28,38,0,42.42424242,1
1524,175,0,175,78,16,62,0,20.51282051,1
1525,175,0,175,68,36,32,0,52.94117647,1
1526,375,0,375,52,14,38,0,26.92307692,1
1527,135,0,135,68,26,42,0,38.23529412,1
1528,225,0,225,64,22,42,0,34.37500000,1
1529,225,0,225,72,24,48,0,33.33333333,1
1530,225,0,225,66,22,44,0,33.33333333,1
1531,315,0,315,66,24,42,0,36.36363636,1
1532,135,0,135,58,14,44,0,24.13793103,1
1533,189,0,189,64,28,36,0,43.75000000,1
1534,189,0,189,64,20,44,0,31.25000000,1
1535,189,0,189,60,22,38,0,36.66666667,1
1536,225,0,225,62,22,40,0,35.48387097,1
1537,189,0,189,64,22,42,0,34.37500000,1
1538,375,0,375,56,20,36,0,35.71428571,1
1539,189,0,189,68,30,38,0,44.11764706,1
1540,189,0,189,56,28,28,0,50.00000000,1
1541,225,0,225,62,20,42,0,32.25806452,1
1542,189,0,189,78,18,60,0,23.07692308,1
1543,375,0,375,60,16,44,0,26.66666667,1
1544,225,0,225,56,24,32,0,42.85714286,1
1545,225,0,225,58,24,34,0,41.37931034,1
1546,225,0,225,58,22,36,0,37.93103448,1
1547,135,0,135,60,18,42,0,30.00000000,1
1548,315,0,315,50,24,26,0,48.00000000,1
1549,105,0,105,58,16,42,0,27.58620690,1
1550,225,0,225,64,28,36,0,43.75000000,1
1551,225,0,225,50,14,36,0,28.00000000,1
1552,175,0,175,82,42,40,0,51.21951220,1
1553,225,0,225,60,30,30,0,50.00000000,1
1554,245,0,245,88,24,64,0,27.27272727,1
1555,225,0,225,64,24,40,0,37.50000000,1
1556,315,0,315,70,30,40,0,42.85714286,1
1557,175,0,175,90,48,42,0,53.33333333,1
1558,225,0,225,68,22,46,0,32.35294118,1
1559,135,0,135,60,24,36,0,40.00000000,1
1560,315,0,315,64,20,44,0,31.25000000,1
1561,315,0,315,68,28,40,0,41.17647059,1
1562,225,0,225,58,20,38,0,34.48275862,1
1563,225,0,225,62,28,34,0,45.16129032,1
1564,315,0,315,62,26,36,0,41.93548387,1
1565,225,0,225,60,24,36,0,40.00000000,1
1566,315,0,315,66,28,38,0,42.42424242,1
1567,225,0,225,66,20,46,0,30.30303030,1
1568,225,0,225,58,24,34,0,41.37931034,1
1569,225,0,225,68,26,42,0,38.23529412,1
1570,225,0,225,64,28,36,0,43.75000000,1
1571,225,0,225,58,22,36,0,37.93103448,1
1572,175,0,175,56,32,24,0,57.14285714,1
1573,315,0,315,54,16,38,0,29.62962963,1
1574,135,0,135,66,22,44,0,33.33333333,1
1575,135,0,135,68,32,36,0,47.05882353,1
1576,225,0,225,62,22,40,0,35.48387097,1
1577,225,0,225,64,24,40,0,37.50000000,1
1578,225,0,225,60,18,42,0,30.00000000,1
1579,225,0,225,60,24,36,0,40.00000000,1
1580,315,0,315,56,18,38,0,32.14285714,1
1581,225,0,225,72,30,42,0,41.66666667,1
1582,225,0,225,60,24,36,0,40.00000000,1
1583,225,0,225,64,22,42,0,34.37500000,1
1584,315,0,315,56,28,28,0,50.00000000,1
1585,375,0,375,56,26,30,0,46.42857143,1
1586,375,0,375,54,18,36,0,33.33333333,1
1587,225,0,225,64,28,36,0,43.75000000,1
1588,225,0,225,60,24,36,0,40.00000000,1
1589,225,0,225,62,22,40,0,35.48387097,1
1590,315,0,315,62,20,42,0,32.25806452,1
1591,375,0,375,66,22,44,0,33.33333333,1
1592,225,0,225,60,20,40,0,33.33333333,1
1593,315,0,315,60,14,46,0,23.33333333,1
1594,135,0,135,62,28,34,0,45.16129032,1
1595,225,0,225,58,28,30,0,48.27586207,1
1596,315,0,315,68,30,38,0,44.11764706,1
1597,225,0,225,60,20,40,0,33.33333333,1
1598,81,0,81,56,12,44,0,21.42857143,1
1599,105,0,105,58,14,44,0,24.13793103,1
1600,135,0,135,64,28,36,0,43.75000000,1
1601,225,0,225,62,28,34,0,45.16129032,1
1602,135,0,135,56,16,40,0,28.57142857,1
1603,125,0,125,54,12,42,0,22.22222222,1
1604,225,0,225,64,26,38,0,40.62500000,1
1605,125,0,125,54,28,26,0,51.85185185,1
1606,225,0,225,64,26,38,0,40.62500000,1
1607,189,0,189,64,30,34,0,46.87500000,1
1608,225,0,225,66,26,40,0,39.39393939,1
1609,225,0,225,66,24,42,0,36.36363636,1
1610,189,0,189,64,24,40,0,37.50000000,1
1611,225,0,225,66,26,40,0,39.39393939,1
1612,225,0,225,66,24,42,0,36.36363636,1
1613,105,0,105,48,12,36,0,25.00000000,1
1614,135,0,135,66,30,36,0,45.45454545,1
1615,225,0,225,62,26,36,0,41.93548387,1
1616,175,0,175,82,20,62,0,24.39024390,1
1617,375,0,375,54,30,24,0,55.55555556,1
1618,225,0,225,62,28,34,0,45.16129032,1
1619,81,0,81,60,38,22,0,63.33333333,1
1620,175,0,175,82,20,62,0,24.39024390,1
1621,315,0,315,174,94,80,0,54.02298851,1
1622,225,0,225,66,24,42,0,36.36363636,1
1623,135,0,135,60,20,40,0,33.33333333,1
1624,375,0,375,58,18,40,0,31.03448276,1
1625,105,0,105,58,32,26,0,55.17241379,1
1626,231,0,231,54,14,40,0,25.92592593,1
1627,375,0,375,46,10,36,0,21.73913043,1
1628,189,0,189,56,24,32,0,42.85714286,1
1629,189,0,189,74,22,52,0,29.72972973,1
1630,225,0,225,60,22,38,0,36.66666667,1
1631,225,0,225,60,20,40,0,33.33333333,1
1632,225,0,225,68,28,40,0,41.17647059,1
1633,165,0,165,42,12,30,0,28.57142857,1
1634,567,0,567,42,16,26,0,38.09523810,1
1635,225,0,225,72,26,46,0,36.11111111,1
1636,125,0,125,68,16,52,0,23.52941176,1
1637,125,0,125,54,28,26,0,51.85185185,1
1638,225,0,225,62,26,36,0,41.93548387,1
1639,189,0,189,68,26,42,0,38.23529412,1
1640,225,0,225,56,18,38,0,32.14285714,1
1641,225,0,225,60,28,32,0,46.66666667,1
1642,315,0,315,64,16,48,0,25.00000000,1
1643,135,0,135,64,24,40,0,37.50000000,1
1644,315,0,315,58,20,38,0,34.48275862,1
1645,225,0,225,56,22,34,0,39.28571429,1
1646,225,0,225,62,24,38,0,38.70967742,1
1647,375,0,375,60,22,38,0,36.66666667,1
1648,147,0,147,56,12,44,0,21.42857143,1
1649,225,0,225,58,24,34,0,41.37931034,1
1650,315,0,315,54,22,32,0,40.74074074,1
1651,105,0,105,72,18,54,0,25.00000000,1
1652,225,0,225,64,24,40,0,37.50000000,1
1653,315,0,315,56,18,38,0,32.14285714,1
1654,225,0,225,60,22,38,0,36.66666667,1
1655,225,0,225,64,24,40,0,37.50000000,1
1656,375,0,375,64,18,46,0,28.12500000,1
1657,375,0,375,50,20,30,0,40.00000000,1
1658,315,0,315,58,16,42,0,27.58620690,1
1659,225,0,225,68,26,42,0,38.23529412,1
1660,189,0,189,60,24,36,0,40.00000000,1
1661,315,0,315,50,16,34,0,32.00000000,1
1662,225,0,225,66,22,44,0,33.33333333,1
1663,225,0,225,64,22,42,0,34.37500000,1
1664,225,0,225,58,16,42,0,27.58620690,1
1665,315,0,315,60,20,40,0,33.33333333,1
1666,315,0,315,62,14,48,0,22.58064516,1
1667,225,0,225,64,22,42,0,34.37500000,1
1668,225,0,225,60,28,32,0,46.66666667,1
1669,225,0,225,60,24,36,0,40.00000000,1
1670,225,0,225,62,24,38,0,38.70967742,1
1671,243,0,243,66,28,38,0,42.42424242,1
1672,105,0,105,60,14,46,0,23.33333333,1
1673,375,0,375,60,26,34,0,43.33333333,1
1674,225,0,225,66,26,40,0,39.39393939,1
1675,405,0,405,52,16,36,0,30.76923077,1
1676,165,0,165,78,36,42,0,46.15384615,1
1677,315,0,315,66,22,44,0,33.33333333,1
1678,99,0,99,54,12,42,0,22.22222222,1
1679,315,0,315,56,12,44,0,21.42857143,1
1680,243,0,243,74,28,46,0,37.83783784,1
1681,189,0,189,64,28,36,0,43.75000000,1
1682,225,0,225,54,28,26,0,51.85185185,1
1683,375,0,375,56,30,26,0,53.57142857,1
1684,225,0,225,64,24,40,0,37.50000000,1
1685,315,0,315,60,28,32,0,46.66666667,1
1686,245,0,245,118,58,60,0,49.15254237,1
1687,175,0,175,78,42,36,0,53.84615385,1
1688,225,0,225,62,22,40,0,35.48387097,1
1689,405,0,405,42,12,30,0,28.57142857,1
1690,315,0,315,58,16,42,0,27.58620690,1
1691,315,0,315,54,24,30,0,44.44444444,1
1692,315,0,315,56,12,44,0,21.42857143,1
1693,135,0,135,70,16,54,0,22.85714286,1
1694,315,0,315,66,24,42,0,36.36363636,1
1695,225,0,225,60,24,36,0,40.00000000,1
1696,135,0,135,56,26,30,0,46.42857143,1
1697,315,0,315,58,22,36,0,37.93103448,1
1698,135,0,135,68,16,52,0,23.52941176,1
1699,189,0,189,86,22,64,0,25.58139535,1
1700,225,0,225,70,28,42,0,40.00000000,1
1701,375,0,375,60,18,42,0,30.00000000,1
1702,243,0,243,54,24,30,0,44.44444444,1
1703,189,0,189,62,22,40,0,35.48387097,1
1704,297,0,297,64,18,46,0,28.12500000,1
1705,225,0,225,62,20,42,0,32.25806452,1
1706,225,0,225,66,18,48,0,27.27272727,1
1707,315,0,315,62,30,32,0,48.38709677,1
1708,189,0,189,58,24,34,0,41.37931034,1
1709,189,0,189,68,24,44,0,35.29411765,1
1710,225,0,225,86,26,60,0,30.23255814,1
1711,225,0,225,68,28,40,0,41.17647059,1
1712,225,0,225,68,26,42,0,38.23529412,1
1713,315,0,315,58,12,46,0,20.68965517,1
1714,135,0,135,64,28,36,0,43.75000000,1
1715,125,0,125,58,30,28,0,51.72413793,1
1716,225,0,225,64,26,38,0,40.62500000,1
1717,225,0,225,58,18,40,0,31.03448276,1
1718,135,0,135,60,26,34,0,43.33333333,1
1719,225,0,225,64,30,34,0,46.87500000,1
1720,135,0,135,66,26,40,0,39.39393939,1
1721,225,0,225,64,30,34,0,46.87500000,1
1722,225,0,225,66,26,40,0,39.39393939,1
1723,315,0,315,54,16,38,0,29.62962963,1
1724,175,0,175,52,14,38,0,26.92307692,1
1725,225,0,225,64,26,38,0,40.62500000,1
1726,189,0,189,70,28,42,0,40.00000000,1
1727,105,0,105,66,36,30,0,54.54545455,1
1728,135,0,135,64,24,40,0,37.50000000,1
1729,441,0,441,60,24,36,0,40.00000000,1
1730,225,0,225,60,20,40,0,33.33333333,1
1731,225,0,225,56,20,36,0,35.71428571,1
1732,375,0,375,54,20,34,0,37.03703704,1
1733,225,0,225,62,24,38,0,38.70967742,1
1734,135,0,135,84,28,56,0,33.33333333,1
1735,189,0,189,70,28,42,0,40.00000000,1
1736,315,0,315,64,26,38,0,40.62500000,1
1737,225,0,225,62,28,34,0,45.16129032,1
1738,135,0,135,62,30,32,0,48.38709677,1
1739,375,0,375,60,32,28,0,53.33333333,1
1740,225,0,225,64,30,34,0,46.87500000,1
1741,315,0,315,58,20,38,0,34.48275862,1
1742,135,0,135,62,24,38,0,38.70967742,1
1743,375,0,375,56,22,34,0,39.28571429,1
1744,225,0,225,62,28,34,0,45.16129032,1
1745,225,0,225,62,24,38,0,38.70967742,1
1746,225,0,225,68,32,36,0,47.05882353,1
1747,315,0,315,54,14,40,0,25.92592593,1
1748,315,0,315,74,24,50,0,32.43243243,1
1749,315,0,315,60,24,36,0,40.00000000,1
1750,375,0,375,56,28,28,0,50.00000000,1
1751,225,0,225,60,22,38,0,36.66666667,1
1752,405,0,405,54,16,38,0,29.62962963,1
1753,135,0,135,66,28,38,0,42.42424242,1
1754,189,0,189,68,24,44,0,35.29411765,1
1755,225,0,225,62,26,36,0,41.93548387,1
1756,225,0,225,64,22,42,0,34.37500000,1
1757,135,0,135,62,22,40,0,35.48387097,1
1758,375,0,375,58,22,36,0,37.93103448,1
1759,225,0,225,66,22,44,0,33.33333333,1
1760,225,0,225,60,18,42,0,30.00000000,1
1761,315,0,315,58,32,26,0,55.17241379,1
1762,315,0,315,60,22,38,0,36.66666667,1
1763,225,0,225,60,24,36,0,40.00000000,1
1764,225,0,225,60,26,34,0,43.33333333,1
1765,315,0,315,44,10,34,0,22.72727273,1
1766,225,0,225,68,22,46,0,32.35294118,1
1767,225,0,225,66,22,44,0,33.33333333,1
1768,315,0,315,60,22,38,0,36.66666667,1
1769,225,0,225,68,22,46,0,32.35294118,1
1770,81,0,81,60,14,46,0,23.33333333,1
1771,189,0,189,70,26,44,0,37.14285714,1
1772,375,0,375,58,14,44,0,24.13793103,1
1773,135,0,135,60,22,38,0,36.66666667,1
1774,375,0,375,62,26,36,0,41.93548387,1
1775,189,0,189,60,24,36,0,40.00000000,1
1776,243,0,243,68,28,40,0,41.17647059,1
1777,225,0,225,70,30,40,0,42.85714286,1
1778,225,0,225,66,22,44,0,33.33333333,1
1779,225,0,225,54,20,34,0,37.03703704,1
1780,375,0,375,58,22,36,0,37.93103448,1
1781,225,0,225,62,26,36,0,41.93548387,1
1782,105,0,105,68,34,34,0,50.00000000,1
1783,225,0,225,64,22,42,0,34.37500000,1
1784,315,0,315,60,16,44,0,26.66666667,1
1785,375,0,375,64,24,40,0,37.50000000,1
1786,225,0,225,62,20,42,0,32.25806452,1
1787,225,0,225,60,20,40,0,33.33333333,1
1788,225,0,225,58,18,40,0,31.03448276,1
1789,297,0,297,46,24,22,0,52.17391304,1
1790,375,0,375,60,24,36,0,40.00000000,1
1791,165,0,165,78,16,62,0,20.51282051,1
1792,225,0,225,62,20,42,0,32.25806452,1
1793,225,0,225,68,28,40,0,41.17647059,1
1794,315,0,315,68,22,46,0,32.35294118,1
1795,351,0,351,58,34,24,0,58.62068966,1
1796,189,0,189,58,28,30,0,48.27586207,1
1797,375,0,375,60,22,38,0,36.66666667,1
1798,135,0,135,66,24,42,0,36.36363636,1
1799,225,0,225,68,24,44,0,35.29411765,1
1800,189,0,189,66,26,40,0,39.39393939,1
1801,135,0,135,64,28,36,0,43.75000000,1
1802,135,0,135,68,32,36,0,47.05882353,1
1803,375,0,375,58,22,36,0,37.93103448,1
1804,375,0,375,58,24,34,0,41.37931034,1
1805,225,0,225,64,26,38,0,40.62500000,1
1806,225,0,225,72,28,44,0,38.88888889,1
1807,225,0,225,62,22,40,0,35.48387097,1
1808,225,0,225,62,26,36,0,41.93548387,1
1809,225,0,225,76,30,46,0,39.47368421,1
1810,125,0,125,52,28,24,0,53.84615385,1
1811,375,0,375,58,24,34,0,41.37931034,1
1812,243,0,243,52,30,22,0,57.69230769,1
1813,125,0,125,60,26,34,0,43.33333333,1
1814,315,0,315,62,24,38,0,38.70967742,1
1815,315,0,315,60,18,42,0,30.00000000,1
1816,189,0,189,60,26,34,0,43.33333333,1
1817,225,0,225,66,26,40,0,39.39393939,1
1818,375,0,375,60,22,38,0,36.66666667,1
1819,135,0,135,46,0,46,0,0.00000000,1
1820,225,0,225,64,20,44,0,31.25000000,1
1821,375,0,375,62,20,42,0,32.25806452,1
1822,225,0,225,66,22,44,0,33.33333333,1
1823,225,0,225,66,24,42,0,36.36363636,1
1824,375,0,375,54,12,42,0,22.22222222,1
1825,315,0,315,58,26,32,0,44.82758621,1
1826,225,0,225,60,22,38,0,36.66666667,1
1827,135,0,135,60,22,38,0,36.66666667,1
1828,225,0,225,66,24,42,0,36.36363636,1
1829,135,0,135,62,26,36,0,41.93548387,1
1830,225,0,225,62,26,36,0,41.93548387,1
1831,225,0,225,60,22,38,0,36.66666667,1
1832,225,0,225,70,30,40,0,42.85714286,1
1833,315,0,315,62,16,46,0,25.80645161,1
1834,225,0,225,54,16,38,0,29.62962963,1
1835,135,0,135,74,20,54,0,27.02702703,1
1836,135,0,135,62,24,38,0,38.70967742,1
1837,375,0,375,62,26,36,0,41.93548387,1
1838,121,0,121,92,24,68,0,26.08695652,1
1839,135,0,135,74,36,38,0,48.64864865,1
1840,189,0,189,68,30,38,0,44.11764706,1
1841,105,0,105,72,34,38,0,47.22222222,1
1842,225,0,225,68,26,42,0,38.23529412,1
1843,225,0,225,56,26,30,0,46.42857143,1
1844,375,0,375,56,20,36,0,35.71428571,1
1845,125,0,125,70,34,36,0,48.57142857,1
1846,225,0,225,68,26,42,0,38.23529412,1
1847,189,0,189,60,26,34,0,43.33333333,1
1848,189,0,189,64,26,38,0,40.62500000,1
1849,225,0,225,60,22,38,0,36.66666667,1
1850,225,0,225,52,14,38,0,26.92307692,1
1851,135,0,135,66,24,42,0,36.36363636,1
1852,135,0,135,64,22,42,0,34.37500000,1
1853,315,0,315,58,16,42,0,27.58620690,1
1854,225,0,225,62,28,34,0,45.16129032,1
1855,375,0,375,64,22,42,0,34.37500000,1
1856,243,0,243,70,26,44,0,37.14285714,1
1857,225,0,225,68,22,46,0,32.35294118,1
1858,225,0,225,60,26,34,0,43.33333333,1
1859,189,0,189,62,22,40,0,35.48387097,1
1860,375,0,375,48,22,26,0,45.83333333,1
1861,189,0,189,58,18,40,0,31.03448276,1
1862,315,0,315,56,30,26,0,53.57142857,1
1863,195,0,195,94,42,52,0,44.68085106,1
1864,105,0,105,68,38,30,0,55.88235294,1
1865,135,0,135,70,30,40,0,42.85714286,1
1866,375,0,375,58,22,36,0,37.93103448,1
1867,225,0,225,62,26,36,0,41.93548387,1
1868,135,0,135,60,26,34,0,43.33333333,1
1869,125,0,125,76,18,58,0,23.68421053,1
1870,225,0,225,62,30,32,0,48.38709677,1
1871,225,0,225,64,22,42,0,34.37500000,1
1872,225,0,225,62,28,34,0,45.16129032,1
1873,225,0,225,66,24,42,0,36.36363636,1
1874,243,0,243,58,16,42,0,27.58620690,1
1875,99,0,99,60,28,32,0,46.66666667,1
1876,225,0,225,58,22,36,0,37.93103448,1
1877,225,0,225,64,24,40,0,37.50000000,1
1878,189,0,189,68,24,44,0,35.29411765,1
1879,135,0,135,58,24,34,0,41.37931034,1
1880,125,0,125,64,16,48,0,25.00000000,1
1881,189,0,189,56,22,34,0,39.28571429,1
1882,225,0,225,64,20,44,0,31.25000000,1
1883,135,0,135,62,22,40,0,35.48387097,1
1884,375,0,375,54,14,40,0,25.92592593,1
1885,225,0,225,62,26,36,0,41.93548387,1
1886,189,0,189,56,20,36,0,35.71428571,1
1887,225,0,225,64,26,38,0,40.62500000,1
1888,135,0,135,62,30,32,0,48.38709677,1
1889,243,0,243,58,32,26,0,55.17241379,1
1890,225,0,225,62,24,38,0,38.70967742,1
1891,75,0,75,52,14,38,0,26.92307692,1
1892,225,0,225,62,22,40,0,35.48387097,1
1893,105,0,105,56,14,42,0,25.00000000,1
1894,175,0,175,64,28,36,0,43.75000000,1
1895,375,0,375,58,16,42,0,27.58620690,1
1896,225,0,225,64,24,40,0,37.50000000,1
1897,225,0,225,56,24,32,0,42.85714286,1
1898,135,0,135,64,24,40,0,37.50000000,1
1899,225,0,225,72,28,44,0,38.88888889,1
1900,225,0,225,62,22,40,0,35.48387097,1
1901,315,0,315,64,18,46,0,28.12500000,1
1902,225,0,225,58,24,34,0,41.37931034,1
1903,189,0,189,58,20,38,0,34.48275862,1
1904,375,0,375,60,16,44,0,26.66666667,1
1905,175,0,175,70,36,34,0,51.42857143,1
1906,315,0,315,54,26,28,0,48.14814815,1
1907,315,0,315,60,24,36,0,40.00000000,1
1908,135,0,135,66,24,42,0,36.36363636,1
1909,315,0,315,58,18,40,0,31.03448276,1
1910,225,0,225,58,20,38,0,34.48275862,1
1911,225,0,225,58,18,40,0,31.03448276,1
1912,189,0,189,70,28,42,0,40.00000000,1
1913,225,0,225,58,22,36,0,37.93103448,1
1914,125,0,125,58,28,30,0,48.27586207,1
1915,135,0,135,64,20,44,0,31.25000000,1
1916,189,0,189,66,32,34,0,48.48484848,1
1917,135,0,135,66,28,38,0,42.42424242,1
1918,189,0,189,52,24,28,0,46.15384615,1
1919,243,0,243,64,32,32,0,50.00000000,1
1920,225,0,225,62,24,38,0,38.70967742,1
1921,165,0,165,66,14,52,0,21.21212121,1
1922,189,0,189,62,28,34,0,45.16129032,1
1923,375,0,375,56,22,34,0,39.28571429,1
1924,225,0,225,64,32,32,0,50.00000000,1
1925,225,0,225,66,30,36,0,45.45454545,1
1926,135,0,135,64,22,42,0,34.37500000,1
1927,99,0,99,56,14,42,0,25.00000000,1
1928,189,0,189,74,28,46,0,37.83783784,1
1929,225,0,225,68,24,44,0,35.29411765,1
1930,225,0,225,64,28,36,0,43.75000000,1
1931,351,0,351,62,20,42,0,32.25806452,1
1932,175,0,175,58,12,46,0,20.68965517,1
1933,225,0,225,62,24,38,0,38.70967742,1
1934,225,0,225,62,32,30,0,51.61290323,1
1935,375,0,375,66,30,36,0,45.45454545,1
1936,225,0,225,56,16,40,0,28.57142857,1
1937,375,0,375,54,24,30,0,44.44444444,1
1938,225,0,225,66,24,42,0,36.36363636,1
1939,135,0,135,66,26,40,0,39.39393939,1
1940,225,0,225,60,26,34,0,43.33333333,1
1941,375,0,375,56,24,32,0,42.85714286,1
1942,225,0,225,68,26,42,0,38.23529412,1
1943,135,0,135,64,24,40,0,37.50000000,1
1944,225,0,225,66,26,40,0,39.39393939,1
1945,375,0,375,64,26,38,0,40.62500000,1
1946,189,0,189,66,28,38,0,42.42424242,1
1947,225,0,225,60,20,40,0,33.33333333,1
1948,225,0,225,66,20,46,0,30.30303030,1
1949,225,0,225,62,20,42,0,32.25806452,1
1950,165,0,165,58,28,30,0,48.27586207,1
1951,189,0,189,64,26,38,0,40.62500000,1
1952,153,0,153,76,18,58,0,23.68421053,1
1953,225,0,225,70,28,42,0,40.00000000,1
1954,243,0,243,70,26,44,0,37.14285714,1
1955,375,0,375,60,18,42,0,30.00000000,1
1956,375,0,375,56,26,30,0,46.42857143,1
1957,625,0,625,56,24,32,0,42.85714286,1
1958,315,0,315,58,14,44,0,24.13793103,1
1959,225,0,225,58,12,46,0,20.68965517,1
1960,315,0,315,68,24,44,0,35.29411765,1
1961,135,0,135,66,22,44,0,33.33333333,1
1962,225,0,225,62,26,36,0,41.93548387,1
1963,405,0,405,38,0,38,0,0.00000000,1
1964,225,0,225,64,20,44,0,31.25000000,1
1965,315,0,315,70,22,48,0,31.42857143,1
1966,225,0,225,52,22,30,0,42.30769231,1
1967,225,0,225,60,18,42,0,30.00000000,1
1968,165,0,165,72,18,54,0,25.00000000,1
1969,135,0,135,72,20,52,0,27.77777778,1
1970,243,0,243,66,20,46,0,30.30303030,1
1971,441,0,441,56,28,28,0,50.00000000,1
1972,375,0,375,60,24,36,0,40.00000000,1
1973,135,0,135,64,22,42,0,34.37500000,1
1974,77,0,77,54,28,26,0,51.85185185,1
1975,225,0,225,70,28,42,0,40.00000000,1
1976,225,0,225,66,22,44,0,33.33333333,1
1977,315,0,315,66,26,40,0,39.39393939,1
1978,225,0,225,68,24,44,0,35.29411765,1
1979,135,0,135,64,28,36,0,43.75000000,1
1980,135,0,135,68,24,44,0,35.29411765,1
1981,105,0,105,54,12,42,0,22.22222222,1
1982,243,0,243,56,26,30,0,46.42857143,1
1983,375,0,375,60,24,36,0,40.00000000,1
1984,135,0,135,80,42,38,0,52.50000000,1
1985,135,0,135,62,22,40,0,35.48387097,1
1986,375,0,375,60,26,34,0,43.33333333,1
1987,375,0,375,54,26,28,0,48.14814815,1
1988,195,0,195,58,26,32,0,44.82758621,1
1989,225,0,225,64,22,42,0,34.37500000,1
1990,225,0,225,70,24,46,0,34.28571429,1
1991,135,0,135,60,14,46,0,23.33333333,1
1992,175,0,175,70,18,52,0,25.71428571,1
1993,125,0,125,58,30,28,0,51.72413793,1
1994,225,0,225,58,20,38,0,34.48275862,1
1995,315,0,315,66,26,40,0,39.39393939,1
1996,135,0,135,60,24,36,0,40.00000000,1
1997,315,0,315,70,18,52,0,25.71428571,1
1998,105,0,105,60,18,42,0,30.00000000,1
1999,225,0,225,64,28,36,0,43.75000000,1
2000,135,0,135,62,22,40,0,35.48387097,1
2001,375,0,375,56,28,28,0,50.00000000,1
2002,297,0,297,68,20,48,0,29.41176471,1
2003,135,0,135,66,26,40,0,39.39393939,1
2004,363,0,363,116,48,68,0,41.37931034,1
2005,135,0,135,70,32,38,0,45.71428571,1
2006,315,0,315,56,26,30,0,46.42857143,1
2007,189,0,189,58,18,40,0,31.03448276,1
2008,225,0,225,58,26,32,0,44.82758621,1
2009,315,0,315,70,22,48,0,31.42857143,1
2010,225,0,225,60,24,36,0,40.00000000,1
2011,225,0,225,56,22,34,0,39.28571429,1
2012,225,0,225,64,24,40,0,37.50000000,1
2013,135,0,135,58,28,30,0,48.27586207,1
2014,225,0,225,62,26,36,0,41.93548387,1
2015,105,0,105,50,14,36,0,28.00000000,1
2016,225,0,225,52,26,26,0,50.00000000,1
2017,315,0,315,72,28,44,0,38.88888889,1
2018,225,0,225,60,22,38,0,36.66666667,1
2019,99,0,99,70,36,34,0,51.42857143,1
2020,225,0,225,60,26,34,0,43.33333333,1
2021,375,0,375,58,28,30,0,48.27586207,1
2022,375,0,375,60,22,38,0,36.66666667,1
2023,105,0,105,74,40,34,0,54.05405405,1
2024,225,0,225,70,26,44,0,37.14285714,1
2025,225,0,225,54,22,32,0,40.74074074,1
2026,225,0,225,60,26,34,0,43.33333333,1
2027,225,0,225,64,24,40,0,37.50000000,1
2028,105,0,105,56,16,40,0,28.57142857,1
2029,315,0,315,66,22,44,0,33.33333333,1
2030,135,0,135,62,20,42,0,32.25806452,1
2031,135,0,135,66,28,38,0,42.42424242,1
2032,225,0,225,60,28,32,0,46.66666667,1
2033,225,0,225,62,22,40,0,35.48387097,1
2034,225,0,225,58,18,40,0,31.03448276,1
2035,375,0,375,52,16,36,0,30.76923077,1
2036,243,0,243,52,12,40,0,23.07692308,1
2037,375,0,375,60,22,38,0,36.66666667,1
2038,375,0,375,66,28,38,0,42.42424242,1
2039,225,0,225,66,32,34,0,48.48484848,1
2040,125,0,125,60,14,46,0,23.33333333,1
2041,105,0,105,60,16,44,0,26.66666667,1
2042,63,0,63,50,12,38,0,24.00000000,1
2043,315,0,315,62,20,42,0,32.25806452,1
2044,225,0,225,56,24,32,0,42.85714286,1
2045,225,0,225,62,20,42,0,32.25806452,1
2046,225,0,225,62,26,36,0,41.93548387,1
2047,225,0,225,66,24,42,0,36.36363636,1
2048,243,0,243,52,24,28,0,46.15384615,1
2049,375,0,375,58,26,32,0,44.82758621,1
2050,125,0,125,58,12,46,0,20.68965517,1
2051,189,0,189,62,22,40,0,35.48387097,1
2052,105,0,105,54,14,40,0,25.92592593,1
2053,315,0,315,50,26,24,0,52.00000000,1
2054,225,0,225,56,22,34,0,39.28571429,1
2055,135,0,135,78,42,36,0,53.84615385,1
2056,135,0,135,74,28,46,0,37.83783784,1
2057,375,0,375,64,30,34,0,46.87500000,1
2058,225,0,225,66,24,42,0,36.36363636,1
2059,135,0,135,64,22,42,0,34.37500000,1
2060,135,0,135,64,26,38,0,40.62500000,1
2061,375,0,375,64,24,40,0,37.50000000,1
2062,375,0,375,58,10,48,0,17.24137931,1
2063,225,0,225,64,24,40,0,37.50000000,1
2064,189,0,189,66,24,42,0,36.36363636,1
2065,225,0,225,54,24,30,0,44.44444444,1
2066,315,0,315,50,18,32,0,36.00000000,1
2067,315,0,315,52,18,34,0,34.61538462,1
2068,225,0,225,68,28,40,0,41.17647059,1
2069,225,0,225,58,16,42,0,27.58620690,1
2070,189,0,189,68,26,42,0,38.23529412,1
2071,225,0,225,64,22,42,0,34.37500000,1
2072,225,0,225,66,24,42,0,36.36363636,1
2073,189,0,189,68,26,42,0,38.23529412,1
2074,225,0,225,64,24,40,0,37.50000000,1
2075,135,0,135,60,24,36,0,40.00000000,1
2076,225,0,225,64,24,40,0,37.50000000,1
2077,225,0,225,64,28,36,0,43.75000000,1
2078,225,0,225,62,24,38,0,38.70967742,1
2079,375,0,375,58,30,28,0,51.72413793,1
2080,243,0,243,62,18,44,0,29.03225806,1
2081,135,0,135,60,24,36,0,40.00000000,1
2082,243,0,243,62,32,30,0,51.61290323,1
2083,375,0,375,54,24,30,0,44.44444444,1
2084,189,0,189,68,26,42,0,38.23529412,1
2085,225,0,225,64,30,34,0,46.87500000,1
2086,225,0,225,64,20,44,0,31.25000000,1
2087,375,0,375,58,22,36,0,37.93103448,1
2088,255,0,255,170,80,90,0,47.05882353,1
2089,189,0,189,64,22,42,0,34.37500000,1
2090,225,0,225,62,28,34,0,45.16129032,1
2091,225,0,225,64,18,46,0,28.12500000,1
2092,135,0,135,68,28,40,0,41.17647059,1
2093,225,0,225,60,28,32,0,46.66666667,1
2094,297,0,297,46,16,30,0,34.78260870,1
2095,189,0,189,68,26,42,0,38.23529412,1
2096,375,0,375,50,10,40,0,20.00000000,1
2097,375,0,375,62,18,44,0,29.03225806,1
2098,161,0,161,128,34,94,0,26.56250000,1
2099,243,0,243,54,22,32,0,40.74074074,1
2100,405,0,405,48,10,38,0,20.83333333,1
2101,125,0,125,70,16,54,0,22.85714286,1
2102,225,0,225,62,30,32,0,48.38709677,1
2103,375,0,375,64,26,38,0,40.62500000,1
2104,375,0,375,56,22,34,0,39.28571429,1
2105,135,0,135,64,26,38,0,40.62500000,1
2106,189,0,189,66,30,36,0,45.45454545,1
2107,375,0,375,58,16,42,0,27.58620690,1
2108,125,0,125,54,30,24,0,55.55555556,1
2109,105,0,105,66,18,48,0,27.27272727,1
2110,315,0,315,62,26,36,0,41.93548387,1
2111,135,0,135,56,22,34,0,39.28571429,1
2112,375,0,375,60,28,32,0,46.66666667,1
2113,225,0,225,58,26,32,0,44.82758621,1
2114,225,0,225,62,16,46,0,25.80645161,1
2115,135,0,135,60,20,40,0,33.33333333,1
2116,225,0,225,64,24,40,0,37.50000000,1
2117,375,0,375,50,10,40,0,20.00000000,1
2118,189,0,189,58,24,34,0,41.37931034,1
2119,175,0,175,78,14,64,0,17.94871795,1
2120,189,0,189,66,24,42,0,36.36363636,1
2121,225,0,225,58,24,34,0,41.37931034,1
2122,189,0,189,66,24,42,0,36.36363636,1
2123,225,0,225,62,24,38,0,38.70967742,1
2124,135,0,135,62,24,38,0,38.70967742,1
2125,225,0,225,60,24,36,0,40.00000000,1
2126,135,0,135,62,28,34,0,45.16129032,1
2127,315,0,315,60,18,42,0,30.00000000,1
2128,225,0,225,66,22,44,0,33.33333333,1
2129,225,0,225,68,24,44,0,35.29411765,1
2130,225,0,225,66,20,46,0,30.30303030,1
2131,225,0,225,66,26,40,0,39.39393939,1
2132,225,0,225,62,20,42,0,32.25806452,1
2133,225,0,225,58,24,34,0,41.37931034,1
2134,99,0,99,60,14,46,0,23.33333333,1
2135,225,0,225,66,24,42,0,36.36363636,1
2136,495,0,495,38,0,38,0,0.00000000,1
2137,135,0,135,66,28,38,0,42.42424242,1
2138,315,0,315,56,16,40,0,28.57142857,1
2139,315,0,315,56,14,42,0,25.00000000,1
2140,225,0,225,64,24,40,0,37.50000000,1
2141,225,0,225,60,20,40,0,33.33333333,1
2142,189,0,189,68,26,42,0,38.23529412,1
2143,225,0,225,66,24,42,0,36.36363636,1
2144,375,0,375,58,20,38,0,34.48275862,1
2145,105,0,105,64,18,46,0,28.12500000,1
2146,225,0,225,70,28,42,0,40.00000000,1
2147,225,0,225,66,24,42,0,36.36363636,1
2148,225,0,225,74,30,44,0,40.54054054,1
2149,225,0,225,64,26,38,0,40.62500000,1
2150,315,0,315,58,28,30,0,48.27586207,1
2151,225,0,225,68,32,36,0,47.05882353,1
2152,225,0,225,66,30,36,0,45.45454545,1
2153,175,0,175,88,46,42,0,52.27272727,1
2154,375,0,375,56,24,32,0,42.85714286,1
2155,105,0,105,70,18,52,0,25.71428571,1
2156,351,0,351,62,16,46,0,25.80645161,1
2157,315,0,315,60,26,34,0,43.33333333,1
2158,375,0,375,54,28,26,0,51.85185185,1
2159,135,0,135,58,12,46,0,20.68965517,1
2160,135,0,135,66,28,38,0,42.42424242,1
2161,225,0,225,66,26,40,0,39.39393939,1
2162,225,0,225,60,24,36,0,40.00000000,1
2163,315,0,315,58,24,34,0,41.37931034,1
2164,225,0,225,66,24,42,0,36.36363636,1
2165,225,0,225,66,24,42,0,36.36363636,1
2166,375,0,375,54,20,34,0,37.03703704,1
2167,225,0,225,64,26,38,0,40.62500000,1
2168,225,0,225,56,26,30,0,46.42857143,1
2169,315,0,315,56,12,44,0,21.42857143,1
2170,405,0,405,46,16,30,0,34.78260870,1
2171,225,0,225,62,30,32,0,48.38709677,1
2172,225,0,225,64,26,38,0,40.62500000,1
2173,189,0,189,56,26,30,0,46.42857143,1
2174,135,0,135,66,28,38,0,42.42424242,1
2175,243,0,243,56,26,30,0,46.42857143,1
2176,135,0,135,64,30,34,0,46.87500000,1
2177,243,0,243,50,24,26,0,48.00000000,1
2178,225,0,225,58,24,34,0,41.37931034,1
2179,225,0,225,64,18,46,0,28.12500000,1
2180,225,0,225,62,28,34,0,45.16129032,1
2181,315,0,315,62,20,42,0,32.25806452,1
2182,375,0,375,60,16,44,0,26.66666667,1
2183,225,0,225,54,14,40,0,25.92592593,1
2184,175,0,175,68,16,52,0,23.52941176,1
2185,375,0,375,64,24,40,0,37.50000000,1
2186,375,0,375,60,24,36,0,40.00000000,1
2187,225,0,225,68,26,42,0,38.23529412,1
2188,99,0,99,54,26,28,0,48.14814815,1
2189,135,0,135,64,16,48,0,25.00000000,1
2190,189,0,189,64,20,44,0,31.25000000,1
2191,105,0,105,62,16,46,0,25.80645161,1
2192,225,0,225,62,22,40,0,35.48387097,1
2193,225,0,225,62,26,36,0,41.93548387,1
2194,243,0,243,70,26,44,0,37.14285714,1
2195,225,0,225,62,20,42,0,32.25806452,1
2196,225,0,225,58,22,36,0,37.93103448,1
2197,315,0,315,64,20,44,0,31.25000000,1
2198,225,0,225,62,20,42,0,32.25806452,1
2199,375,0,375,60,14,46,0,23.33333333,1
2200,135,0,135,60,24,36,0,40.00000000,1
2201,225,0,225,58,26,32,0,44.82758621,1
2202,225,0,225,64,28,36,0,43.75000000,1
2203,297,0,297,52,12,40,0,23.07692308,1
2204,189,0,189,64,22,42,0,34.37500000,1
2205,375,0,375,58,16,42,0,27.58620690,1
2206,315,0,315,60,20,40,0,33.33333333,1
2207,375,0,375,60,22,38,0,36.66666667,1
2208,225,0,225,66,28,38,0,42.42424242,1
2209,81,0,81,62,0,62,0,0.00000000,1
2210,189,0,189,50,30,20,0,60.00000000,1
2211,153,0,153,68,20,48,0,29.41176471,1
2212,135,0,135,66,28,38,0,42.42424242,1
2213,225,0,225,62,18,44,0,29.03225806,1
2214,243,0,243,62,22,40,0,35.48387097,1
2215,225,0,225,66,26,40,0,39.39393939,1
2216,225,0,225,64,20,44,0,31.25000000,1
2217,225,0,225,68,26,42,0,38.23529412,1
2218,441,0,441,54,18,36,0,33.33333333,1
2219,243,0,243,72,22,50,0,30.55555556,1
2220,135,0,135,62,32,30,0,51.61290323,1
2221,189,0,189,64,28,36,0,43.75000000,1
2222,225,0,225,66,26,40,0,39.39393939,1
2223,135,0,135,60,24,36,0,40.00000000,1
2224,375,0,375,58,22,36,0,37.93103448,1
2225,245,0,245,88,22,66,0,25.00000000,1
2226,225,0,225,64,26,38,0,40.62500000,1
2227,225,0,225,58,20,38,0,34.48275862,1
2228,351,0,351,66,22,44,0,33.33333333,1
2229,105,0,105,58,14,44,0,24.13793103,1
2230,125,0,125,56,12,44,0,21.42857143,1
2231,375,0,375,60,28,32,0,46.66666667,1
2232,567,0,567,48,14,34,0,29.16666667,1
2233,135,0,135,68,28,40,0,41.17647059,1
2234,105,0,105,50,10,40,0,20.00000000,1
2235,225,0,225,64,24,40,0,37.50000000,1
2236,225,0,225,70,24,46,0,34.28571429,1
2237,315,0,315,60,12,48,0,20.00000000,1
2238,225,0,225,60,30,30,0,50.00000000,1
2239,225,0,225,68,28,40,0,41.17647059,1
2240,105,0,105,52,16,36,0,30.76923077,1
2241,225,0,225,60,20,40,0,33.33333333,1
2242,165,0,165,76,38,38,0,50.00000000,1
2243,189,0,189,64,24,40,0,37.50000000,1
2244,117,0,117,70,38,32,0,54.28571429,1
2245,135,0,135,62,28,34,0,45.16129032,1
2246,315,0,315,68,26,42,0,38.23529412,1
2247,225,0,225,64,22,42,0,34.37500000,1
2248,225,0,225,72,28,44,0,38.88888889,1
2249,175,0,175,66,32,34,0,48.48484848,1
2250,135,0,135,84,26,58,0,30.95238095,1
2251,225,0,225,64,28,36,0,43.75000000,1
2252,375,0,375,62,22,40,0,35.48387097,1
2253,225,0,225,54,20,34,0,37.03703704,1
2254,351,0,351,68,28,40,0,41.17647059,1
2255,189,0,189,72,28,44,0,38.88888889,1
2256,135,0,135,60,24,36,0,40.00000000,1
2257,375,0,375,58,22,36,0,37.93103448,1
2258,105,0,105,58,30,28,0,51.72413793,1
2259,297,0,297,72,28,44,0,38.88888889,1
2260,225,0,225,66,24,42,0,36.36363636,1
2261,189,0,189,64,24,40,0,37.50000000,1
2262,225,0,225,54,26,28,0,48.14814815,1
2263,105,0,105,56,10,46,0,17.85714286,1
2264,225,0,225,70,28,42,0,40.00000000,1
2265,225,0,225,66,28,38,0,42.42424242,1
2266,405,0,405,36,0,36,0,0.00000000,1
2267,315,0,315,62,16,46,0,25.80645161,1
2268,189,0,189,62,36,26,0,58.06451613,1
2269,375,0,375,58,20,38,0,34.48275862,1
2270,225,0,225,68,20,48,0,29.41176471,1
2271,375,0,375,52,14,38,0,26.92307692,1
2272,225,0,225,62,26,36,0,41.93548387,1
2273,135,0,135,66,28,38,0,42.42424242,1
2274,225,0,225,58,18,40,0,31.03448276,1
2275,225,0,225,56,20,36,0,35.71428571,1
2276,147,0,147,92,24,68,0,26.08695652,1
2277,225,0,225,60,22,38,0,36.66666667,1
2278,189,0,189,66,28,38,0,42.42424242,1
2279,225,0,225,60,34,26,0,56.66666667,1
2280,225,0,225,76,28,48,0,36.84210526,1
2281,225,0,225,62,26,36,0,41.93548387,1
2282,135,0,135,58,20,38,0,34.48275862,1
2283,375,0,375,60,24,36,0,40.00000000,1
2284,105,0,105,64,18,46,0,28.12500000,1
2285,175,0,175,68,34,34,0,50.00000000,1
2286,189,0,189,66,26,40,0,39.39393939,1
2287,105,0,105,58,30,28,0,51.72413793,1
2288,189,0,189,66,22,44,0,33.33333333,1
2289,189,0,189,64,24,40,0,37.50000000,1
2290,225,0,225,64,16,48,0,25.00000000,1
2291,375,0,375,66,26,40,0,39.39393939,1
2292,225,0,225,74,26,48,0,35.13513514,1
2293,225,0,225,68,24,44,0,35.29411765,1
2294,189,0,189,60,18,42,0,30.00000000,1
2295,225,0,225,52,24,28,0,46.15384615,1
2296,225,0,225,60,22,38,0,36.66666667,1
2297,375,0,375,64,24,40,0,37.50000000,1
2298,315,0,315,54,12,42,0,22.22222222,1
2299,225,0,225,116,32,84,0,27.58620690,1
2300,225,0,225,64,22,42,0,34.37500000,1
2301,315,0,315,56,16,40,0,28.57142857,1
2302,225,0,225,70,32,38,0,45.71428571,1
2303,225,0,225,62,28,34,0,45.16129032,1
2304,189,0,189,58,18,40,0,31.03448276,1
2305,225,0,225,62,18,44,0,29.03225806,1
2306,225,0,225,66,22,44,0,33.33333333,1
2307,225,0,225,58,20,38,0,34.48275862,1
2308,135,0,135,60,28,32,0,46.66666667,1
2309,375,0,375,54,16,38,0,29.62962963,1
2310,225,0,225,64,24,40,0,37.50000000,1
2311,375,0,375,48,22,26,0,45.83333333,1
2312,225,0,225,64,26,38,0,40.62500000,1
2313,441,0,441,66,20,46,0,30.30303030,1
2314,375,0,375,64,28,36,0,43.75000000,1
2315,135,0,135,62,28,34,0,45.16129032,1
2316,189,0,189,62,26,36,0,41.93548387,1
2317,105,0,105,58,18,40,0,31.03448276,1
2318,225,0,225,66,24,42,0,36.36363636,1
2319,195,0,195,64,34,30,0,53.12500000,1
2320,375,0,375,56,18,38,0,32.14285714,1
2321,315,0,315,52,14,38,0,26.92307692,1
2322,225,0,225,50,16,34,0,32.00000000,1
2323,225,0,225,62,14,48,0,22.58064516,1
2324,375,0,375,60,24,36,0,40.00000000,1
2325,375,0,375,62,24,38,0,38.70967742,1
2326,135,0,135,78,18,60,0,23.07692308,1
2327,243,0,243,68,26,42,0,38.23529412,1
2328,135,0,135,62,24,38,0,38.70967742,1
2329,165,0,165,94,26,68,0,27.65957447,1
2330,375,0,375,56,18,38,0,32.14285714,1
2331,225,0,225,60,22,38,0,36.66666667,1
2332,225,0,225,70,28,42,0,40.00000000,1
2333,375,0,375,66,26,40,0,39.39393939,1
2334,225,0,225,62,24,38,0,38.70967742,1
2335,189,0,189,62,26,36,0,41.93548387,1
2336,135,0,135,74,38,36,0,51.35135135,1
2337,225,0,225,70,24,46,0,34.28571429,1
2338,315,0,315,60,18,42,0,30.00000000,1
2339,315,0,315,54,16,38,0,29.62962963,1
2340,225,0,225,60,24,36,0,40.00000000,1
2341,375,0,375,56,22,34,0,39.28571429,1
2342,225,0,225,52,14,38,0,26.92307692,1
2343,405,0,405,60,18,42,0,30.00000000,1
2344,375,0,375,64,20,44,0,31.25000000,1
2345,225,0,225,54,16,38,0,29.62962963,1
2346,135,0,135,66,22,44,0,33.33333333,1
2347,225,0,225,68,22,46,0,32.35294118,1
2348,135,0,135,66,30,36,0,45.45454545,1
2349,225,0,225,66,28,38,0,42.42424242,1
2350,225,0,225,70,26,44,0,37.14285714,1
2351,225,0,225,56,16,40,0,28.57142857,1
2352,225,0,225,62,24,38,0,38.70967742,1
2353,375,0,375,58,24,34,0,41.37931034,1
2354,165,0,165,86,18,68,0,20.93023256,1
2355,135,0,135,58,20,38,0,34.48275862,1
2356,225,0,225,50,12,38,0,24.00000000,1
2357,189,0,189,44,20,24,0,45.45454545,1
2358,189,0,189,60,26,34,0,43.33333333,1
2359,189,0,189,70,26,44,0,37.14285714,1
2360,375,0,375,58,18,40,0,31.03448276,1
2361,315,0,315,70,28,42,0,40.00000000,1
2362,225,0,225,60,22,38,0,36.66666667,1
2363,225,0,225,64,22,42,0,34.37500000,1
2364,135,0,135,64,28,36,0,43.75000000,1
2365,225,0,225,60,26,34,0,43.33333333,1
2366,225,0,225,60,28,32,0,46.66666667,1
2367,225,0,225,62,26,36,0,41.93548387,1
2368,225,0,225,58,24,34,0,41.37931034,1
2369,225,0,225,68,24,44,0,35.29411765,1
2370,135,0,135,68,24,44,0,35.29411765,1
2371,225,0,225,58,26,32,0,44.82758621,1
2372,135,0,135,62,26,36,0,41.93548387,1
2373,315,0,315,62,24,38,0,38.70967742,1
2374,105,0,105,58,28,30,0,48.27586207,1
2375,297,0,297,52,24,28,0,46.15384615,1
2376,135,0,135,70,16,54,0,22.85714286,1
2377,105,0,105,68,18,50,0,26.47058824,1
2378,105,0,105,88,24,64,0,27.27272727,1
2379,225,0,225,62,26,36,0,41.93548387,1
2380,375,0,375,56,20,36,0,35.71428571,1
2381,375,0,375,62,26,36,0,41.93548387,1
2382,375,0,375,58,26,32,0,44.82758621,1
2383,375,0,375,62,28,34,0,45.16129032,1
2384,189,0,189,66,32,34,0,48.48484848,1
2385,405,0,405,54,22,32,0,40.74074074,1
2386,135,0,135,62,28,34,0,45.16129032,1
2387,243,0,243,68,28,40,0,41.17647059,1
2388,243,0,243,66,32,34,0,48.48484848,1
2389,225,0,225,62,24,38,0,38.70967742,1
2390,225,0,225,68,22,46,0,32.35294118,1
2391,135,0,135,62,22,40,0,35.48387097,1
2392,135,0,135,62,26,36,0,41.93548387,1
2393,225,0,225,62,24,38,0,38.70967742,1
2394,225,0,225,68,22,46,0,32.35294118,1
2395,225,0,225,60,22,38,0,36.66666667,1
2396,375,0,375,66,24,42,0,36.36363636,1
2397,189,0,189,50,8,42,0,16.00000000,1
2398,315,0,315,60,18,42,0,30.00000000,1
2399,375,0,375,60,22,38,0,36.66666667,1
2400,189,0,189,62,24,38,0,38.70967742,1
2401,375,0,375,66,26,40,0,39.39393939,1
2402,99,0,99,80,38,42,0,47.50000000,1
2403,225,0,225,62,24,38,0,38.70967742,1
2404,315,0,315,56,28,28,0,50.00000000,1
2405,225,0,225,56,16,40,0,28.57142857,1
2406,315,0,315,62,20,42,0,32.25806452,1
2407,225,0,225,60,22,38,0,36.66666667,1
2408,135,0,135,56,24,32,0,42.85714286,1
2409,189,0,189,64,24,40,0,37.50000000,1
2410,225,0,225,68,28,40,0,41.17647059,1
2411,225,0,225,60,28,32,0,46.66666667,1
2412,225,0,225,66,28,38,0,42.42424242,1
2413,225,0,225,60,18,42,0,30.00000000,1
2414,225,0,225,68,24,44,0,35.29411765,1
2415,125,0,125,54,14,40,0,25.92592593,1
2416,135,0,135,68,20,48,0,29.41176471,1
2417,165,0,165,44,10,34,0,22.72727273,1
2418,225,0,225,60,18,42,0,30.00000000,1
2419,135,0,135,70,34,36,0,48.57142857,1
2420,243,0,243,66,24,42,0,36.36363636,1
2421,135,0,135,66,20,46,0,30.30303030,1
2422,375,0,375,52,16,36,0,30.76923077,1
2423,225,0,225,62,28,34,0,45.16129032,1
2424,231,0,231,118,60,58,0,50.84745763,1
2425,225,0,225,68,24,44,0,35.29411765,1
2426,225,0,225,66,28,38,0,42.42424242,1
2427,135,0,135,66,26,40,0,39.39393939,1
2428,225,0,225,60,26,34,0,43.33333333,1
2429,135,0,135,60,22,38,0,36.66666667,1
2430,125,0,125,64,32,32,0,50.00000000,1
2431,175,0,175,70,18,52,0,25.71428571,1
2432,315,0,315,58,18,40,0,31.03448276,1
2433,375,0,375,66,24,42,0,36.36363636,1
2434,135,0,135,60,22,38,0,36.66666667,1
2435,243,0,243,60,20,40,0,33.33333333,1
2436,297,0,297,66,28,38,0,42.42424242,1
2437,225,0,225,64,24,40,0,37.50000000,1
2438,225,0,225,62,24,38,0,38.70967742,1
2439,175,0,175,66,34,32,0,51.51515152,1
2440,225,0,225,64,26,38,0,40.62500000,1
2441,225,0,225,54,12,42,0,22.22222222,1
2442,315,0,315,52,14,38,0,26.92307692,1
2443,189,0,189,54,16,38,0,29.62962963,1
2444,375,0,375,60,20,40,0,33.33333333,1
2445,375,0,375,56,24,32,0,42.85714286,1
2446,195,0,195,60,38,22,0,63.33333333,1
2447,351,0,351,68,18,50,0,26.47058824,1
2448,375,0,375,60,24,36,0,40.00000000,1
2449,225,0,225,64,24,40,0,37.50000000,1
2450,225,0,225,58,20,38,0,34.48275862,1
2451,225,0,225,74,22,52,0,29.72972973,1
2452,147,0,147,62,32,30,0,51.61290323,1
2453,315,0,315,70,26,44,0,37.14285714,1
2454,315,0,315,64,20,44,0,31.25000000,1
2455,225,0,225,60,20,40,0,33.33333333,1
2456,525,0,525,54,12,42,0,22.22222222,1
2457,225,0,225,68,28,40,0,41.17647059,1
2458,135,0,135,56,30,26,0,53.57142857,1
2459,81,0,81,54,16,38,0,29.62962963,1
2460,125,0,125,68,18,50,0,26.47058824,1
2461,135,0,135,56,22,34,0,39.28571429,1
2462,375,0,375,56,20,36,0,35.71428571,1
2463,315,0,315,60,24,36,0,40.00000000,1
2464,225,0,225,64,22,42,0,34.37500000,1
2465,225,0,225,68,26,42,0,38.23529412,1
2466,225,0,225,58,24,34,0,41.37931034,1
2467,225,0,225,68,26,42,0,38.23529412,1
2468,297,0,297,64,14,50,0,21.87500000,1
2469,225,0,225,122,32,90,0,26.22950820,1
2470,225,0,225,66,26,40,0,39.39393939,1
2471,189,0,189,68,26,42,0,38.23529412,1
2472,243,0,243,76,32,44,0,42.10526316,1
2473,225,0,225,64,24,40,0,37.50000000,1
2474,225,0,225,68,26,42,0,38.23529412,1
2475,189,0,189,66,24,42,0,36.36363636,1
2476,189,0,189,62,24,38,0,38.70967742,1
2477,315,0,315,58,24,34,0,41.37931034,1
2478,315,0,315,70,28,42,0,40.00000000,1
2479,195,0,195,48,14,34,0,29.16666667,1
2480,315,0,315,62,18,44,0,29.03225806,1
2481,315,0,315,54,20,34,0,37.03703704,1
2482,225,0,225,58,24,34,0,41.37931034,1
2483,297,0,297,40,12,28,0,30.00000000,1
2484,225,0,225,58,14,44,0,24.13793103,1
2485,225,0,225,56,26,30,0,46.42857143,1
2486,165,0,165,66,14,52,0,21.21212121,1
2487,189,0,189,60,24,36,0,40.00000000,1
2488,135,0,135,62,26,36,0,41.93548387,1
2489,375,0,375,58,26,32,0,44.82758621,1
2490,225,0,225,64,26,38,0,40.62500000,1
2491,375,0,375,60,26,34,0,43.33333333,1
2492,135,0,135,58,20,38,0,34.48275862,1
2493,375,0,375,68,32,36,0,47.05882353,1
2494,225,0,225,60,26,34,0,43.33333333,1
2495,243,0,243,56,18,38,0,32.14285714,1
2496,125,0,125,66,30,36,0,45.45454545,1
2497,225,0,225,62,30,32,0,48.38709677,1
2498,375,0,375,60,24,36,0,40.00000000,1
2499,225,0,225,64,26,38,0,40.62500000,1
2500,125,0,125,56,12,44,0,21.42857143,1
2501,245,0,245,108,54,54,0,50.00000000,1
2502,195,0,195,78,16,62,0,20.51282051,1
2503,225,0,225,70,28,42,0,40.00000000,1
2504,225,0,225,66,32,34,0,48.48484848,1
2505,225,0,225,62,20,42,0,32.25806452,1
2506,189,0,189,58,18,40,0,31.03448276,1
2507,375,0,375,62,24,38,0,38.70967742,1
2508,225,0,225,62,28,34,0,45.16129032,1
2509,189,0,189,68,30,38,0,44.11764706,1
2510,225,0,225,56,20,36,0,35.71428571,1
2511,375,0,375,64,28,36,0,43.75000000,1
2512,225,0,225,62,24,38,0,38.70967742,1
2513,275,0,275,130,34,96,0,26.15384615,1
2514,225,0,225,68,26,42,0,38.23529412,1
2515,189,0,189,80,42,38,0,52.50000000,1
2516,175,0,175,86,40,46,0,46.51162791,1
2517,175,0,175,74,18,56,0,24.32432432,1
2518,315,0,315,58,26,32,0,44.82758621,1
2519,135,0,135,70,32,38,0,45.71428571,1
2520,225,0,225,58,24,34,0,41.37931034,1
2521,189,0,189,64,20,44,0,31.25000000,1
2522,225,0,225,56,18,38,0,32.14285714,1
2523,525,0,525,50,10,40,0,20.00000000,1
2524,225,0,225,62,28,34,0,45.16129032,1
2525,225,0,225,56,16,40,0,28.57142857,1
2526,225,0,225,68,24,44,0,35.29411765,1
2527,135,0,135,52,20,32,0,38.46153846,1
2528,225,0,225,58,16,42,0,27.58620690,1
2529,189,0,189,74,38,36,0,51.35135135,1
2530,135,0,135,66,24,42,0,36.36363636,1
2531,225,0,225,68,26,42,0,38.23529412,1
2532,315,0,315,50,22,28,0,44.00000000,1
2533,125,0,125,54,12,42,0,22.22222222,1
2534,225,0,225,74,26,48,0,35.13513514,1
2535,225,0,225,62,22,40,0,35.48387097,1
2536,225,0,225,46,10,36,0,21.73913043,1
2537,375,0,375,62,22,40,0,35.48387097,1
2538,225,0,225,62,22,40,0,35.48387097,1
2539,375,0,375,62,24,38,0,38.70967742,1
2540,125,0,125,60,30,30,0,50.00000000,1
2541,315,0,315,60,18,42,0,30.00000000,1
2542,105,0,105,62,18,44,0,29.03225806,1
2543,243,0,243,68,16,52,0,23.52941176,1
2544,135,0,135,60,16,44,0,26.66666667,1
2545,135,0,135,54,24,30,0,44.44444444,1
2546,225,0,225,66,22,44,0,33.33333333,1
2547,405,0,405,60,24,36,0,40.00000000,1
2548,225,0,225,66,28,38,0,42.42424242,1
2549,225,0,225,62,24,38,0,38.70967742,1
2550,225,0,225,64,28,36,0,43.75000000,1
2551,147,0,147,72,40,32,0,55.55555556,1
2552,243,0,243,56,26,30,0,46.42857143,1
2553,225,0,225,60,20,40,0,33.33333333,1
2554,175,0,175,84,22,62,0,26.19047619,1
2555,175,0,175,58,16,42,0,27.58620690,1
2556,189,0,189,106,26,80,0,24.52830189,1
2557,243,0,243,54,30,24,0,55.55555556,1
2558,243,0,243,60,28,32,0,46.66666667,1
2559,225,0,225,60,20,40,0,33.33333333,1
2560,99,0,99,60,18,42,0,30.00000000,1
2561,189,0,189,56,22,34,0,39.28571429,1
2562,189,0,189,48,28,20,0,58.33333333,1
2563,225,0,225,68,26,42,0,38.23529412,1
2564,225,0,225,56,22,34,0,39.28571429,1
2565,225,0,225,60,24,36,0,40.00000000,1
2566,225,0,225,66,22,44,0,33.33333333,1
2567,225,0,225,60,22,38,0,36.66666667,1
2568,225,0,225,68,28,40,0,41.17647059,1
2569,225,0,225,70,22,48,0,31.42857143,1
2570,135,0,135,60,26,34,0,43.33333333,1
2571,315,0,315,68,20,48,0,29.41176471,1
2572,225,0,225,58,16,42,0,27.58620690,1
2573,189,0,189,54,12,42,0,22.22222222,1
2574,225,0,225,56,26,30,0,46.42857143,1
2575,135,0,135,58,20,38,0,34.48275862,1
2576,225,0,225,66,24,42,0,36.36363636,1
2577,225,0,225,60,20,40,0,33.33333333,1
2578,105,0,105,56,18,38,0,32.14285714,1
2579,225,0,225,66,22,44,0,33.33333333,1
2580,315,0,315,58,28,30,0,48.27586207,1
2581,225,0,225,76,34,42,0,44.73684211,1
2582,315,0,315,56,26,30,0,46.42857143,1
2583,315,0,315,54,28,26,0,51.85185185,1
2584,375,0,375,50,26,24,0,52.00000000,1
2585,225,0,225,62,28,34,0,45.16129032,1
2586,375,0,375,62,24,38,0,38.70967742,1
2587,225,0,225,64,30,34,0,46.87500000,1
2588,189,0,189,58,14,44,0,24.13793103,1
2589,375,0,375,62,26,36,0,41.93548387,1
2590,225,0,225,70,28,42,0,40.00000000,1
2591,375,0,375,58,14,44,0,24.13793103,1
2592,189,0,189,62,24,38,0,38.70967742,1
2593,225,0,225,62,20,42,0,32.25806452,1
2594,189,0,189,70,26,44,0,37.14285714,1
2595,225,0,225,70,30,40,0,42.85714286,1
2596,135,0,135,60,22,38,0,36.66666667,1
2597,315,0,315,62,20,42,0,32.25806452,1
2598,225,0,225,66,30,36,0,45.45454545,1
2599,225,0,225,58,18,40,0,31.03448276,1
2600,225,0,225,62,22,40,0,35.48387097,1
2601,175,0,175,96,50,46,0,52.08333333,1
2602,189,0,189,52,20,32,0,38.46153846,1
2603,315,0,315,54,12,42,0,22.22222222,1
2604,375,0,375,56,24,32,0,42.85714286,1
2605,225,0,225,64,22,42,0,34.37500000,1
2606,225,0,225,66,22,44,0,33.33333333,1
2607,225,0,225,62,22,40,0,35.48387097,1
2608,315,0,315,60,16,44,0,26.66666667,1
2609,375,0,375,60,18,42,0,30.00000000,1
2610,375,0,375,56,20,36,0,35.71428571,1
2611,189,0,189,56,32,24,0,57.14285714,1
2612,225,0,225,64,26,38,0,40.62500000,1
2613,225,0,225,62,22,40,0,35.48387097,1
2614,225,0,225,64,22,42,0,34.37500000,1
2615,225,0,225,64,28,36,0,43.75000000,1
2616,375,0,375,60,22,38,0,36.66666667,1
2617,225,0,225,68,26,42,0,38.23529412,1
2618,175,0,175,64,34,30,0,53.12500000,1
2619,225,0,225,68,26,42,0,38.23529412,1
2620,225,0,225,46,18,28,0,39.13043478,1
2621,135,0,135,60,20,40,0,33.33333333,1
2622,225,0,225,64,26,38,0,40.62500000,1
2623,315,0,315,66,26,40,0,39.39393939,1
2624,245,0,245,78,18,60,0,23.07692308,1
2625,189,0,189,68,26,42,0,38.23529412,1
2626,189,0,189,66,28,38,0,42.42424242,1
2627,225,0,225,64,26,38,0,40.62500000,1
2628,225,0,225,64,24,40,0,37.50000000,1
2629,147,0,147,58,20,38,0,34.48275862,1
2630,105,0,105,58,12,46,0,20.68965517,1
2631,225,0,225,64,30,34,0,46.87500000,1
2632,175,0,175,88,20,68,0,22.72727273,1
2633,225,0,225,54,18,36,0,33.33333333,1
2634,375,0,375,62,30,32,0,48.38709677,1
2635,189,0,189,72,26,46,0,36.11111111,1
2636,225,0,225,56,26,30,0,46.42857143,1
2637,225,0,225,62,26,36,0,41.93548387,1
2638,105,0,105,62,28,34,0,45.16129032,1
2639,375,0,375,58,24,34,0,41.37931034,1
2640,105,0,105,50,26,24,0,52.00000000,1
2641,189,0,189,58,26,32,0,44.82758621,1
2642,225,0,225,64,16,48,0,25.00000000,1
2643,315,0,315,60,18,42,0,30.00000000,1
2644,315,0,315,60,24,36,0,40.00000000,1
2645,225,0,225,74,28,46,0,37.83783784,1
2646,225,0,225,60,26,34,0,43.33333333,1
2647,225,0,225,62,26,36,0,41.93548387,1
2648,225,0,225,56,22,34,0,39.28571429,1
2649,105,0,105,60,18,42,0,30.00000000,1
2650,135,0,135,68,26,42,0,38.23529412,1
2651,375,0,375,56,26,30,0,46.42857143,1
2652,225,0,225,60,22,38,0,36.66666667,1
2653,225,0,225,58,26,32,0,44.82758621,1
2654,225,0,225,66,26,40,0,39.39393939,1
2655,189,0,189,52,22,30,0,42.30769231,1
2656,225,0,225,56,24,32,0,42.85714286,1
2657,135,0,135,64,20,44,0,31.25000000,1
2658,225,0,225,64,22,42,0,34.37500000,1
2659,315,0,315,54,16,38,0,29.62962963,1
2660,135,0,135,68,26,42,0,38.23529412,1
2661,225,0,225,62,26,36,0,41.93548387,1
2662,225,0,225,58,24,34,0,41.37931034,1
2663,125,0,125,78,42,36,0,53.84615385,1
2664,243,0,243,78,30,48,0,38.46153846,1
2665,225,0,225,62,16,46,0,25.80645161,1
2666,225,0,225,68,30,38,0,44.11764706,1
2667,225,0,225,64,28,36,0,43.75000000,1
2668,165,0,165,60,18,42,0,30.00000000,1
2669,225,0,225,58,22,36,0,37.93103448,1
2670,105,0,105,74,36,38,0,48.64864865,1
2671,375,0,375,60,30,30,0,50.00000000,1
2672,225,0,225,58,22,36,0,37.93103448,1
2673,225,0,225,60,18,42,0,30.00000000,1
2674,375,0,375,60,22,38,0,36.66666667,1
2675,315,0,315,54,14,40,0,25.92592593,1
2676,175,0,175,92,22,70,0,23.91304348,1
2677,297,0,297,56,22,34,0,39.28571429,1
2678,243,0,243,54,32,22,0,59.25925926,1
2679,225,0,225,62,24,38,0,38.70967742,1
2680,315,0,315,66,26,40,0,39.39393939,1
2681,225,0,225,60,18,42,0,30.00000000,1
2682,225,0,225,58,30,28,0,51.72413793,1
2683,315,0,315,56,20,36,0,35.71428571,1
2684,225,0,225,54,18,36,0,33.33333333,1
2685,195,0,195,60,4,56,0,6.66666667,1
2686,225,0,225,62,28,34,0,45.16129032,1
2687,225,0,225,66,30,36,0,45.45454545,1
2688,315,0,315,64,28,36,0,43.75000000,1
2689,225,0,225,66,26,40,0,39.39393939,1
2690,495,0,495,46,16,30,0,34.78260870,1
2691,135,0,135,66,24,42,0,36.36363636,1
2692,175,0,175,64,30,34,0,46.87500000,1
2693,315,0,315,60,30,30,0,50.00000000,1
2694,225,0,225,56,26,30,0,46.42857143,1
2695,315,0,315,60,18,42,0,30.00000000,1
2696,189,0,189,62,24,38,0,38.70967742,1
2697,225,0,225,68,22,46,0,32.35294118,1
2698,375,0,375,56,16,40,0,28.57142857,1
2699,375,0,375,56,26,30,0,46.42857143,1
2700,135,0,135,70,30,40,0,42.85714286,1
2701,225,0,225,66,24,42,0,36.36363636,1
2702,225,0,225,60,20,40,0,33.33333333,1
2703,225,0,225,62,22,40,0,35.48387097,1
2704,315,0,315,54,26,28,0,48.14814815,1
2705,175,0,175,66,36,30,0,54.54545455,1
2706,81,0,81,52,14,38,0,26.92307692,1
2707,189,0,189,70,24,46,0,34.28571429,1
2708,375,0,375,58,16,42,0,27.58620690,1
2709,125,0,125,52,16,36,0,30.76923077,1
2710,375,0,375,56,16,40,0,28.57142857,1
2711,315,0,315,50,16,34,0,32.00000000,1
2712,315,0,315,60,18,42,0,30.00000000,1
2713,225,0,225,58,22,36,0,37.93103448,1
2714,135,0,135,66,24,42,0,36.36363636,1
2715,189,0,189,66,22,44,0,33.33333333,1
2716,135,0,135,58,22,36,0,37.93103448,1
2717,135,0,135,56,16,40,0,28.57142857,1
2718,175,0,175,56,10,46,0,17.85714286,1
2719,225,0,225,64,26,38,0,40.62500000,1
2720,105,0,105,52,24,28,0,46.15384615,1
2721,225,0,225,52,24,28,0,46.15384615,1
2722,375,0,375,58,20,38,0,34.48275862,1
2723,225,0,225,54,20,34,0,37.03703704,1
2724,135,0,135,60,20,40,0,33.33333333,1
2725,225,0,225,54,24,30,0,44.44444444,1
2726,225,0,225,60,22,38,0,36.66666667,1
2727,125,0,125,60,16,44,0,26.66666667,1
2728,225,0,225,68,26,42,0,38.23529412,1
2729,225,0,225,60,20,40,0,33.33333333,1
2730,225,0,225,62,28,34,0,45.16129032,1
2731,105,0,105,62,12,50,0,19.35483871,1
2732,189,0,189,66,30,36,0,45.45454545,1
2733,315,0,315,64,32,32,0,50.00000000,1
2734,225,0,225,60,24,36,0,40.00000000,1
2735,225,0,225,68,26,42,0,38.23529412,1
2736,189,0,189,58,18,40,0,31.03448276,1
2737,315,0,315,62,32,30,0,51.61290323,1
2738,225,0,225,60,26,34,0,43.33333333,1
2739,225,0,225,70,24,46,0,34.28571429,1
2740,225,0,225,52,18,34,0,34.61538462,1
2741,315,0,315,54,26,28,0,48.14814815,1
2742,225,0,225,66,26,40,0,39.39393939,1
2743,245,0,245,110,26,84,0,23.63636364,1
2744,189,0,189,66,24,42,0,36.36363636,1
2745,225,0,225,60,26,34,0,43.33333333,1
2746,189,0,189,62,26,36,0,41.93548387,1
2747,117,0,117,68,34,34,0,50.00000000,1
2748,225,0,225,90,52,38,0,57.77777778,1
2749,351,0,351,48,16,32,0,33.33333333,1
2750,225,0,225,66,28,38,0,42.42424242,1
2751,175,0,175,78,40,38,0,51.28205128,1
2752,315,0,315,54,30,24,0,55.55555556,1
2753,135,0,135,60,24,36,0,40.00000000,1
2754,231,0,231,114,64,50,0,56.14035088,1
2755,225,0,225,62,24,38,0,38.70967742,1
2756,105,0,105,62,20,42,0,32.25806452,1
2757,375,0,375,64,24,40,0,37.50000000,1
2758,225,0,225,62,22,40,0,35.48387097,1
2759,225,0,225,60,22,38,0,36.66666667,1
2760,375,0,375,52,18,34,0,34.61538462,1
2761,225,0,225,60,20,40,0,33.33333333,1
2762,165,0,165,56,28,28,0,50.00000000,1
2763,135,0,135,70,26,44,0,37.14285714,1
2764,99,0,99,60,18,42,0,30.00000000,1
2765,243,0,243,54,14,40,0,25.92592593,1
2766,63,0,63,54,24,30,0,44.44444444,1
2767,225,0,225,64,26,38,0,40.62500000,1
2768,315,0,315,64,30,34,0,46.87500000,1
2769,315,0,315,60,30,30,0,50.00000000,1
2770,135,0,135,64,24,40,0,37.50000000,1
2771,441,0,441,46,22,24,0,47.82608696,1
2772,225,0,225,70,26,44,0,37.14285714,1
2773,189,0,189,68,26,42,0,38.23529412,1
2774,225,0,225,66,22,44,0,33.33333333,1
2775,225,0,225,66,22,44,0,33.33333333,1
2776,405,0,405,56,30,26,0,53.57142857,1
2777,243,0,243,58,32,26,0,55.17241379,1
2778,105,0,105,52,10,42,0,19.23076923,1
2779,135,0,135,64,22,42,0,34.37500000,1
2780,243,0,243,74,8,66,0,10.81081081,1
2781,105,0,105,66,18,48,0,27.27272727,1
2782,225,0,225,54,24,30,0,44.44444444,1
2783,225,0,225,56,22,34,0,39.28571429,1
2784,175,0,175,90,46,44,0,51.11111111,1
2785,189,0,189,60,18,42,0,30.00000000,1
2786,135,0,135,60,26,34,0,43.33333333,1
2787,225,0,225,64,22,42,0,34.37500000,1
2788,315,0,315,56,18,38,0,32.14285714,1
2789,225,0,225,134,30,104,0,22.38805970,1
2790,225,0,225,66,30,36,0,45.45454545,1
2791,135,0,135,60,14,46,0,23.33333333,1
2792,225,0,225,64,22,42,0,34.37500000,1
2793,405,0,405,58,30,28,0,51.72413793,1
2794,225,0,225,62,20,42,0,32.25806452,1
2795,135,0,135,68,24,44,0,35.29411765,1
2796,225,0,225,70,26,44,0,37.14285714,1
2797,225,0,225,58,26,32,0,44.82758621,1
2798,375,0,375,62,26,36,0,41.93548387,1
2799,125,0,125,60,16,44,0,26.66666667,1
2800,225,0,225,62,28,34,0,45.16129032,1
2801,315,0,315,60,20,40,0,33.33333333,1
2802,243,0,243,58,24,34,0,41.37931034,1
2803,225,0,225,72,26,46,0,36.11111111,1
2804,225,0,225,62,24,38,0,38.70967742,1
2805,225,0,225,60,30,30,0,50.00000000,1
2806,315,0,315,58,16,42,0,27.58620690,1
2807,225,0,225,64,22,42,0,34.37500000,1
2808,225,0,225,72,22,50,0,30.55555556,1
2809,225,0,225,64,22,42,0,34.37500000,1
2810,135,0,135,60,28,32,0,46.66666667,1
2811,375,0,375,58,16,42,0,27.58620690,1
2812,225,0,225,56,24,32,0,42.85714286,1
2813,105,0,105,52,32,20,0,61.53846154,1
2814,225,0,225,56,22,34,0,39.28571429,1
2815,375,0,375,64,18,46,0,28.12500000,1
2816,135,0,135,66,26,40,0,39.39393939,1
2817,375,0,375,66,24,42,0,36.36363636,1
2818,135,0,135,68,28,40,0,41.17647059,1
2819,135,0,135,68,24,44,0,35.29411765,1
2820,315,0,315,62,24,38,0,38.70967742,1
2821,225,0,225,66,20,46,0,30.30303030,1
2822,243,0,243,72,20,52,0,27.77777778,1
2823,175,0,175,54,16,38,0,29.62962963,1
2824,405,0,405,52,22,30,0,42.30769231,1
2825,225,0,225,58,24,34,0,41.37931034,1
2826,225,0,225,68,22,46,0,32.35294118,1
2827,375,0,375,70,22,48,0,31.42857143,1
2828,189,0,189,78,36,42,0,46.15384615,1
2829,225,0,225,62,26,36,0,41.93548387,1
2830,375,0,375,60,26,34,0,43.33333333,1
2831,243,0,243,60,20,40,0,33.33333333,1
2832,225,0,225,60,20,40,0,33.33333333,1
2833,225,0,225,70,24,46,0,34.28571429,1
2834,225,0,225,68,32,36,0,47.05882353,1
2835,225,0,225,62,22,40,0,35.48387097,1
2836,105,0,105,60,14,46,0,23.33333333,1
2837,225,0,225,56,20,36,0,35.71428571,1
2838,125,0,125,68,36,32,0,52.94117647,1
2839,135,0,135,66,28,38,0,42.42424242,1
2840,315,0,315,56,18,38,0,32.14285714,1
2841,315,0,315,64,28,36,0,43.75000000,1
2842,273,0,273,164,42,122,0,25.60975610,1
2843,225,0,225,56,22,34,0,39.28571429,1
2844,225,0,225,66,26,40,0,39.39393939,1
2845,135,0,135,60,28,32,0,46.66666667,1
2846,225,0,225,62,20,42,0,32.25806452,1
2847,375,0,375,60,26,34,0,43.33333333,1
2848,189,0,189,66,24,42,0,36.36363636,1
2849,375,0,375,54,12,42,0,22.22222222,1
2850,351,0,351,54,14,40,0,25.92592593,1
2851,189,0,189,66,28,38,0,42.42424242,1
2852,189,0,189,68,26,42,0,38.23529412,1
2853,225,0,225,60,24,36,0,40.00000000,1
2854,225,0,225,72,30,42,0,41.66666667,1
2855,135,0,135,64,32,32,0,50.00000000,1
2856,135,0,135,66,26,40,0,39.39393939,1
2857,135,0,135,54,24,30,0,44.44444444,1
2858,225,0,225,68,20,48,0,29.41176471,1
2859,315,0,315,68,28,40,0,41.17647059,1
2860,225,0,225,68,30,38,0,44.11764706,1
2861,225,0,225,66,22,44,0,33.33333333,1
2862,225,0,225,66,20,46,0,30.30303030,1
2863,225,0,225,62,22,40,0,35.48387097,1
2864,315,0,315,68,26,42,0,38.23529412,1
2865,375,0,375,58,22,36,0,37.93103448,1
2866,135,0,135,64,26,38,0,40.62500000,1
2867,99,0,99,68,34,34,0,50.00000000,1
2868,225,0,225,64,30,34,0,46.87500000,1
2869,225,0,225,58,20,38,0,34.48275862,1
2870,375,0,375,64,26,38,0,40.62500000,1
2871,165,0,165,102,54,48,0,52.94117647,1
2872,105,0,105,62,30,32,0,48.38709677,1
2873,135,0,135,54,30,24,0,55.55555556,1
2874,225,0,225,66,26,40,0,39.39393939,1
2875,105,0,105,58,14,44,0,24.13793103,1
2876,315,0,315,56,18,38,0,32.14285714,1
2877,135,0,135,62,20,42,0,32.25806452,1
2878,189,0,189,66,24,42,0,36.36363636,1
2879,189,0,189,62,28,34,0,45.16129032,1
2880,297,0,297,56,14,42,0,25.00000000,1
2881,225,0,225,60,24,36,0,40.00000000,1
2882,315,0,315,56,28,28,0,50.00000000,1
2883,225,0,225,62,26,36,0,41.93548387,1
2884,225,0,225,60,24,36,0,40.00000000,1
2885,225,0,225,70,28,42,0,40.00000000,1
2886,175,0,175,84,46,38,0,54.76190476,1
2887,189,0,189,68,26,42,0,38.23529412,1
2888,255,0,255,154,34,120,0,22.07792208,1
2889,225,0,225,62,24,38,0,38.70967742,1
2890,225,0,225,66,22,44,0,33.33333333,1
2891,225,0,225,74,26,48,0,35.13513514,1
2892,225,0,225,62,22,40,0,35.48387097,1
2893,375,0,375,62,26,36,0,41.93548387,1
2894,375,0,375,66,26,40,0,39.39393939,1
2895,315,0,315,60,20,40,0,33.33333333,1
2896,225,0,225,58,16,42,0,27.58620690,1
2897,189,0,189,56,20,36,0,35.71428571,1
2898,375,0,375,58,16,42,0,27.58620690,1
2899,243,0,243,68,24,44,0,35.29411765,1
2900,375,0,375,62,28,34,0,45.16129032,1
2901,189,0,189,66,22,44,0,33.33333333,1
2902,375,0,375,62,22,40,0,35.48387097,1
2903,225,0,225,68,32,36,0,47.05882353,1
2904,315,0,315,58,26,32,0,44.82758621,1
2905,225,0,225,62,16,46,0,25.80645161,1
2906,135,0,135,54,22,32,0,40.74074074,1
2907,375,0,375,66,26,40,0,39.39393939,1
2908,375,0,375,52,12,40,0,23.07692308,1
2909,225,0,225,62,24,38,0,38.70967742,1
2910,225,0,225,62,26,36,0,41.93548387,1
2911,135,0,135,62,22,40,0,35.48387097,1
2912,105,0,105,60,16,44,0,26.66666667,1
2913,315,0,315,48,18,30,0,37.50000000,1
2914,81,0,81,50,14,36,0,28.00000000,1
2915,189,0,189,66,28,38,0,42.42424242,1
2916,375,0,375,64,30,34,0,46.87500000,1
2917,375,0,375,66,24,42,0,36.36363636,1
2918,225,0,225,62,18,44,0,29.03225806,1
2919,125,0,125,84,42,42,0,50.00000000,1
2920,189,0,189,64,24,40,0,37.50000000,1
2921,225,0,225,58,22,36,0,37.93103448,1
2922,135,0,135,66,24,42,0,36.36363636,1
2923,375,0,375,56,14,42,0,25.00000000,1
2924,225,0,225,70,30,40,0,42.85714286,1
2925,315,0,315,52,26,26,0,50.00000000,1
2926,297,0,297,62,30,32,0,48.38709677,1
2927,375,0,375,52,24,28,0,46.15384615,1
2928,225,0,225,66,22,44,0,33.33333333,1
2929,225,0,225,64,26,38,0,40.62500000,1
2930,225,0,225,68,22,46,0,32.35294118,1
2931,135,0,135,64,28,36,0,43.75000000,1
2932,135,0,135,64,24,40,0,37.50000000,1
2933,125,0,125,66,34,32,0,51.51515152,1
2934,243,0,243,76,30,46,0,39.47368421,1
2935,175,0,175,80,20,60,0,25.00000000,1
2936,495,0,495,38,8,30,0,21.05263158,1
2937,225,0,225,60,18,42,0,30.00000000,1
2938,225,0,225,70,24,46,0,34.28571429,1
2939,375,0,375,58,22,36,0,37.93103448,1
2940,225,0,225,62,22,40,0,35.48387097,1
2941,189,0,189,50,28,22,0,56.00000000,1
2942,225,0,225,70,22,48,0,31.42857143,1
2943,135,0,135,66,26,40,0,39.39393939,1
2944,245,0,245,82,20,62,0,24.39024390,1
2945,441,0,441,48,18,30,0,37.50000000,1
2946,225,0,225,58,24,34,0,41.37931034,1
2947,375,0,375,60,24,36,0,40.00000000,1
2948,375,0,375,58,22,36,0,37.93103448,1
2949,315,0,315,64,30,34,0,46.87500000,1
2950,99,0,99,56,30,26,0,53.57142857,1
2951,195,0,195,106,26,80,0,24.52830189,1
2952,135,0,135,64,26,38,0,40.62500000,1
2953,189,0,189,68,24,44,0,35.29411765,1
2954,189,0,189,58,20,38,0,34.48275862,1
2955,189,0,189,60,24,36,0,40.00000000,1
2956,315,0,315,54,10,44,0,18.51851852,1
2957,189,0,189,68,28,40,0,41.17647059,1
2958,135,0,135,62,24,38,0,38.70967742,1
2959,315,0,315,70,30,40,0,42.85714286,1
2960,225,0,225,58,22,36,0,37.93103448,1
2961,105,0,105,58,14,44,0,24.13793103,1
2962,225,0,225,58,22,36,0,37.93103448,1
2963,525,0,525,52,14,38,0,26.92307692,1
2964,375,0,375,68,28,40,0,41.17647059,1
2965,225,0,225,68,28,40,0,41.17647059,1
2966,189,0,189,62,28,34,0,45.16129032,1
2967,225,0,225,62,24,38,0,38.70967742,1
2968,135,0,135,70,28,42,0,40.00000000,1
2969,225,0,225,50,26,24,0,52.00000000,1
2970,147,0,147,82,46,36,0,56.09756098,1
2971,243,0,243,56,22,34,0,39.28571429,1
2972,225,0,225,68,28,40,0,41.17647059,1
2973,315,0,315,60,28,32,0,46.66666667,1
2974,225,0,225,68,28,40,0,41.17647059,1
2975,315,0,315,52,26,26,0,50.00000000,1
2976,375,0,375,64,24,40,0,37.50000000,1
2977,63,0,63,50,28,22,0,56.00000000,1
2978,105,0,105,78,22,56,0,28.20512821,1
2979,135,0,135,60,24,36,0,40.00000000,1
2980,243,0,243,76,30,46,0,39.47368421,1
2981,225,0,225,60,24,36,0,40.00000000,1
2982,315,0,315,58,32,26,0,55.17241379,1
2983,375,0,375,60,26,34,0,43.33333333,1
2984,189,0,189,62,24,38,0,38.70967742,1
2985,147,0,147,62,30,32,0,48.38709677,1
2986,225,0,225,58,20,38,0,34.48275862,1
2987,225,0,225,64,22,42,0,34.37500000,1
2988,105,0,105,58,28,30,0,48.27586207,1
2989,225,0,225,54,20,34,0,37.03703704,1
2990,225,0,225,64,26,38,0,40.62500000,1
2991,225,0,225,64,28,36,0,43.75000000,1
2992,189,0,189,68,32,36,0,47.05882353,1
2993,189,0,189,62,22,40,0,35.48387097,1
2994,225,0,225,64,26,38,0,40.62500000,1
2995,189,0,189,60,22,38,0,36.66666667,1
2996,225,0,225,70,26,44,0,37.14285714,1
2997,225,0,225,62,22,40,0,35.48387097,1
2998,225,0,225,64,26,38,0,40.62500000,1
2999,243,0,243,64,28,36,0,43.75000000,1
3000,225,0,225,66,24,42,0,36.36363636,1
3001,135,0,135,68,28,40,0,41.17647059,1
3002,315,0,315,60,16,44,0,26.66666667,1
3003,189,0,189,64,22,42,0,34.37500000,1
3004,175,0,175,52,16,36,0,30.76923077,1
3005,135,0,135,66,24,42,0,36.36363636,1
3006,297,0,297,66,26,40,0,39.39393939,1
3007,225,0,225,56,18,38,0,32.14285714,1
3008,375,0,375,62,24,38,0,38.70967742,1
3009,135,0,135,68,22,46,0,32.35294118,1
3010,375,0,375,62,16,46,0,25.80645161,1
3011,225,0,225,64,24,40,0,37.50000000,1
3012,315,0,315,62,20,42,0,32.25806452,1
3013,105,0,105,68,36,32,0,52.94117647,1
3014,225,0,225,56,34,22,0,60.71428571,1
3015,225,0,225,66,26,40,0,39.39393939,1
3016,189,0,189,70,26,44,0,37.14285714,1
3017,125,0,125,48,14,34,0,29.16666667,1
3018,135,0,135,64,20,44,0,31.25000000,1
3019,375,0,375,64,20,44,0,31.25000000,1
3020,225,0,225,60,14,46,0,23.33333333,1
3021,225,0,225,64,28,36,0,43.75000000,1
3022,375,0,375,66,28,38,0,42.42424242,1
3023,225,0,225,64,24,40,0,37.50000000,1
3024,189,0,189,54,16,38,0,29.62962963,1
3025,225,0,225,66,24,42,0,36.36363636,1
3026,297,0,297,76,26,50,0,34.21052632,1
3027,117,0,117,60,14,46,0,23.33333333,1
3028,225,0,225,66,28,38,0,42.42424242,1
3029,135,0,135,66,28,38,0,42.42424242,1
3030,375,0,375,62,24,38,0,38.70967742,1
3031,245,0,245,106,22,84,0,20.75471698,1
3032,375,0,375,62,28,34,0,45.16129032,1
3033,315,0,315,56,14,42,0,25.00000000,1
3034,375,0,375,60,24,36,0,40.00000000,1
3035,315,0,315,70,20,50,0,28.57142857,1
3036,315,0,315,54,14,40,0,25.92592593,1
3037,315,0,315,58,30,28,0,51.72413793,1
3038,225,0,225,60,22,38,0,36.66666667,1
3039,225,0,225,66,28,38,0,42.42424242,1
3040,189,0,189,64,26,38,0,40.62500000,1
3041,135,0,135,66,20,46,0,30.30303030,1
3042,189,0,189,62,20,42,0,32.25806452,1
3043,315,0,315,60,26,34,0,43.33333333,1
3044,405,0,405,44,14,30,0,31.81818182,1
3045,225,0,225,66,24,42,0,36.36363636,1
3046,75,0,75,52,12,40,0,23.07692308,1
3047,375,0,375,64,26,38,0,40.62500000,1
3048,243,0,243,52,32,20,0,61.53846154,1
3049,135,0,135,66,26,40,0,39.39393939,1
3050,135,0,135,62,26,36,0,41.93548387,1
3051,375,0,375,68,30,38,0,44.11764706,1
3052,225,0,225,66,20,46,0,30.30303030,1
3053,175,0,175,70,20,50,0,28.57142857,1
3054,315,0,315,64,24,40,0,37.50000000,1
3055,225,0,225,72,30,42,0,41.66666667,1
3056,225,0,225,68,24,44,0,35.29411765,1
3057,175,0,175,100,54,46,0,54.00000000,1
3058,225,0,225,66,24,42,0,36.36363636,1
3059,225,0,225,72,36,36,0,50.00000000,1
3060,125,0,125,62,30,32,0,48.38709677,1
3061,315,0,315,66,28,38,0,42.42424242,1
3062,225,0,225,62,22,40,0,35.48387097,1
3063,243,0,243,62,20,42,0,32.25806452,1
3064,375,0,375,70,24,46,0,34.28571429,1
3065,315,0,315,62,24,38,0,38.70967742,1
3066,225,0,225,54,12,42,0,22.22222222,1
3067,225,0,225,54,26,28,0,48.14814815,1
3068,225,0,225,66,22,44,0,33.33333333,1
3069,189,0,189,68,26,42,0,38.23529412,1
3070,225,0,225,70,30,40,0,42.85714286,1
3071,375,0,375,58,16,42,0,27.58620690,1
3072,225,0,225,58,20,38,0,34.48275862,1
3073,135,0,135,66,22,44,0,33.33333333,1
3074,175,0,175,64,32,32,0,50.00000000,1
3075,225,0,225,60,26,34,0,43.33333333,1
3076,225,0,225,64,24,40,0,37.50000000,1
3077,375,0,375,62,26,36,0,41.93548387,1
3078,225,0,225,60,20,40,0,33.33333333,1
3079,225,0,225,46,22,24,0,47.82608696,1
3080,375,0,375,56,28,28,0,50.00000000,1
3081,225,0,225,60,24,36,0,40.00000000,1
3082,225,0,225,66,22,44,0,33.33333333,1
3083,315,0,315,64,24,40,0,37.50000000,1
3084,135,0,135,62,24,38,0,38.70967742,1
3085,189,0,189,56,28,28,0,50.00000000,1
3086,225,0,225,60,26,34,0,43.33333333,1
3087,231,0,231,106,28,78,0,26.41509434,1
3088,125,0,125,52,12,40,0,23.07692308,1
3089,225,0,225,60,26,34,0,43.33333333,1
3090,225,0,225,60,24,36,0,40.00000000,1
3091,243,0,243,60,24,36,0,40.00000000,1
3092,189,0,189,68,24,44,0,35.29411765,1
3093,375,0,375,62,28,34,0,45.16129032,1
3094,375,0,375,58,24,34,0,41.37931034,1
3095,225,0,225,68,18,50,0,26.47058824,1
3096,105,0,105,62,14,48,0,22.58064516,1
3097,147,0,147,62,18,44,0,29.03225806,1
3098,189,0,189,64,26,38,0,40.62500000,1
3099,189,0,189,66,28,38,0,42.42424242,1
3100,375,0,375,58,24,34,0,41.37931034,1
3101,225,0,225,62,26,36,0,41.93548387,1
3102,225,0,225,68,24,44,0,35.29411765,1
3103,225,0,225,62,20,42,0,32.25806452,1
3104,225,0,225,60,24,36,0,40.00000000,1
3105,189,0,189,66,26,40,0,39.39393939,1
3106,175,0,175,90,46,44,0,51.11111111,1
3107,405,0,405,50,16,34,0,32.00000000,1
3108,343,0,343,126,64,62,0,50.79365079,1
3109,225,0,225,60,32,28,0,53.33333333,1
3110,315,0,315,68,30,38,0,44.11764706,1
3111,135,0,135,70,28,42,0,40.00000000,1
3112,135,0,135,62,28,34,0,45.16129032,1
3113,315,0,315,50,20,30,0,40.00000000,1
3114,315,0,315,56,24,32,0,42.85714286,1
3115,225,0,225,48,22,26,0,45.83333333,1
3116,147,0,147,84,24,60,0,28.57142857,1
3117,225,0,225,70,26,44,0,37.14285714,1
3118,135,0,135,66,24,42,0,36.36363636,1
3119,135,0,135,62,26,36,0,41.93548387,1
3120,375,0,375,54,14,40,0,25.92592593,1
3121,125,0,125,60,36,24,0,60.00000000,1
3122,225,0,225,60,24,36,0,40.00000000,1
3123,225,0,225,66,30,36,0,45.45454545,1
3124,225,0,225,58,20,38,0,34.48275862,1
3125,105,0,105,54,16,38,0,29.62962963,1
3126,189,0,189,70,22,48,0,31.42857143,1
3127,225,0,225,70,30,40,0,42.85714286,1
3128,225,0,225,58,20,38,0,34.48275862,1
3129,375,0,375,56,22,34,0,39.28571429,1
3130,225,0,225,64,22,42,0,34.37500000,1
3131,135,0,135,60,30,30,0,50.00000000,1
3132,225,0,225,58,20,38,0,34.48275862,1
3133,315,0,315,60,20,40,0,33.33333333,1
3134,105,0,105,64,14,50,0,21.87500000,1
3135,375,0,375,60,22,38,0,36.66666667,1
3136,225,0,225,60,20,40,0,33.33333333,1
3137,147,0,147,64,36,28,0,56.25000000,1
3138,225,0,225,66,24,42,0,36.36363636,1
3139,135,0,135,62,24,38,0,38.70967742,1
3140,315,0,315,54,24,30,0,44.44444444,1
3141,375,0,375,56,24,32,0,42.85714286,1
3142,135,0,135,72,20,52,0,27.77777778,1
3143,315,0,315,56,24,32,0,42.85714286,1
3144,315,0,315,64,30,34,0,46.87500000,1
3145,225,0,225,60,24,36,0,40.00000000,1
3146,375,0,375,58,26,32,0,44.82758621,1
3147,225,0,225,62,20,42,0,32.25806452,1
3148,225,0,225,58,26,32,0,44.82758621,1
3149,225,0,225,64,24,40,0,37.50000000,1
3150,375,0,375,54,26,28,0,48.14814815,1
3151,225,0,225,66,20,46,0,30.30303030,1
3152,315,0,315,54,30,24,0,55.55555556,1
3153,189,0,189,72,26,46,0,36.11111111,1
3154,225,0,225,62,22,40,0,35.48387097,1
3155,225,0,225,66,24,42,0,36.36363636,1
3156,297,0,297,46,20,26,0,43.47826087,1
3157,225,0,225,62,24,38,0,38.70967742,1
3158,135,0,135,82,40,42,0,48.78048780,1
3159,315,0,315,64,20,44,0,31.25000000,1
3160,135,0,135,88,26,62,0,29.54545455,1
3161,315,0,315,66,30,36,0,45.45454545,1
3162,225,0,225,64,30,34,0,46.87500000,1
3163,189,0,189,64,26,38,0,40.62500000,1
3164,81,0,81,54,18,36,0,33.33333333,1
3165,225,0,225,60,26,34,0,43.33333333,1
3166,225,0,225,56,18,38,0,32.14285714,1
3167,105,0,105,58,32,26,0,55.17241379,1
3168,175,0,175,76,40,36,0,52.63157895,1
3169,135,0,135,64,26,38,0,40.62500000,1
3170,375,0,375,60,18,42,0,30.00000000,1
3171,175,0,175,104,32,72,0,30.76923077,1
3172,135,0,135,58,20,38,0,34.48275862,1
3173,375,0,375,68,26,42,0,38.23529412,1
3174,225,0,225,66,22,44,0,33.33333333,1
3175,125,0,125,60,32,28,0,53.33333333,1
3176,539,0,539,200,48,152,0,24.00000000,1
3177,135,0,135,68,26,42,0,38.23529412,1
3178,225,0,225,62,26,36,0,41.93548387,1
3179,225,0,225,66,26,40,0,39.39393939,1
3180,225,0,225,66,24,42,0,36.36363636,1
3181,225,0,225,58,26,32,0,44.82758621,1
3182,189,0,189,66,26,40,0,39.39393939,1
3183,189,0,189,62,26,36,0,41.93548387,1
3184,189,0,189,54,22,32,0,40.74074074,1
3185,225,0,225,66,26,40,0,39.39393939,1
3186,243,0,243,58,18,40,0,31.03448276,1
3187,315,0,315,52,22,30,0,42.30769231,1
3188,135,0,135,66,26,40,0,39.39393939,1
3189,243,0,243,72,28,44,0,38.88888889,1
3190,135,0,135,66,28,38,0,42.42424242,1
3191,135,0,135,64,26,38,0,40.62500000,1
3192,135,0,135,62,28,34,0,45.16129032,1
3193,375,0,375,70,28,42,0,40.00000000,1
3194,297,0,297,60,24,36,0,40.00000000,1
3195,105,0,105,62,18,44,0,29.03225806,1
3196,459,0,459,52,8,44,0,15.38461538,1
3197,375,0,375,64,24,40,0,37.50000000,1
3198,225,0,225,66,28,38,0,42.42424242,1
3199,135,0,135,68,16,52,0,23.52941176,1
3200,225,0,225,68,24,44,0,35.29411765,1
3201,225,0,225,66,22,44,0,33.33333333,1
3202,225,0,225,62,26,36,0,41.93548387,1
3203,375,0,375,60,18,42,0,30.00000000,1
3204,175,0,175,72,20,52,0,27.77777778,1
3205,315,0,315,62,22,40,0,35.48387097,1
3206,225,0,225,56,16,40,0,28.57142857,1
3207,225,0,225,66,16,50,0,24.24242424,1
3208,225,0,225,64,26,38,0,40.62500000,1
3209,225,0,225,58,18,40,0,31.03448276,1
3210,175,0,175,62,16,46,0,25.80645161,1
3211,243,0,243,64,20,44,0,31.25000000,1
3212,225,0,225,68,28,40,0,41.17647059,1
3213,375,0,375,54,24,30,0,44.44444444,1
3214,135,0,135,66,20,46,0,30.30303030,1
3215,315,0,315,66,22,44,0,33.33333333,1
3216,315,0,315,58,26,32,0,44.82758621,1
3217,225,0,225,66,24,42,0,36.36363636,1
3218,375,0,375,60,16,44,0,26.66666667,1
3219,315,0,315,50,8,42,0,16.00000000,1
3220,189,0,189,60,22,38,0,36.66666667,1
3221,375,0,375,58,26,32,0,44.82758621,1
3222,225,0,225,64,20,44,0,31.25000000,1
3223,225,0,225,54,24,30,0,44.44444444,1
3224,189,0,189,66,24,42,0,36.36363636,1
3225,243,0,243,58,20,38,0,34.48275862,1
3226,225,0,225,62,24,38,0,38.70967742,1
3227,243,0,243,60,20,40,0,33.33333333,1
3228,195,0,195,62,34,28,0,54.83870968,1
3229,315,0,315,72,22,50,0,30.55555556,1
3230,225,0,225,62,24,38,0,38.70967742,1
3231,225,0,225,56,22,34,0,39.28571429,1
3232,315,0,315,126,70,56,0,55.55555556,1
3233,189,0,189,64,26,38,0,40.62500000,1
3234,189,0,189,62,28,34,0,45.16129032,1
3235,225,0,225,58,28,30,0,48.27586207,1
3236,105,0,105,72,20,52,0,27.77777778,1
3237,105,0,105,60,24,36,0,40.00000000,1
3238,225,0,225,70,22,48,0,31.42857143,1
3239,225,0,225,56,26,30,0,46.42857143,1
3240,375,0,375,52,14,38,0,26.92307692,1
3241,225,0,225,62,24,38,0,38.70967742,1
3242,375,0,375,62,24,38,0,38.70967742,1
3243,135,0,135,66,24,42,0,36.36363636,1
3244,375,0,375,60,20,40,0,33.33333333,1
3245,243,0,243,68,26,42,0,38.23529412,1
3246,375,0,375,48,18,30,0,37.50000000,1
3247,135,0,135,64,26,38,0,40.62500000,1
3248,225,0,225,66,28,38,0,42.42424242,1
3249,135,0,135,58,22,36,0,37.93103448,1
3250,315,0,315,58,26,32,0,44.82758621,1
3251,135,0,135,64,24,40,0,37.50000000,1
3252,225,0,225,52,22,30,0,42.30769231,1
3253,375,0,375,58,30,28,0,51.72413793,1
3254,225,0,225,66,30,36,0,45.45454545,1
3255,225,0,225,58,20,38,0,34.48275862,1
3256,225,0,225,64,20,44,0,31.25000000,1
3257,135,0,135,66,22,44,0,33.33333333,1
3258,225,0,225,64,28,36,0,43.75000000,1
3259,243,0,243,52,18,34,0,34.61538462,1
3260,225,0,225,62,26,36,0,41.93548387,1
3261,189,0,189,70,14,56,0,20.00000000,1
3262,225,0,225,62,22,40,0,35.48387097,1
3263,125,0,125,52,12,40,0,23.07692308,1
3264,225,0,225,62,24,38,0,38.70967742,1
3265,225,0,225,64,20,44,0,31.25000000,1
3266,375,0,375,56,22,34,0,39.28571429,1
3267,195,0,195,112,28,84,0,25.00000000,1
3268,441,0,441,58,28,30,0,48.27586207,1
3269,225,0,225,66,24,42,0,36.36363636,1
3270,315,0,315,62,22,40,0,35.48387097,1
3271,189,0,189,66,24,42,0,36.36363636,1
3272,375,0,375,62,24,38,0,38.70967742,1
3273,225,0,225,70,20,50,0,28.57142857,1
3274,225,0,225,70,30,40,0,42.85714286,1
3275,105,0,105,56,16,40,0,28.57142857,1
3276,375,0,375,64,26,38,0,40.62500000,1
3277,135,0,135,62,30,32,0,48.38709677,1
3278,175,0,175,72,36,36,0,50.00000000,1
3279,225,0,225,62,26,36,0,41.93548387,1
3280,135,0,135,62,24,38,0,38.70967742,1
3281,495,0,495,50,24,26,0,48.00000000,1
3282,315,0,315,58,22,36,0,37.93103448,1
3283,315,0,315,66,28,38,0,42.42424242,1
3284,125,0,125,56,12,44,0,21.42857143,1
3285,147,0,147,64,18,46,0,28.12500000,1
3286,135,0,135,60,24,36,0,40.00000000,1
3287,315,0,315,58,14,44,0,24.13793103,1
3288,105,0,105,68,16,52,0,23.52941176,1
3289,105,0,105,70,32,38,0,45.71428571,1
3290,225,0,225,62,28,34,0,45.16129032,1
3291,315,0,315,58,20,38,0,34.48275862,1
3292,225,0,225,56,14,42,0,25.00000000,1
3293,175,0,175,84,20,64,0,23.80952381,1
3294,189,0,189,56,10,46,0,17.85714286,1
3295,225,0,225,62,20,42,0,32.25806452,1
3296,175,0,175,58,18,40,0,31.03448276,1
3297,243,0,243,62,20,42,0,32.25806452,1
3298,231,0,231,94,22,72,0,23.40425532,1
3299,375,0,375,62,26,36,0,41.93548387,1
3300,315,0,315,58,16,42,0,27.58620690,1
3301,225,0,225,64,24,40,0,37.50000000,1
3302,405,0,405,48,12,36,0,25.00000000,1
3303,225,0,225,80,38,42,0,47.50000000,1
3304,225,0,225,60,22,38,0,36.66666667,1
3305,375,0,375,56,22,34,0,39.28571429,1
3306,225,0,225,60,18,42,0,30.00000000,1
3307,75,0,75,56,26,30,0,46.42857143,1
3308,225,0,225,66,26,40,0,39.39393939,1
3309,351,0,351,58,22,36,0,37.93103448,1
3310,125,0,125,64,36,28,0,56.25000000,1
3311,225,0,225,68,22,46,0,32.35294118,1
3312,225,0,225,58,24,34,0,41.37931034,1
3313,225,0,225,60,28,32,0,46.66666667,1
3314,225,0,225,60,26,34,0,43.33333333,1
3315,135,0,135,68,22,46,0,32.35294118,1
3316,135,0,135,60,24,36,0,40.00000000,1
3317,225,0,225,62,20,42,0,32.25806452,1
3318,225,0,225,66,28,38,0,42.42424242,1
3319,65,0,65,48,14,34,0,29.16666667,1
3320,135,0,135,64,22,42,0,34.37500000,1
3321,375,0,375,58,20,38,0,34.48275862,1
3322,147,0,147,64,18,46,0,28.12500000,1
3323,315,0,315,54,14,40,0,25.92592593,1
3324,225,0,225,66,28,38,0,42.42424242,1
3325,315,0,315,64,30,34,0,46.87500000,1
3326,225,0,225,60,24,36,0,40.00000000,1
3327,125,0,125,76,18,58,0,23.68421053,1
3328,135,0,135,56,22,34,0,39.28571429,1
3329,135,0,135,64,26,38,0,40.62500000,1
3330,225,0,225,66,24,42,0,36.36363636,1
3331,147,0,147,62,32,30,0,51.61290323,1
3332,375,0,375,66,26,40,0,39.39393939,1
3333,225,0,225,66,26,40,0,39.39393939,1
3334,375,0,375,72,32,40,0,44.44444444,1
3335,189,0,189,64,26,38,0,40.62500000,1
3336,297,0,297,54,28,26,0,51.85185185,1
3337,225,0,225,68,24,44,0,35.29411765,1
3338,243,0,243,70,28,42,0,40.00000000,1
3339,441,0,441,42,10,32,0,23.80952381,1
3340,375,0,375,68,26,42,0,38.23529412,1
3341,225,0,225,66,28,38,0,42.42424242,1
3342,105,0,105,56,16,40,0,28.57142857,1
3343,315,0,315,74,26,48,0,35.13513514,1
3344,243,0,243,60,22,38,0,36.66666667,1
3345,315,0,315,56,16,40,0,28.57142857,1
3346,135,0,135,64,24,40,0,37.50000000,1
3347,225,0,225,60,24,36,0,40.00000000,1
3348,225,0,225,60,16,44,0,26.66666667,1
3349,225,0,225,64,22,42,0,34.37500000,1
3350,119,0,119,96,48,48,0,50.00000000,1
3351,225,0,225,60,24,36,0,40.00000000,1
3352,315,0,315,56,28,28,0,50.00000000,1
3353,105,0,105,68,36,32,0,52.94117647,1
3354,315,0,315,64,26,38,0,40.62500000,1
3355,315,0,315,66,22,44,0,33.33333333,1
3356,315,0,315,66,34,32,0,51.51515152,1
3357,135,0,135,68,30,38,0,44.11764706,1
3358,243,0,243,58,24,34,0,41.37931034,1
3359,225,0,225,64,28,36,0,43.75000000,1
3360,375,0,375,60,22,38,0,36.66666667,1
3361,405,0,405,50,16,34,0,32.00000000,1
3362,135,0,135,66,30,36,0,45.45454545,1
3363,135,0,135,64,28,36,0,43.75000000,1
3364,375,0,375,58,18,40,0,31.03448276,1
3365,135,0,135,58,20,38,0,34.48275862,1
3366,135,0,135,66,22,44,0,33.33333333,1
3367,189,0,189,58,24,34,0,41.37931034,1
3368,225,0,225,62,20,42,0,32.25806452,1
3369,189,0,189,62,22,40,0,35.48387097,1
3370,375,0,375,54,22,32,0,40.74074074,1
3371,225,0,225,54,24,30,0,44.44444444,1
3372,225,0,225,76,20,56,0,26.31578947,1
3373,243,0,243,54,22,32,0,40.74074074,1
3374,243,0,243,62,16,46,0,25.80645161,1
3375,165,0,165,62,16,46,0,25.80645161,1
3376,105,0,105,58,28,30,0,48.27586207,1
3377,135,0,135,68,22,46,0,32.35294118,1
3378,135,0,135,46,12,34,0,26.08695652,1
3379,189,0,189,68,30,38,0,44.11764706,1
3380,189,0,189,54,16,38,0,29.62962963,1
3381,225,0,225,50,26,24,0,52.00000000,1
3382,135,0,135,54,20,34,0,37.03703704,1
3383,315,0,315,56,16,40,0,28.57142857,1
3384,375,0,375,60,28,32,0,46.66666667,1
3385,225,0,225,62,28,34,0,45.16129032,1
3386,225,0,225,70,26,44,0,37.14285714,1
3387,189,0,189,62,26,36,0,41.93548387,1
3388,175,0,175,60,14,46,0,23.33333333,1
3389,105,0,105,66,30,36,0,45.45454545,1
3390,243,0,243,58,30,28,0,51.72413793,1
3391,243,0,243,72,26,46,0,36.11111111,1
3392,375,0,375,58,26,32,0,44.82758621,1
3393,189,0,189,62,30,32,0,48.38709677,1
3394,225,0,225,70,24,46,0,34.28571429,1
3395,225,0,225,58,30,28,0,51.72413793,1
3396,225,0,225,54,22,32,0,40.74074074,1
3397,105,0,105,52,30,22,0,57.69230769,1
3398,189,0,189,86,42,44,0,48.83720930,1
3399,525,0,525,50,14,36,0,28.00000000,1
3400,225,0,225,68,28,40,0,41.17647059,1
3401,125,0,125,72,16,56,0,22.22222222,1
3402,225,0,225,62,24,38,0,38.70967742,1
3403,225,0,225,54,26,28,0,48.14814815,1
3404,225,0,225,60,20,40,0,33.33333333,1
3405,225,0,225,64,28,36,0,43.75000000,1
3406,225,0,225,60,22,38,0,36.66666667,1
3407,225,0,225,64,26,38,0,40.62500000,1
3408,175,0,175,62,30,32,0,48.38709677,1
3409,135,0,135,60,24,36,0,40.00000000,1
3410,135,0,135,64,18,46,0,28.12500000,1
3411,375,0,375,64,22,42,0,34.37500000,1
3412,225,0,225,70,24,46,0,34.28571429,1
3413,105,0,105,48,26,22,0,54.16666667,1
3414,85,0,85,56,0,56,0,0.00000000,1
3415,225,0,225,70,24,46,0,34.28571429,1
3416,225,0,225,66,20,46,0,30.30303030,1
3417,375,0,375,62,24,38,0,38.70967742,1
3418,135,0,135,62,32,30,0,51.61290323,1
3419,243,0,243,52,18,34,0,34.61538462,1
3420,135,0,135,60,24,36,0,40.00000000,1
3421,225,0,225,54,22,32,0,40.74074074,1
3422,225,0,225,66,24,42,0,36.36363636,1
3423,375,0,375,62,28,34,0,45.16129032,1
3424,225,0,225,54,16,38,0,29.62962963,1
3425,375,0,375,58,26,32,0,44.82758621,1
3426,147,0,147,62,34,28,0,54.83870968,1
3427,225,0,225,116,28,88,0,24.13793103,1
3428,225,0,225,64,26,38,0,40.62500000,1
3429,375,0,375,60,20,40,0,33.33333333,1
3430,297,0,297,78,32,46,0,41.02564103,1
3431,225,0,225,62,18,44,0,29.03225806,1
3432,315,0,315,68,20,48,0,29.41176471,1
3433,225,0,225,66,30,36,0,45.45454545,1
3434,225,0,225,54,14,40,0,25.92592593,1
3435,195,0,195,48,30,18,0,62.50000000,1
3436,375,0,375,56,22,34,0,39.28571429,1
3437,63,0,63,48,26,22,0,54.16666667,1
3438,225,0,225,62,20,42,0,32.25806452,1
3439,225,0,225,56,24,32,0,42.85714286,1
3440,225,0,225,70,24,46,0,34.28571429,1
3441,225,0,225,56,26,30,0,46.42857143,1
3442,225,0,225,58,26,32,0,44.82758621,1
3443,405,0,405,58,18,40,0,31.03448276,1
3444,225,0,225,56,18,38,0,32.14285714,1
3445,135,0,135,70,26,44,0,37.14285714,1
3446,135,0,135,66,24,42,0,36.36363636,1
3447,225,0,225,62,18,44,0,29.03225806,1
3448,495,0,495,46,8,38,0,17.39130435,1
3449,243,0,243,62,18,44,0,29.03225806,1
3450,225,0,225,70,34,36,0,48.57142857,1
3451,225,0,225,66,24,42,0,36.36363636,1
3452,375,0,375,64,24,40,0,37.50000000,1
3453,225,0,225,62,24,38,0,38.70967742,1
3454,147,0,147,58,28,30,0,48.27586207,1
3455,175,0,175,70,38,32,0,54.28571429,1
3456,375,0,375,56,22,34,0,39.28571429,1
3457,135,0,135,62,24,38,0,38.70967742,1
3458,375,0,375,54,22,32,0,40.74074074,1
3459,315,0,315,58,18,40,0,31.03448276,1
3460,175,0,175,54,16,38,0,29.62962963,1
3461,225,0,225,58,26,32,0,44.82758621,1
3462,315,0,315,64,20,44,0,31.25000000,1
3463,297,0,297,54,14,40,0,25.92592593,1
3464,75,0,75,52,14,38,0,26.92307692,1
3465,315,0,315,62,18,44,0,29.03225806,1
3466,315,0,315,62,24,38,0,38.70967742,1
3467,125,0,125,56,16,40,0,28.57142857,1
3468,315,0,315,60,28,32,0,46.66666667,1
3469,175,0,175,62,32,30,0,51.61290323,1
3470,315,0,315,64,16,48,0,25.00000000,1
3471,135,0,135,62,24,38,0,38.70967742,1
3472,189,0,189,70,26,44,0,37.14285714,1
3473,225,0,225,60,22,38,0,36.66666667,1
3474,105,0,105,56,26,30,0,46.42857143,1
3475,225,0,225,60,26,34,0,43.33333333,1
3476,117,0,117,52,20,32,0,38.46153846,1
3477,525,0,525,48,14,34,0,29.16666667,1
3478,225,0,225,66,22,44,0,33.33333333,1
3479,135,0,135,60,28,32,0,46.66666667,1
3480,375,0,375,54,22,32,0,40.74074074,1
3481,225,0,225,68,28,40,0,41.17647059,1
3482,225,0,225,64,28,36,0,43.75000000,1
3483,225,0,225,60,20,40,0,33.33333333,1
3484,225,0,225,64,28,36,0,43.75000000,1
3485,243,0,243,64,24,40,0,37.50000000,1
3486,245,0,245,92,44,48,0,47.82608696,1
3487,225,0,225,62,28,34,0,45.16129032,1
3488,243,0,243,62,20,42,0,32.25806452,1
3489,105,0,105,72,36,36,0,50.00000000,1
3490,315,0,315,64,28,36,0,43.75000000,1
3491,225,0,225,62,24,38,0,38.70967742,1
3492,165,0,165,100,24,76,0,24.00000000,1
3493,189,0,189,70,24,46,0,34.28571429,1
3494,175,0,175,82,42,40,0,51.21951220,1
3495,125,0,125,68,36,32,0,52.94117647,1
3496,225,0,225,68,24,44,0,35.29411765,1
3497,225,0,225,66,24,42,0,36.36363636,1
3498,243,0,243,66,24,42,0,36.36363636,1
3499,125,0,125,66,16,50,0,24.24242424,1
3500,135,0,135,58,24,34,0,41.37931034,1
3501,245,0,245,66,16,50,0,24.24242424,1
3502,225,0,225,62,26,36,0,41.93548387,1
3503,189,0,189,64,26,38,0,40.62500000,1
3504,375,0,375,54,22,32,0,40.74074074,1
3505,225,0,225,68,28,40,0,41.17647059,1
3506,459,0,459,52,20,32,0,38.46153846,1
3507,375,0,375,56,18,38,0,32.14285714,1
3508,63,0,63,52,14,38,0,26.92307692,1
3509,225,0,225,64,26,38,0,40.62500000,1
3510,189,0,189,58,20,38,0,34.48275862,1
3511,375,0,375,50,26,24,0,52.00000000,1
3512,375,0,375,66,24,42,0,36.36363636,1
3513,243,0,243,54,26,28,0,48.14814815,1
3514,225,0,225,58,20,38,0,34.48275862,1
3515,225,0,225,66,24,42,0,36.36363636,1
3516,225,0,225,62,24,38,0,38.70967742,1
3517,225,0,225,66,24,42,0,36.36363636,1
3518,225,0,225,58,20,38,0,34.48275862,1
3519,225,0,225,58,26,32,0,44.82758621,1
3520,135,0,135,68,36,32,0,52.94117647,1
3521,165,0,165,94,24,70,0,25.53191489,1
3522,105,0,105,68,20,48,0,29.41176471,1
3523,189,0,189,60,20,40,0,33.33333333,1
3524,405,0,405,52,26,26,0,50.00000000,1
3525,243,0,243,62,18,44,0,29.03225806,1
3526,225,0,225,70,24,46,0,34.28571429,1
3527,225,0,225,64,26,38,0,40.62500000,1
3528,189,0,189,58,22,36,0,37.93103448,1
3529,225,0,225,66,22,44,0,33.33333333,1
3530,225,0,225,58,28,30,0,48.27586207,1
3531,225,0,225,66,26,40,0,39.39393939,1
3532,135,0,135,70,30,40,0,42.85714286,1
3533,315,0,315,66,24,42,0,36.36363636,1
3534,189,0,189,54,26,28,0,48.14814815,1
3535,105,0,105,72,42,30,0,58.33333333,1
3536,315,0,315,66,24,42,0,36.36363636,1
3537,225,0,225,60,18,42,0,30.00000000,1
3538,625,0,625,58,28,30,0,48.27586207,1
3539,225,0,225,66,24,42,0,36.36363636,1
3540,189,0,189,58,22,36,0,37.93103448,1
3541,315,0,315,54,16,38,0,29.62962963,1
3542,225,0,225,62,22,40,0,35.48387097,1
3543,405,0,405,58,22,36,0,37.93103448,1
3544,147,0,147,62,32,30,0,51.61290323,1
3545,135,0,135,68,24,44,0,35.29411765,1
3546,225,0,225,62,20,42,0,32.25806452,1
3547,225,0,225,62,24,38,0,38.70967742,1
3548,375,0,375,60,20,40,0,33.33333333,1
3549,225,0,225,64,22,42,0,34.37500000,1
3550,189,0,189,62,24,38,0,38.70967742,1
3551,135,0,135,60,26,34,0,43.33333333,1
3552,225,0,225,62,26,36,0,41.93548387,1
3553,75,0,75,46,24,22,0,52.17391304,1
3554,135,0,135,66,24,42,0,36.36363636,1
3555,225,0,225,68,20,48,0,29.41176471,1
3556,225,0,225,64,30,34,0,46.87500000,1
3557,135,0,135,62,24,38,0,38.70967742,1
3558,225,0,225,64,26,38,0,40.62500000,1
3559,225,0,225,60,26,34,0,43.33333333,1
3560,375,0,375,64,22,42,0,34.37500000,1
3561,225,0,225,60,18,42,0,30.00000000,1
3562,315,0,315,64,28,36,0,43.75000000,1
3563,225,0,225,68,22,46,0,32.35294118,1
3564,225,0,225,62,22,40,0,35.48387097,1
3565,225,0,225,62,22,40,0,35.48387097,1
3566,175,0,175,86,42,44,0,48.83720930,1
3567,225,0,225,62,22,40,0,35.48387097,1
3568,225,0,225,62,20,42,0,32.25806452,1
3569,195,0,195,62,38,24,0,61.29032258,1
3570,225,0,225,88,20,68,0,22.72727273,1
3571,243,0,243,54,10,44,0,18.51851852,1
3572,441,0,441,56,24,32,0,42.85714286,1
3573,315,0,315,56,18,38,0,32.14285714,1
3574,315,0,315,52,20,32,0,38.46153846,1
3575,225,0,225,56,20,36,0,35.71428571,1
3576,135,0,135,60,20,40,0,33.33333333,1
3577,225,0,225,50,14,36,0,28.00000000,1
3578,375,0,375,64,22,42,0,34.37500000,1
3579,189,0,189,104,24,80,0,23.07692308,1
3580,225,0,225,64,22,42,0,34.37500000,1
3581,225,0,225,62,20,42,0,32.25806452,1
3582,135,0,135,64,24,40,0,37.50000000,1
3583,135,0,135,60,24,36,0,40.00000000,1
3584,225,0,225,60,28,32,0,46.66666667,1
3585,225,0,225,62,24,38,0,38.70967742,1
3586,105,0,105,62,12,50,0,19.35483871,1
3587,225,0,225,54,18,36,0,33.33333333,1
3588,375,0,375,48,14,34,0,29.16666667,1
3589,135,0,135,62,28,34,0,45.16129032,1
3590,315,0,315,64,22,42,0,34.37500000,1
3591,225,0,225,66,22,44,0,33.33333333,1
3592,225,0,225,54,22,32,0,40.74074074,1
3593,225,0,225,64,20,44,0,31.25000000,1
3594,147,0,147,56,26,30,0,46.42857143,1
3595,225,0,225,64,26,38,0,40.62500000,1
3596,225,0,225,70,28,42,0,40.00000000,1
3597,189,0,189,88,20,68,0,22.72727273,1
3598,225,0,225,62,20,42,0,32.25806452,1
3599,375,0,375,58,20,38,0,34.48275862,1
3600,285,0,285,118,36,82,0,30.50847458,1
3601,375,0,375,62,20,42,0,32.25806452,1
3602,225,0,225,54,20,34,0,37.03703704,1
3603,225,0,225,58,24,34,0,41.37931034,1
3604,225,0,225,58,14,44,0,24.13793103,1
3605,189,0,189,58,20,38,0,34.48275862,1
3606,315,0,315,56,28,28,0,50.00000000,1
3607,375,0,375,50,24,26,0,48.00000000,1
3608,315,0,315,64,24,40,0,37.50000000,1
3609,225,0,225,60,24,36,0,40.00000000,1
3610,225,0,225,62,26,36,0,41.93548387,1
3611,351,0,351,58,28,30,0,48.27586207,1
3612,135,0,135,64,26,38,0,40.62500000,1
3613,135,0,135,58,26,32,0,44.82758621,1
3614,243,0,243,74,30,44,0,40.54054054,1
3615,225,0,225,62,24,38,0,38.70967742,1
3616,175,0,175,60,30,30,0,50.00000000,1
3617,225,0,225,66,20,46,0,30.30303030,1
3618,243,0,243,66,26,40,0,39.39393939,1
3619,405,0,405,180,90,90,0,50.00000000,1
3620,189,0,189,62,26,36,0,41.93548387,1
3621,99,0,99,54,30,24,0,55.55555556,1
3622,243,0,243,76,26,50,0,34.21052632,1
3623,225,0,225,66,18,48,0,27.27272727,1
3624,405,0,405,58,26,32,0,44.82758621,1
3625,225,0,225,64,26,38,0,40.62500000,1
3626,225,0,225,62,24,38,0,38.70967742,1
3627,225,0,225,64,22,42,0,34.37500000,1
3628,225,0,225,62,24,38,0,38.70967742,1
3629,135,0,135,52,8,44,0,15.38461538,1
3630,105,0,105,76,20,56,0,26.31578947,1
3631,375,0,375,56,26,30,0,46.42857143,1
3632,315,0,315,54,12,42,0,22.22222222,1
3633,225,0,225,68,30,38,0,44.11764706,1
3634,375,0,375,62,28,34,0,45.16129032,1
3635,195,0,195,52,2,50,0,3.84615385,1
3636,135,0,135,64,24,40,0,37.50000000,1
3637,105,0,105,60,18,42,0,30.00000000,1
3638,189,0,189,62,28,34,0,45.16129032,1
3639,243,0,243,52,28,24,0,53.84615385,1
3640,245,0,245,84,48,36,0,57.14285714,1
3641,225,0,225,72,32,40,0,44.44444444,1
3642,189,0,189,62,26,36,0,41.93548387,1
3643,225,0,225,54,12,42,0,22.22222222,1
3644,225,0,225,62,26,36,0,41.93548387,1
3645,225,0,225,68,28,40,0,41.17647059,1
3646,225,0,225,62,24,38,0,38.70967742,1
3647,225,0,225,66,28,38,0,42.42424242,1
3648,225,0,225,54,20,34,0,37.03703704,1
3649,135,0,135,62,28,34,0,45.16129032,1
3650,135,0,135,68,28,40,0,41.17647059,1
3651,225,0,225,70,26,44,0,37.14285714,1
3652,135,0,135,66,22,44,0,33.33333333,1
3653,135,0,135,64,22,42,0,34.37500000,1
3654,225,0,225,70,28,42,0,40.00000000,1
3655,375,0,375,64,20,44,0,31.25000000,1
3656,225,0,225,62,26,36,0,41.93548387,1
3657,375,0,375,62,28,34,0,45.16129032,1
3658,189,0,189,64,32,32,0,50.00000000,1
3659,225,0,225,54,20,34,0,37.03703704,1
3660,315,0,315,62,16,46,0,25.80645161,1
3661,315,0,315,60,26,34,0,43.33333333,1
3662,175,0,175,56,14,42,0,25.00000000,1
3663,189,0,189,68,26,42,0,38.23529412,1
3664,405,0,405,52,26,26,0,50.00000000,1
3665,405,0,405,62,26,36,0,41.93548387,1
3666,297,0,297,52,30,22,0,57.69230769,1
3667,99,0,99,62,20,42,0,32.25806452,1
3668,135,0,135,68,24,44,0,35.29411765,1
3669,375,0,375,68,26,42,0,38.23529412,1
3670,225,0,225,66,28,38,0,42.42424242,1
3671,315,0,315,62,28,34,0,45.16129032,1
3672,225,0,225,62,22,40,0,35.48387097,1
3673,315,0,315,60,24,36,0,40.00000000,1
3674,225,0,225,58,16,42,0,27.58620690,1
3675,225,0,225,56,22,34,0,39.28571429,1
3676,315,0,315,56,22,34,0,39.28571429,1
3677,189,0,189,86,22,64,0,25.58139535,1
3678,225,0,225,70,28,42,0,40.00000000,1
3679,225,0,225,64,24,40,0,37.50000000,1
3680,189,0,189,64,18,46,0,28.12500000,1
3681,225,0,225,62,20,42,0,32.25806452,1
3682,225,0,225,62,24,38,0,38.70967742,1
3683,135,0,135,64,32,32,0,50.00000000,1
3684,225,0,225,64,20,44,0,31.25000000,1
3685,375,0,375,56,16,40,0,28.57142857,1
3686,225,0,225,62,24,38,0,38.70967742,1
3687,225,0,225,60,26,34,0,43.33333333,1
3688,147,0,147,62,12,50,0,19.35483871,1
3689,175,0,175,88,20,68,0,22.72727273,1
3690,315,0,315,56,16,40,0,28.57142857,1
3691,225,0,225,60,26,34,0,43.33333333,1
3692,225,0,225,64,24,40,0,37.50000000,1
3693,315,0,315,60,26,34,0,43.33333333,1
3694,375,0,375,62,26,36,0,41.93548387,1
3695,175,0,175,64,16,48,0,25.00000000,1
3696,225,0,225,60,22,38,0,36.66666667,1
3697,225,0,225,56,24,32,0,42.85714286,1
3698,243,0,243,74,20,54,0,27.02702703,1
3699,225,0,225,62,18,44,0,29.03225806,1
3700,315,0,315,62,26,36,0,41.93548387,1
3701,135,0,135,66,18,48,0,27.27272727,1
3702,315,0,315,54,20,34,0,37.03703704,1
3703,375,0,375,60,28,32,0,46.66666667,1
3704,189,0,189,68,40,28,0,58.82352941,1
3705,315,0,315,64,16,48,0,25.00000000,1
3706,105,0,105,56,30,26,0,53.57142857,1
3707,189,0,189,60,22,38,0,36.66666667,1
3708,243,0,243,64,22,42,0,34.37500000,1
3709,225,0,225,62,26,36,0,41.93548387,1
3710,225,0,225,60,22,38,0,36.66666667,1
3711,375,0,375,64,24,40,0,37.50000000,1
3712,315,0,315,64,28,36,0,43.75000000,1
3713,225,0,225,64,22,42,0,34.37500000,1
3714,273,0,273,78,38,40,0,48.71794872,1
3715,225,0,225,60,26,34,0,43.33333333,1
3716,225,0,225,72,30,42,0,41.66666667,1
3717,225,0,225,66,20,46,0,30.30303030,1
3718,225,0,225,68,24,44,0,35.29411765,1
3719,225,0,225,62,18,44,0,29.03225806,1
3720,225,0,225,52,14,38,0,26.92307692,1
3721,225,0,225,60,22,38,0,36.66666667,1
3722,225,0,225,68,28,40,0,41.17647059,1
3723,315,0,315,52,18,34,0,34.61538462,1
3724,189,0,189,70,24,46,0,34.28571429,1
3725,225,0,225,52,22,30,0,42.30769231,1
3726,135,0,135,64,26,38,0,40.62500000,1
3727,225,0,225,60,26,34,0,43.33333333,1
3728,189,0,189,50,28,22,0,56.00000000,1
3729,375,0,375,58,20,38,0,34.48275862,1
3730,135,0,135,66,18,48,0,27.27272727,1
3731,225,0,225,62,26,36,0,41.93548387,1
3732,225,0,225,60,26,34,0,43.33333333,1
3733,105,0,105,60,32,28,0,53.33333333,1
3734,315,0,315,62,26,36,0,41.93548387,1
3735,189,0,189,68,28,40,0,41.17647059,1
3736,225,0,225,64,22,42,0,34.37500000,1
3737,225,0,225,72,28,44,0,38.88888889,1
3738,225,0,225,66,22,44,0,33.33333333,1
3739,225,0,225,64,24,40,0,37.50000000,1
3740,135,0,135,56,20,36,0,35.71428571,1
3741,567,0,567,36,8,28,0,22.22222222,1
3742,189,0,189,58,32,26,0,55.17241379,1
3743,135,0,135,64,28,36,0,43.75000000,1
3744,225,0,225,62,20,42,0,32.25806452,1
3745,375,0,375,48,26,22,0,54.16666667,1
3746,225,0,225,58,16,42,0,27.58620690,1
3747,147,0,147,76,16,60,0,21.05263158,1
3748,297,0,297,96,24,72,0,25.00000000,1
3749,225,0,225,62,26,36,0,41.93548387,1
3750,189,0,189,68,30,38,0,44.11764706,1
3751,375,0,375,54,14,40,0,25.92592593,1
3752,189,0,189,62,26,36,0,41.93548387,1
3753,375,0,375,60,24,36,0,40.00000000,1
3754,189,0,189,62,32,30,0,51.61290323,1
3755,243,0,243,58,18,40,0,31.03448276,1
3756,153,0,153,66,16,50,0,24.24242424,1
3757,225,0,225,68,28,40,0,41.17647059,1
3758,225,0,225,66,26,40,0,39.39393939,1
3759,189,0,189,62,26,36,0,41.93548387,1
3760,189,0,189,64,26,38,0,40.62500000,1
3761,225,0,225,64,26,38,0,40.62500000,1
3762,225,0,225,58,24,34,0,41.37931034,1
3763,105,0,105,56,14,42,0,25.00000000,1
3764,225,0,225,66,30,36,0,45.45454545,1
3765,105,0,105,70,42,28,0,60.00000000,1
3766,275,0,275,130,64,66,0,49.23076923,1
3767,105,0,105,70,16,54,0,22.85714286,1
3768,225,0,225,66,22,44,0,33.33333333,1
3769,225,0,225,64,26,38,0,40.62500000,1
3770,243,0,243,62,24,38,0,38.70967742,1
3771,175,0,175,80,18,62,0,22.50000000,1
3772,135,0,135,80,18,62,0,22.50000000,1
3773,225,0,225,64,24,40,0,37.50000000,1
3774,243,0,243,70,28,42,0,40.00000000,1
3775,105,0,105,56,30,26,0,53.57142857,1
3776,135,0,135,68,30,38,0,44.11764706,1
3777,225,0,225,62,24,38,0,38.70967742,1
3778,243,0,243,66,34,32,0,51.51515152,1
3779,125,0,125,62,16,46,0,25.80645161,1
3780,189,0,189,66,24,42,0,36.36363636,1
3781,315,0,315,64,20,44,0,31.25000000,1
3782,315,0,315,56,16,40,0,28.57142857,1
3783,125,0,125,58,28,30,0,48.27586207,1
3784,225,0,225,56,22,34,0,39.28571429,1
3785,135,0,135,64,22,42,0,34.37500000,1
3786,273,0,273,106,28,78,0,26.41509434,1
3787,315,0,315,60,14,46,0,23.33333333,1
3788,225,0,225,64,20,44,0,31.25000000,1
3789,135,0,135,62,18,44,0,29.03225806,1
3790,315,0,315,66,26,40,0,39.39393939,1
3791,225,0,225,62,22,40,0,35.48387097,1
3792,135,0,135,64,26,38,0,40.62500000,1
3793,189,0,189,60,22,38,0,36.66666667,1
3794,105,0,105,62,14,48,0,22.58064516,1
3795,225,0,225,68,24,44,0,35.29411765,1
3796,297,0,297,56,14,42,0,25.00000000,1
3797,315,0,315,64,26,38,0,40.62500000,1
3798,225,0,225,66,28,38,0,42.42424242,1
3799,375,0,375,56,20,36,0,35.71428571,1
3800,225,0,225,58,16,42,0,27.58620690,1
3801,125,0,125,58,34,24,0,58.62068966,1
3802,225,0,225,66,24,42,0,36.36363636,1
3803,375,0,375,64,26,38,0,40.62500000,1
3804,225,0,225,56,26,30,0,46.42857143,1
3805,135,0,135,64,24,40,0,37.50000000,1
3806,315,0,315,134,80,54,0,59.70149254,1
3807,225,0,225,62,22,40,0,35.48387097,1
3808,225,0,225,60,18,42,0,30.00000000,1
3809,225,0,225,68,28,40,0,41.17647059,1
3810,375,0,375,66,28,38,0,42.42424242,1
3811,225,0,225,62,26,36,0,41.93548387,1
3812,375,0,375,56,16,40,0,28.57142857,1
3813,375,0,375,54,12,42,0,22.22222222,1
3814,315,0,315,64,20,44,0,31.25000000,1
3815,135,0,135,62,22,40,0,35.48387097,1
3816,225,0,225,62,14,48,0,22.58064516,1
3817,315,0,315,50,26,24,0,52.00000000,1
3818,375,0,375,64,28,36,0,43.75000000,1
3819,189,0,189,68,28,40,0,41.17647059,1
3820,315,0,315,62,32,30,0,51.61290323,1
3821,135,0,135,58,22,36,0,37.93103448,1
3822,315,0,315,54,14,40,0,25.92592593,1
3823,225,0,225,64,24,40,0,37.50000000,1
3824,135,0,135,66,14,52,0,21.21212121,1
3825,225,0,225,52,24,28,0,46.15384615,1
3826,225,0,225,62,26,36,0,41.93548387,1
3827,315,0,315,56,12,44,0,21.42857143,1
3828,147,0,147,58,14,44,0,24.13793103,1
3829,135,0,135,60,20,40,0,33.33333333,1
3830,375,0,375,60,20,40,0,33.33333333,1
3831,225,0,225,60,20,40,0,33.33333333,1
3832,225,0,225,56,18,38,0,32.14285714,1
3833,315,0,315,56,16,40,0,28.57142857,1
3834,135,0,135,58,24,34,0,41.37931034,1
3835,315,0,315,66,32,34,0,48.48484848,1
3836,375,0,375,60,30,30,0,50.00000000,1
3837,375,0,375,54,24,30,0,44.44444444,1
3838,225,0,225,60,22,38,0,36.66666667,1
3839,225,0,225,66,26,40,0,39.39393939,1
3840,135,0,135,58,22,36,0,37.93103448,1
3841,225,0,225,60,24,36,0,40.00000000,1
3842,225,0,225,62,22,40,0,35.48387097,1
3843,225,0,225,58,20,38,0,34.48275862,1
3844,243,0,243,54,14,40,0,25.92592593,1
3845,225,0,225,66,22,44,0,33.33333333,1
3846,225,0,225,60,18,42,0,30.00000000,1
3847,375,0,375,54,20,34,0,37.03703704,1
3848,375,0,375,56,30,26,0,53.57142857,1
3849,189,0,189,68,28,40,0,41.17647059,1
3850,225,0,225,60,24,36,0,40.00000000,1
3851,375,0,375,62,22,40,0,35.48387097,1
3852,243,0,243,62,28,34,0,45.16129032,1
3853,225,0,225,70,22,48,0,31.42857143,1
3854,375,0,375,70,30,40,0,42.85714286,1
3855,135,0,135,62,22,40,0,35.48387097,1
3856,225,0,225,64,30,34,0,46.87500000,1
3857,189,0,189,64,24,40,0,37.50000000,1
3858,165,0,165,90,24,66,0,26.66666667,1
3859,375,0,375,54,24,30,0,44.44444444,1
3860,225,0,225,56,18,38,0,32.14285714,1
3861,315,0,315,60,24,36,0,40.00000000,1
3862,135,0,135,60,20,40,0,33.33333333,1
3863,225,0,225,72,32,40,0,44.44444444,1
3864,225,0,225,64,30,34,0,46.87500000,1
3865,297,0,297,64,26,38,0,40.62500000,1
3866,125,0,125,52,16,36,0,30.76923077,1
3867,225,0,225,62,22,40,0,35.48387097,1
3868,375,0,375,60,22,38,0,36.66666667,1
3869,135,0,135,72,26,46,0,36.11111111,1
3870,225,0,225,68,24,44,0,35.29411765,1
3871,375,0,375,60,16,44,0,26.66666667,1
3872,135,0,135,66,28,38,0,42.42424242,1
3873,135,0,135,60,24,36,0,40.00000000,1
3874,243,0,243,58,22,36,0,37.93103448,1
3875,375,0,375,54,24,30,0,44.44444444,1
3876,405,0,405,54,12,42,0,22.22222222,1
3877,225,0,225,54,18,36,0,33.33333333,1
3878,315,0,315,54,26,28,0,48.14814815,1
3879,225,0,225,58,24,34,0,41.37931034,1
3880,225,0,225,62,20,42,0,32.25806452,1
3881,315,0,315,62,16,46,0,25.80645161,1
3882,243,0,243,58,18,40,0,31.03448276,1
3883,315,0,315,60,14,46,0,23.33333333,1
3884,225,0,225,64,22,42,0,34.37500000,1
3885,375,0,375,64,32,32,0,50.00000000,1
3886,225,0,225,68,28,40,0,41.17647059,1
3887,135,0,135,64,30,34,0,46.87500000,1
3888,147,0,147,102,30,72,0,29.41176471,1
3889,225,0,225,58,26,32,0,44.82758621,1
3890,135,0,135,62,26,36,0,41.93548387,1
3891,225,0,225,62,24,38,0,38.70967742,1
3892,225,0,225,68,30,38,0,44.11764706,1
3893,135,0,135,64,28,36,0,43.75000000,1
3894,135,0,135,58,26,32,0,44.82758621,1
3895,165,0,165,74,24,50,0,32.43243243,1
3896,375,0,375,64,24,40,0,37.50000000,1
3897,125,0,125,50,14,36,0,28.00000000,1
3898,189,0,189,68,26,42,0,38.23529412,1
3899,225,0,225,68,28,40,0,41.17647059,1
3900,375,0,375,64,14,50,0,21.87500000,1
3901,225,0,225,58,28,30,0,48.27586207,1
3902,225,0,225,74,28,46,0,37.83783784,1
3903,135,0,135,62,24,38,0,38.70967742,1
3904,225,0,225,64,24,40,0,37.50000000,1
3905,135,0,135,68,30,38,0,44.11764706,1
3906,225,0,225,70,26,44,0,37.14285714,1
3907,315,0,315,54,26,28,0,48.14814815,1
3908,315,0,315,56,20,36,0,35.71428571,1
3909,225,0,225,54,20,34,0,37.03703704,1
3910,225,0,225,58,22,36,0,37.93103448,1
3911,189,0,189,60,24,36,0,40.00000000,1
3912,135,0,135,66,26,40,0,39.39393939,1
3913,225,0,225,56,12,44,0,21.42857143,1
3914,135,0,135,54,22,32,0,40.74074074,1
3915,297,0,297,58,20,38,0,34.48275862,1
3916,243,0,243,58,18,40,0,31.03448276,1
3917,225,0,225,74,28,46,0,37.83783784,1
3918,225,0,225,62,24,38,0,38.70967742,1
3919,375,0,375,54,16,38,0,29.62962963,1
3920,225,0,225,106,26,80,0,24.52830189,1
3921,375,0,375,62,24,38,0,38.70967742,1
3922,375,0,375,62,24,38,0,38.70967742,1
3923,315,0,315,58,18,40,0,31.03448276,1
3924,135,0,135,66,24,42,0,36.36363636,1
3925,375,0,375,62,20,42,0,32.25806452,1
3926,225,0,225,70,26,44,0,37.14285714,1
3927,225,0,225,58,26,32,0,44.82758621,1
3928,225,0,225,64,24,40,0,37.50000000,1
3929,189,0,189,58,30,28,0,51.72413793,1
3930,225,0,225,62,24,38,0,38.70967742,1
3931,243,0,243,70,32,38,0,45.71428571,1
3932,315,0,315,64,20,44,0,31.25000000,1
3933,189,0,189,64,26,38,0,40.62500000,1
3934,225,0,225,62,24,38,0,38.70967742,1
3935,375,0,375,58,24,34,0,41.37931034,1
3936,225,0,225,64,18,46,0,28.12500000,1
3937,135,0,135,58,26,32,0,44.82758621,1
3938,135,0,135,68,26,42,0,38.23529412,1
3939,225,0,225,70,28,42,0,40.00000000,1
3940,165,0,165,48,14,34,0,29.16666667,1
3941,135,0,135,64,24,40,0,37.50000000,1
3942,75,0,75,56,16,40,0,28.57142857,1
3943,375,0,375,52,14,38,0,26.92307692,1
3944,225,0,225,56,22,34,0,39.28571429,1
3945,189,0,189,64,28,36,0,43.75000000,1
3946,225,0,225,60,26,34,0,43.33333333,1
3947,225,0,225,60,26,34,0,43.33333333,1
3948,225,0,225,66,24,42,0,36.36363636,1
3949,135,0,135,66,22,44,0,33.33333333,1
3950,105,0,105,56,28,28,0,50.00000000,1
3951,315,0,315,60,26,34,0,43.33333333,1
3952,75,0,75,52,12,40,0,23.07692308,1
3953,135,0,135,62,24,38,0,38.70967742,1
3954,135,0,135,62,22,40,0,35.48387097,1
3955,225,0,225,68,24,44,0,35.29411765,1
3956,225,0,225,60,28,32,0,46.66666667,1
3957,75,0,75,52,14,38,0,26.92307692,1
3958,225,0,225,62,22,40,0,35.48387097,1
3959,243,0,243,60,26,34,0,43.33333333,1
3960,315,0,315,60,26,34,0,43.33333333,1
3961,135,0,135,64,26,38,0,40.62500000,1
3962,315,0,315,58,16,42,0,27.58620690,1
3963,225,0,225,56,20,36,0,35.71428571,1
3964,375,0,375,56,22,34,0,39.28571429,1
3965,189,0,189,62,18,44,0,29.03225806,1
3966,225,0,225,66,26,40,0,39.39393939,1
3967,225,0,225,60,28,32,0,46.66666667,1
3968,225,0,225,70,28,42,0,40.00000000,1
3969,315,0,315,58,18,40,0,31.03448276,1
3970,375,0,375,58,20,38,0,34.48275862,1
3971,189,0,189,64,34,30,0,53.12500000,1
3972,189,0,189,64,22,42,0,34.37500000,1
3973,225,0,225,64,22,42,0,34.37500000,1
3974,225,0,225,66,22,44,0,33.33333333,1
3975,225,0,225,70,20,50,0,28.57142857,1
3976,225,0,225,70,30,40,0,42.85714286,1
3977,175,0,175,70,16,54,0,22.85714286,1
3978,135,0,135,68,28,40,0,41.17647059,1
3979,225,0,225,66,26,40,0,39.39393939,1
3980,135,0,135,76,22,54,0,28.94736842,1
3981,225,0,225,64,22,42,0,34.37500000,1
3982,165,0,165,62,18,44,0,29.03225806,1
3983,125,0,125,82,20,62,0,24.39024390,1
3984,225,0,225,68,24,44,0,35.29411765,1
3985,105,0,105,76,40,36,0,52.63157895,1
3986,225,0,225,66,30,36,0,45.45454545,1
3987,225,0,225,60,18,42,0,30.00000000,1
3988,225,0,225,70,26,44,0,37.14285714,1
3989,225,0,225,58,20,38,0,34.48275862,1
3990,147,0,147,60,20,40,0,33.33333333,1
3991,135,0,135,60,28,32,0,46.66666667,1
3992,225,0,225,52,20,32,0,38.46153846,1
3993,225,0,225,66,18,48,0,27.27272727,1
3994,225,0,225,64,26,38,0,40.62500000,1
3995,225,0,225,58,22,36,0,37.93103448,1
3996,225,0,225,58,28,30,0,48.27586207,1
3997,315,0,315,52,24,28,0,46.15384615,1
3998,135,0,135,66,24,42,0,36.36363636,1
3999,297,0,297,168,46,122,0,27.38095238,1
4000,225,0,225,64,24,40,0,37.50000000,1
4001,297,0,297,62,28,34,0,45.16129032,1
4002,189,0,189,54,10,44,0,18.51851852,1
4003,315,0,315,64,24,40,0,37.50000000,1
4004,225,0,225,60,22,38,0,36.66666667,1
4005,375,0,375,60,24,36,0,40.00000000,1
4006,315,0,315,58,20,38,0,34.48275862,1
4007,225,0,225,66,22,44,0,33.33333333,1
4008,189,0,189,68,8,60,0,11.76470588,1
4009,459,0,459,58,18,40,0,31.03448276,1
4010,105,0,105,56,16,40,0,28.57142857,1
4011,225,0,225,62,24,38,0,38.70967742,1
4012,135,0,135,62,22,40,0,35.48387097,1
4013,189,0,189,58,20,38,0,34.48275862,1
4014,135,0,135,54,32,22,0,59.25925926,1
4015,315,0,315,66,24,42,0,36.36363636,1
4016,225,0,225,68,30,38,0,44.11764706,1
4017,375,0,375,64,26,38,0,40.62500000,1
4018,315,0,315,62,18,44,0,29.03225806,1
4019,225,0,225,72,26,46,0,36.11111111,1
4020,225,0,225,58,12,46,0,20.68965517,1
4021,225,0,225,66,24,42,0,36.36363636,1
4022,225,0,225,70,28,42,0,40.00000000,1
4023,135,0,135,60,20,40,0,33.33333333,1
4024,315,0,315,62,26,36,0,41.93548387,1
4025,125,0,125,54,26,28,0,48.14814815,1
4026,225,0,225,62,20,42,0,32.25806452,1
4027,225,0,225,58,24,34,0,41.37931034,1
4028,315,0,315,62,22,40,0,35.48387097,1
4029,225,0,225,60,20,40,0,33.33333333,1
4030,225,0,225,60,24,36,0,40.00000000,1
4031,405,0,405,62,20,42,0,32.25806452,1
4032,375,0,375,64,26,38,0,40.62500000,1
4033,375,0,375,56,20,36,0,35.71428571,1
4034,189,0,189,46,34,12,0,73.91304348,1
4035,135,0,135,64,26,38,0,40.62500000,1
4036,135,0,135,66,30,36,0,45.45454545,1
4037,375,0,375,54,14,40,0,25.92592593,1
4038,165,0,165,60,26,34,0,43.33333333,1
4039,135,0,135,66,26,40,0,39.39393939,1
4040,135,0,135,60,24,36,0,40.00000000,1
4041,225,0,225,70,24,46,0,34.28571429,1
4042,225,0,225,60,24,36,0,40.00000000,1
4043,375,0,375,58,16,42,0,27.58620690,1
4044,125,0,125,54,14,40,0,25.92592593,1
4045,243,0,243,60,24,36,0,40.00000000,1
4046,189,0,189,66,26,40,0,39.39393939,1
4047,375,0,375,56,22,34,0,39.28571429,1
4048,189,0,189,62,26,36,0,41.93548387,1
4049,125,0,125,56,12,44,0,21.42857143,1
4050,225,0,225,56,24,32,0,42.85714286,1
4051,135,0,135,64,22,42,0,34.37500000,1
4052,225,0,225,70,30,40,0,42.85714286,1
4053,225,0,225,54,14,40,0,25.92592593,1
4054,189,0,189,60,20,40,0,33.33333333,1
4055,225,0,225,70,26,44,0,37.14285714,1
4056,375,0,375,62,18,44,0,29.03225806,1
4057,405,0,405,58,12,46,0,20.68965517,1
4058,135,0,135,66,30,36,0,45.45454545,1
4059,375,0,375,62,26,36,0,41.93548387,1
4060,225,0,225,58,22,36,0,37.93103448,1
4061,375,0,375,60,16,44,0,26.66666667,1
4062,171,0,171,76,16,60,0,21.05263158,1
4063,375,0,375,58,24,34,0,41.37931034,1
4064,135,0,135,68,28,40,0,41.17647059,1
4065,105,0,105,58,16,42,0,27.58620690,1
4066,189,0,189,68,26,42,0,38.23529412,1
4067,225,0,225,58,22,36,0,37.93103448,1
4068,225,0,225,64,22,42,0,34.37500000,1
4069,243,0,243,62,18,44,0,29.03225806,1
4070,243,0,243,72,26,46,0,36.11111111,1
4071,315,0,315,72,28,44,0,38.88888889,1
4072,297,0,297,72,26,46,0,36.11111111,1
4073,375,0,375,64,22,42,0,34.37500000,1
4074,375,0,375,58,20,38,0,34.48275862,1
4075,135,0,135,64,20,44,0,31.25000000,1
4076,225,0,225,60,24,36,0,40.00000000,1
4077,315,0,315,62,28,34,0,45.16129032,1
4078,135,0,135,66,30,36,0,45.45454545,1
4079,375,0,375,60,26,34,0,43.33333333,1
4080,441,0,441,56,14,42,0,25.00000000,1
4081,105,0,105,56,28,28,0,50.00000000,1
4082,225,0,225,70,28,42,0,40.00000000,1
4083,125,0,125,58,14,44,0,24.13793103,1
4084,315,0,315,56,28,28,0,50.00000000,1
4085,225,0,225,56,16,40,0,28.57142857,1
4086,375,0,375,64,28,36,0,43.75000000,1
4087,225,0,225,70,24,46,0,34.28571429,1
4088,135,0,135,60,20,40,0,33.33333333,1
4089,375,0,375,60,28,32,0,46.66666667,1
4090,225,0,225,62,24,38,0,38.70967742,1
4091,135,0,135,54,20,34,0,37.03703704,1
4092,375,0,375,64,24,40,0,37.50000000,1
4093,135,0,135,58,18,40,0,31.03448276,1
4094,135,0,135,62,22,40,0,35.48387097,1
4095,189,0,189,62,24,38,0,38.70967742,1
4096,189,0,189,54,16,38,0,29.62962963,1
4097,135,0,135,64,24,40,0,37.50000000,1
4098,105,0,105,76,20,56,0,26.31578947,1
4099,135,0,135,64,22,42,0,34.37500000,1
4100,375,0,375,66,26,40,0,39.39393939,1
4101,75,0,75,50,28,22,0,56.00000000,1
4102,225,0,225,62,24,38,0,38.70967742,1
4103,375,0,375,54,12,42,0,22.22222222,1
4104,225,0,225,62,22,40,0,35.48387097,1
4105,125,0,125,48,10,38,0,20.83333333,1
4106,225,0,225,64,26,38,0,40.62500000,1
4107,207,0,207,52,14,38,0,26.92307692,1
4108,135,0,135,64,22,42,0,34.37500000,1
4109,375,0,375,64,28,36,0,43.75000000,1
4110,625,0,625,60,28,32,0,46.66666667,1
4111,225,0,225,54,16,38,0,29.62962963,1
4112,135,0,135,66,26,40,0,39.39393939,1
4113,225,0,225,60,28,32,0,46.66666667,1
4114,125,0,125,56,10,46,0,17.85714286,1
4115,375,0,375,58,24,34,0,41.37931034,1
4116,135,0,135,64,26,38,0,40.62500000,1
4117,165,0,165,78,16,62,0,20.51282051,1
4118,225,0,225,58,14,44,0,24.13793103,1
4119,175,0,175,102,52,50,0,50.98039216,1
4120,225,0,225,60,26,34,0,43.33333333,1
4121,225,0,225,70,28,42,0,40.00000000,1
4122,225,0,225,64,26,38,0,40.62500000,1
4123,105,0,105,56,26,30,0,46.42857143,1
4124,243,0,243,58,16,42,0,27.58620690,1
4125,375,0,375,60,32,28,0,53.33333333,1
4126,207,0,207,88,58,30,0,65.90909091,1
4127,225,0,225,66,24,42,0,36.36363636,1
4128,315,0,315,50,24,26,0,48.00000000,1
4129,135,0,135,66,26,40,0,39.39393939,1
4130,225,0,225,54,24,30,0,44.44444444,1
4131,315,0,315,62,20,42,0,32.25806452,1
4132,135,0,135,64,26,38,0,40.62500000,1
4133,315,0,315,70,30,40,0,42.85714286,1
4134,135,0,135,62,26,36,0,41.93548387,1
4135,315,0,315,62,20,42,0,32.25806452,1
4136,135,0,135,58,16,42,0,27.58620690,1
4137,175,0,175,98,26,72,0,26.53061224,1
4138,125,0,125,62,16,46,0,25.80645161,1
4139,225,0,225,70,28,42,0,40.00000000,1
4140,225,0,225,68,24,44,0,35.29411765,1
4141,225,0,225,70,24,46,0,34.28571429,1
4142,375,0,375,60,28,32,0,46.66666667,1
4143,225,0,225,64,20,44,0,31.25000000,1
4144,135,0,135,54,16,38,0,29.62962963,1
4145,75,0,75,52,22,30,0,42.30769231,1
4146,225,0,225,66,22,44,0,33.33333333,1
4147,175,0,175,70,16,54,0,22.85714286,1
4148,525,0,525,50,14,36,0,28.00000000,1
4149,175,0,175,62,32,30,0,51.61290323,1
4150,375,0,375,60,18,42,0,30.00000000,1
4151,243,0,243,52,14,38,0,26.92307692,1
4152,225,0,225,68,22,46,0,32.35294118,1
4153,153,0,153,74,22,52,0,29.72972973,1
4154,135,0,135,66,24,42,0,36.36363636,1
4155,225,0,225,62,24,38,0,38.70967742,1
4156,225,0,225,70,30,40,0,42.85714286,1
4157,225,0,225,64,16,48,0,25.00000000,1
4158,315,0,315,70,22,48,0,31.42857143,1
4159,375,0,375,50,16,34,0,32.00000000,1
4160,105,0,105,56,10,46,0,17.85714286,1
4161,91,0,91,66,0,66,0,0.00000000,1
4162,315,0,315,54,16,38,0,29.62962963,1
4163,315,0,315,56,28,28,0,50.00000000,1
4164,195,0,195,68,18,50,0,26.47058824,1
4165,189,0,189,68,24,44,0,35.29411765,1
4166,225,0,225,56,20,36,0,35.71428571,1
4167,225,0,225,64,20,44,0,31.25000000,1
4168,225,0,225,56,16,40,0,28.57142857,1
4169,189,0,189,62,20,42,0,32.25806452,1
4170,189,0,189,60,30,30,0,50.00000000,1
4171,105,0,105,52,16,36,0,30.76923077,1
4172,375,0,375,52,16,36,0,30.76923077,1
4173,225,0,225,68,24,44,0,35.29411765,1
4174,225,0,225,54,22,32,0,40.74074074,1
4175,189,0,189,52,14,38,0,26.92307692,1
4176,135,0,135,60,22,38,0,36.66666667,1
4177,315,0,315,52,18,34,0,34.61538462,1
4178,441,0,441,56,16,40,0,28.57142857,1
4179,225,0,225,64,26,38,0,40.62500000,1
4180,135,0,135,66,30,36,0,45.45454545,1
4181,315,0,315,60,20,40,0,33.33333333,1
4182,105,0,105,52,8,44,0,15.38461538,1
4183,225,0,225,68,24,44,0,35.29411765,1
4184,315,0,315,52,12,40,0,23.07692308,1
4185,225,0,225,66,24,42,0,36.36363636,1
4186,135,0,135,70,22,48,0,31.42857143,1
4187,625,0,625,58,20,38,0,34.48275862,1
4188,135,0,135,66,30,36,0,45.45454545,1
4189,225,0,225,70,24,46,0,34.28571429,1
4190,225,0,225,92,26,66,0,28.26086957,1
4191,315,0,315,52,16,36,0,30.76923077,1
4192,135,0,135,62,28,34,0,45.16129032,1
4193,225,0,225,66,26,40,0,39.39393939,1
4194,125,0,125,62,18,44,0,29.03225806,1
4195,125,0,125,60,14,46,0,23.33333333,1
4196,135,0,135,66,22,44,0,33.33333333,1
4197,119,0,119,98,22,76,0,22.44897959,1
4198,81,0,81,64,36,28,0,56.25000000,1
4199,225,0,225,54,22,32,0,40.74074074,1
4200,135,0,135,68,30,38,0,44.11764706,1
4201,175,0,175,54,28,26,0,51.85185185,1
4202,135,0,135,82,18,64,0,21.95121951,1
4203,225,0,225,70,26,44,0,37.14285714,1
4204,225,0,225,64,24,40,0,37.50000000,1
4205,225,0,225,60,24,36,0,40.00000000,1
4206,225,0,225,66,30,36,0,45.45454545,1
4207,225,0,225,50,10,40,0,20.00000000,1
4208,225,0,225,62,24,38,0,38.70967742,1
4209,225,0,225,60,24,36,0,40.00000000,1
4210,225,0,225,66,22,44,0,33.33333333,1
4211,375,0,375,70,26,44,0,37.14285714,1
4212,189,0,189,58,22,36,0,37.93103448,1
4213,225,0,225,56,20,36,0,35.71428571,1
4214,225,0,225,60,20,40,0,33.33333333,1
4215,225,0,225,64,24,40,0,37.50000000,1
4216,105,0,105,62,18,44,0,29.03225806,1
4217,375,0,375,60,26,34,0,43.33333333,1
4218,225,0,225,68,28,40,0,41.17647059,1
4219,225,0,225,52,22,30,0,42.30769231,1
4220,225,0,225,64,28,36,0,43.75000000,1
4221,81,0,81,56,32,24,0,57.14285714,1
4222,315,0,315,54,22,32,0,40.74074074,1
4223,375,0,375,60,22,38,0,36.66666667,1
4224,225,0,225,60,24,36,0,40.00000000,1
4225,297,0,297,56,12,44,0,21.42857143,1
4226,189,0,189,68,26,42,0,38.23529412,1
4227,135,0,135,64,28,36,0,43.75000000,1
4228,315,0,315,52,16,36,0,30.76923077,1
4229,225,0,225,62,20,42,0,32.25806452,1
4230,135,0,135,64,24,40,0,37.50000000,1
4231,225,0,225,64,24,40,0,37.50000000,1
4232,81,0,81,54,14,40,0,25.92592593,1
4233,225,0,225,64,20,44,0,31.25000000,1
4234,375,0,375,52,28,24,0,53.84615385,1
4235,375,0,375,62,30,32,0,48.38709677,1
4236,315,0,315,72,28,44,0,38.88888889,1
4237,135,0,135,62,22,40,0,35.48387097,1
4238,375,0,375,56,18,38,0,32.14285714,1
4239,225,0,225,54,14,40,0,25.92592593,1
4240,189,0,189,58,20,38,0,34.48275862,1
4241,375,0,375,58,22,36,0,37.93103448,1
4242,225,0,225,64,22,42,0,34.37500000,1
4243,315,0,315,62,34,28,0,54.83870968,1
4244,225,0,225,66,28,38,0,42.42424242,1
4245,189,0,189,66,26,40,0,39.39393939,1
4246,243,0,243,60,20,40,0,33.33333333,1
4247,375,0,375,60,22,38,0,36.66666667,1
4248,441,0,441,42,2,40,0,4.76190476,1
4249,225,0,225,62,26,36,0,41.93548387,1
4250,375,0,375,64,24,40,0,37.50000000,1
4251,225,0,225,74,24,50,0,32.43243243,1
4252,375,0,375,54,28,26,0,51.85185185,1
4253,315,0,315,58,34,24,0,58.62068966,1
4254,225,0,225,62,26,36,0,41.93548387,1
4255,175,0,175,90,44,46,0,48.88888889,1
4256,315,0,315,52,18,34,0,34.61538462,1
4257,225,0,225,58,24,34,0,41.37931034,1
4258,225,0,225,66,26,40,0,39.39393939,1
4259,175,0,175,80,18,62,0,22.50000000,1
4260,315,0,315,68,26,42,0,38.23529412,1
4261,225,0,225,66,28,38,0,42.42424242,1
4262,175,0,175,94,48,46,0,51.06382979,1
4263,315,0,315,66,24,42,0,36.36363636,1
4264,135,0,135,64,26,38,0,40.62500000,1
4265,189,0,189,68,26,42,0,38.23529412,1
4266,315,0,315,176,94,82,0,53.40909091,1
4267,135,0,135,44,26,18,0,59.09090909,1
4268,225,0,225,64,20,44,0,31.25000000,1
4269,375,0,375,60,26,34,0,43.33333333,1
4270,225,0,225,66,22,44,0,33.33333333,1
4271,135,0,135,60,24,36,0,40.00000000,1
4272,225,0,225,64,28,36,0,43.75000000,1
4273,189,0,189,60,20,40,0,33.33333333,1
4274,225,0,225,60,20,40,0,33.33333333,1
4275,225,0,225,64,26,38,0,40.62500000,1
4276,225,0,225,68,18,50,0,26.47058824,1
4277,375,0,375,52,12,40,0,23.07692308,1
4278,225,0,225,62,20,42,0,32.25806452,1
4279,225,0,225,60,20,40,0,33.33333333,1
4280,315,0,315,68,24,44,0,35.29411765,1
4281,225,0,225,66,28,38,0,42.42424242,1
4282,243,0,243,52,14,38,0,26.92307692,1
4283,225,0,225,66,30,36,0,45.45454545,1
4284,225,0,225,60,24,36,0,40.00000000,1
4285,225,0,225,66,24,42,0,36.36363636,1
4286,225,0,225,64,24,40,0,37.50000000,1
4287,135,0,135,70,26,44,0,37.14285714,1
4288,189,0,189,68,16,52,0,23.52941176,1
4289,225,0,225,62,26,36,0,41.93548387,1
4290,225,0,225,66,24,42,0,36.36363636,1
4291,225,0,225,98,22,76,0,22.44897959,1
4292,225,0,225,76,32,44,0,42.10526316,1
4293,125,0,125,50,14,36,0,28.00000000,1
4294,225,0,225,66,18,48,0,27.27272727,1
4295,375,0,375,56,30,26,0,53.57142857,1
4296,135,0,135,74,22,52,0,29.72972973,1
4297,225,0,225,60,20,40,0,33.33333333,1
4298,165,0,165,78,20,58,0,25.64102564,1
4299,375,0,375,68,22,46,0,32.35294118,1
4300,99,0,99,58,28,30,0,48.27586207,1
4301,405,0,405,44,4,40,0,9.09090909,1
4302,225,0,225,48,12,36,0,25.00000000,1
4303,375,0,375,66,30,36,0,45.45454545,1
4304,175,0,175,98,24,74,0,24.48979592,1
4305,135,0,135,60,24,36,0,40.00000000,1
4306,189,0,189,68,24,44,0,35.29411765,1
4307,225,0,225,60,24,36,0,40.00000000,1
4308,75,0,75,50,10,40,0,20.00000000,1
4309,225,0,225,58,28,30,0,48.27586207,1
4310,225,0,225,64,26,38,0,40.62500000,1
4311,135,0,135,64,22,42,0,34.37500000,1
4312,225,0,225,52,28,24,0,53.84615385,1
4313,225,0,225,62,26,36,0,41.93548387,1
4314,375,0,375,72,24,48,0,33.33333333,1
4315,225,0,225,60,24,36,0,40.00000000,1
4316,375,0,375,64,26,38,0,40.62500000,1
4317,315,0,315,58,30,28,0,51.72413793,1
4318,225,0,225,54,22,32,0,40.74074074,1
4319,225,0,225,64,26,38,0,40.62500000,1
4320,243,0,243,50,26,24,0,52.00000000,1
4321,375,0,375,54,16,38,0,29.62962963,1
4322,189,0,189,56,16,40,0,28.57142857,1
4323,175,0,175,68,18,50,0,26.47058824,1
4324,225,0,225,60,24,36,0,40.00000000,1
4325,315,0,315,66,22,44,0,33.33333333,1
4326,225,0,225,72,24,48,0,33.33333333,1
4327,189,0,189,62,14,48,0,22.58064516,1
4328,189,0,189,62,24,38,0,38.70967742,1
4329,225,0,225,60,26,34,0,43.33333333,1
4330,225,0,225,64,26,38,0,40.62500000,1
4331,189,0,189,64,24,40,0,37.50000000,1
4332,225,0,225,66,22,44,0,33.33333333,1
4333,225,0,225,56,22,34,0,39.28571429,1
4334,405,0,405,56,20,36,0,35.71428571,1
4335,375,0,375,62,20,42,0,32.25806452,1
4336,135,0,135,78,40,38,0,51.28205128,1
4337,375,0,375,56,18,38,0,32.14285714,1
4338,225,0,225,58,22,36,0,37.93103448,1
4339,375,0,375,64,26,38,0,40.62500000,1
4340,225,0,225,64,18,46,0,28.12500000,1
4341,135,0,135,68,34,34,0,50.00000000,1
4342,375,0,375,56,20,36,0,35.71428571,1
4343,243,0,243,66,16,50,0,24.24242424,1
4344,189,0,189,64,26,38,0,40.62500000,1
4345,225,0,225,62,24,38,0,38.70967742,1
4346,147,0,147,70,38,32,0,54.28571429,1
4347,125,0,125,54,14,40,0,25.92592593,1
4348,225,0,225,54,22,32,0,40.74074074,1
4349,225,0,225,66,28,38,0,42.42424242,1
4350,135,0,135,60,26,34,0,43.33333333,1
4351,189,0,189,64,28,36,0,43.75000000,1
4352,375,0,375,60,24,36,0,40.00000000,1
4353,245,0,245,76,20,56,0,26.31578947,1
4354,315,0,315,62,22,40,0,35.48387097,1
4355,225,0,225,60,20,40,0,33.33333333,1
4356,225,0,225,54,14,40,0,25.92592593,1
4357,189,0,189,60,28,32,0,46.66666667,1
4358,315,0,315,64,28,36,0,43.75000000,1
4359,375,0,375,60,18,42,0,30.00000000,1
4360,225,0,225,66,24,42,0,36.36363636,1
4361,225,0,225,56,18,38,0,32.14285714,1
4362,175,0,175,52,22,30,0,42.30769231,1
4363,225,0,225,62,22,40,0,35.48387097,1
4364,135,0,135,58,12,46,0,20.68965517,1
4365,375,0,375,56,26,30,0,46.42857143,1
4366,315,0,315,72,22,50,0,30.55555556,1
4367,375,0,375,54,18,36,0,33.33333333,1
4368,225,0,225,58,22,36,0,37.93103448,1
4369,315,0,315,50,26,24,0,52.00000000,1
4370,375,0,375,58,28,30,0,48.27586207,1
4371,243,0,243,58,26,32,0,44.82758621,1
4372,125,0,125,56,28,28,0,50.00000000,1
4373,225,0,225,60,12,48,0,20.00000000,1
4374,225,0,225,72,32,40,0,44.44444444,1
4375,225,0,225,60,22,38,0,36.66666667,1
4376,375,0,375,56,16,40,0,28.57142857,1
4377,225,0,225,56,22,34,0,39.28571429,1
4378,225,0,225,54,22,32,0,40.74074074,1
4379,225,0,225,60,18,42,0,30.00000000,1
4380,375,0,375,58,26,32,0,44.82758621,1
4381,135,0,135,62,22,40,0,35.48387097,1
4382,75,0,75,58,14,44,0,24.13793103,1
4383,189,0,189,62,28,34,0,45.16129032,1
4384,135,0,135,66,26,40,0,39.39393939,1
4385,105,0,105,58,26,32,0,44.82758621,1
4386,441,0,441,170,42,128,0,24.70588235,1
4387,135,0,135,62,22,40,0,35.48387097,1
4388,225,0,225,68,24,44,0,35.29411765,1
4389,225,0,225,70,22,48,0,31.42857143,1
4390,225,0,225,62,26,36,0,41.93548387,1
4391,243,0,243,54,30,24,0,55.55555556,1
4392,375,0,375,58,26,32,0,44.82758621,1
4393,225,0,225,52,14,38,0,26.92307692,1
4394,135,0,135,76,38,38,0,50.00000000,1
4395,189,0,189,66,24,42,0,36.36363636,1
4396,375,0,375,68,30,38,0,44.11764706,1
4397,225,0,225,60,22,38,0,36.66666667,1
4398,99,0,99,60,32,28,0,53.33333333,1
4399,225,0,225,60,24,36,0,40.00000000,1
4400,297,0,297,60,28,32,0,46.66666667,1
4401,225,0,225,66,22,44,0,33.33333333,1
4402,189,0,189,60,20,40,0,33.33333333,1
4403,225,0,225,54,22,32,0,40.74074074,1
4404,225,0,225,58,18,40,0,31.03448276,1
4405,135,0,135,62,20,42,0,32.25806452,1
4406,135,0,135,64,22,42,0,34.37500000,1
4407,297,0,297,58,32,26,0,55.17241379,1
4408,225,0,225,70,26,44,0,37.14285714,1
4409,243,0,243,60,20,40,0,33.33333333,1
4410,225,0,225,64,28,36,0,43.75000000,1
4411,405,0,405,58,18,40,0,31.03448276,1
4412,315,0,315,64,20,44,0,31.25000000,1
4413,375,0,375,62,26,36,0,41.93548387,1
4414,135,0,135,58,14,44,0,24.13793103,1
4415,225,0,225,60,22,38,0,36.66666667,1
4416,105,0,105,58,32,26,0,55.17241379,1
4417,175,0,175,62,18,44,0,29.03225806,1
4418,225,0,225,62,20,42,0,32.25806452,1
4419,225,0,225,66,24,42,0,36.36363636,1
4420,105,0,105,60,14,46,0,23.33333333,1
4421,225,0,225,60,32,28,0,53.33333333,1
4422,375,0,375,60,22,38,0,36.66666667,1
4423,175,0,175,98,26,72,0,26.53061224,1
4424,375,0,375,62,32,30,0,51.61290323,1
4425,225,0,225,68,26,42,0,38.23529412,1
4426,225,0,225,60,28,32,0,46.66666667,1
4427,375,0,375,50,14,36,0,28.00000000,1
4428,105,0,105,62,18,44,0,29.03225806,1
4429,225,0,225,60,26,34,0,43.33333333,1
4430,189,0,189,76,18,58,0,23.68421053,1
4431,297,0,297,64,18,46,0,28.12500000,1
4432,135,0,135,64,24,40,0,37.50000000,1
4433,225,0,225,60,24,36,0,40.00000000,1
4434,135,0,135,66,26,40,0,39.39393939,1
4435,315,0,315,54,18,36,0,33.33333333,1
4436,225,0,225,58,22,36,0,37.93103448,1
4437,75,0,75,58,20,38,0,34.48275862,1
4438,375,0,375,58,26,32,0,44.82758621,1
4439,243,0,243,58,18,40,0,31.03448276,1
4440,147,0,147,72,34,38,0,47.22222222,1
4441,225,0,225,62,26,36,0,41.93548387,1
4442,375,0,375,64,30,34,0,46.87500000,1
4443,225,0,225,60,26,34,0,43.33333333,1
4444,315,0,315,54,18,36,0,33.33333333,1
4445,63,0,63,46,0,46,0,0.00000000,1
4446,225,0,225,64,26,38,0,40.62500000,1
4447,105,0,105,56,34,22,0,60.71428571,1
4448,135,0,135,62,22,40,0,35.48387097,1
4449,189,0,189,60,22,38,0,36.66666667,1
4450,225,0,225,64,24,40,0,37.50000000,1
4451,315,0,315,54,14,40,0,25.92592593,1
4452,225,0,225,70,24,46,0,34.28571429,1
4453,105,0,105,56,14,42,0,25.00000000,1
4454,375,0,375,56,16,40,0,28.57142857,1
4455,81,0,81,54,28,26,0,51.85185185,1
4456,225,0,225,66,22,44,0,33.33333333,1
4457,375,0,375,60,26,34,0,43.33333333,1
4458,225,0,225,62,22,40,0,35.48387097,1
4459,105,0,105,70,36,34,0,51.42857143,1
4460,225,0,225,64,26,38,0,40.62500000,1
4461,225,0,225,60,24,36,0,40.00000000,1
4462,315,0,315,60,14,46,0,23.33333333,1
4463,225,0,225,60,24,36,0,40.00000000,1
4464,375,0,375,52,20,32,0,38.46153846,1
4465,85,0,85,62,30,32,0,48.38709677,1
4466,189,0,189,66,26,40,0,39.39393939,1
4467,147,0,147,58,12,46,0,20.68965517,1
4468,117,0,117,70,38,32,0,54.28571429,1
4469,375,0,375,56,24,32,0,42.85714286,1
4470,225,0,225,66,20,46,0,30.30303030,1
4471,105,0,105,52,12,40,0,23.07692308,1
4472,105,0,105,62,16,46,0,25.80645161,1
4473,225,0,225,60,20,40,0,33.33333333,1
4474,135,0,135,50,24,26,0,48.00000000,1
4475,225,0,225,60,24,36,0,40.00000000,1
4476,189,0,189,64,28,36,0,43.75000000,1
4477,225,0,225,60,22,38,0,36.66666667,1
4478,225,0,225,56,26,30,0,46.42857143,1
4479,189,0,189,72,28,44,0,38.88888889,1
4480,135,0,135,64,26,38,0,40.62500000,1
4481,175,0,175,58,16,42,0,27.58620690,1
4482,225,0,225,70,22,48,0,31.42857143,1
4483,225,0,225,72,32,40,0,44.44444444,1
4484,225,0,225,62,18,44,0,29.03225806,1
4485,225,0,225,52,24,28,0,46.15384615,1
4486,225,0,225,62,26,36,0,41.93548387,1
4487,315,0,315,66,26,40,0,39.39393939,1
4488,243,0,243,108,28,80,0,25.92592593,1
4489,189,0,189,56,22,34,0,39.28571429,1
4490,225,0,225,62,26,36,0,41.93548387,1
4491,405,0,405,58,20,38,0,34.48275862,1
4492,315,0,315,58,30,28,0,51.72413793,1
4493,225,0,225,66,24,42,0,36.36363636,1
4494,147,0,147,72,18,54,0,25.00000000,1
4495,225,0,225,72,24,48,0,33.33333333,1
4496,189,0,189,58,24,34,0,41.37931034,1
4497,297,0,297,60,16,44,0,26.66666667,1
4498,135,0,135,60,12,48,0,20.00000000,1
4499,375,0,375,66,30,36,0,45.45454545,1
4500,225,0,225,68,22,46,0,32.35294118,1
4501,375,0,375,54,22,32,0,40.74074074,1
4502,315,0,315,64,20,44,0,31.25000000,1
4503,165,0,165,54,32,22,0,59.25925926,1
4504,189,0,189,72,40,32,0,55.55555556,1
4505,135,0,135,58,14,44,0,24.13793103,1
4506,315,0,315,56,22,34,0,39.28571429,1
4507,189,0,189,76,38,38,0,50.00000000,1
4508,225,0,225,60,22,38,0,36.66666667,1
4509,147,0,147,68,18,50,0,26.47058824,1
4510,171,0,171,56,44,12,0,78.57142857,1
4511,375,0,375,56,22,34,0,39.28571429,1
4512,225,0,225,62,26,36,0,41.93548387,1
4513,225,0,225,64,26,38,0,40.62500000,1
4514,175,0,175,104,56,48,0,53.84615385,1
4515,315,0,315,64,22,42,0,34.37500000,1
4516,225,0,225,66,28,38,0,42.42424242,1
4517,225,0,225,66,28,38,0,42.42424242,1
4518,225,0,225,66,28,38,0,42.42424242,1
4519,225,0,225,66,28,38,0,42.42424242,1
4520,135,0,135,66,26,40,0,39.39393939,1
4521,225,0,225,62,20,42,0,32.25806452,1
4522,375,0,375,60,22,38,0,36.66666667,1
4523,135,0,135,58,26,32,0,44.82758621,1
4524,225,0,225,62,26,36,0,41.93548387,1
4525,135,0,135,58,16,42,0,27.58620690,1
4526,135,0,135,60,26,34,0,43.33333333,1
4527,225,0,225,60,24,36,0,40.00000000,1
4528,375,0,375,60,26,34,0,43.33333333,1
4529,225,0,225,68,30,38,0,44.11764706,1
4530,375,0,375,60,18,42,0,30.00000000,1
4531,225,0,225,64,24,40,0,37.50000000,1
4532,175,0,175,60,32,28,0,53.33333333,1
4533,135,0,135,60,22,38,0,36.66666667,1
4534,225,0,225,64,22,42,0,34.37500000,1
4535,147,0,147,84,24,60,0,28.57142857,1
4536,375,0,375,58,24,34,0,41.37931034,1
4537,225,0,225,54,18,36,0,33.33333333,1
4538,189,0,189,64,28,36,0,43.75000000,1
4539,189,0,189,50,18,32,0,36.00000000,1
4540,225,0,225,62,24,38,0,38.70967742,1
4541,245,0,245,84,22,62,0,26.19047619,1
4542,225,0,225,66,28,38,0,42.42424242,1
4543,225,0,225,60,20,40,0,33.33333333,1
4544,225,0,225,68,24,44,0,35.29411765,1
4545,105,0,105,60,12,48,0,20.00000000,1
4546,225,0,225,68,22,46,0,32.35294118,1
4547,315,0,315,122,58,64,0,47.54098361,1
4548,625,0,625,56,26,30,0,46.42857143,1
4549,225,0,225,60,24,36,0,40.00000000,1
4550,189,0,189,72,26,46,0,36.11111111,1
4551,375,0,375,62,26,36,0,41.93548387,1
4552,225,0,225,68,26,42,0,38.23529412,1
4553,375,0,375,58,18,40,0,31.03448276,1
4554,225,0,225,62,28,34,0,45.16129032,1
4555,225,0,225,64,22,42,0,34.37500000,1
4556,315,0,315,54,26,28,0,48.14814815,1
4557,225,0,225,60,24,36,0,40.00000000,1
4558,135,0,135,68,28,40,0,41.17647059,1
4559,375,0,375,52,12,40,0,23.07692308,1
4560,225,0,225,56,26,30,0,46.42857143,1
4561,375,0,375,58,20,38,0,34.48275862,1
4562,225,0,225,62,22,40,0,35.48387097,1
4563,225,0,225,62,24,38,0,38.70967742,1
4564,125,0,125,64,14,50,0,21.87500000,1
4565,225,0,225,56,12,44,0,21.42857143,1
4566,225,0,225,60,26,34,0,43.33333333,1
4567,375,0,375,62,20,42,0,32.25806452,1
4568,81,0,81,66,0,66,0,0.00000000,1
4569,135,0,135,64,28,36,0,43.75000000,1
4570,135,0,135,58,26,32,0,44.82758621,1
4571,375,0,375,54,22,32,0,40.74074074,1
4572,225,0,225,60,20,40,0,33.33333333,1
4573,189,0,189,60,18,42,0,30.00000000,1
4574,375,0,375,60,16,44,0,26.66666667,1
4575,225,0,225,66,24,42,0,36.36363636,1
4576,225,0,225,60,28,32,0,46.66666667,1
4577,375,0,375,60,20,40,0,33.33333333,1
4578,225,0,225,64,26,38,0,40.62500000,1
4579,175,0,175,56,12,44,0,21.42857143,1
4580,225,0,225,56,22,34,0,39.28571429,1
4581,225,0,225,58,22,36,0,37.93103448,1
4582,405,0,405,62,26,36,0,41.93548387,1
4583,225,0,225,62,20,42,0,32.25806452,1
4584,125,0,125,54,26,28,0,48.14814815,1
4585,375,0,375,64,22,42,0,34.37500000,1
4586,225,0,225,66,28,38,0,42.42424242,1
4587,225,0,225,66,26,40,0,39.39393939,1
4588,225,0,225,66,30,36,0,45.45454545,1
4589,225,0,225,68,26,42,0,38.23529412,1
4590,135,0,135,70,28,42,0,40.00000000,1
4591,189,0,189,58,20,38,0,34.48275862,1
4592,189,0,189,58,24,34,0,41.37931034,1
4593,375,0,375,62,22,40,0,35.48387097,1
4594,225,0,225,70,30,40,0,42.85714286,1
4595,225,0,225,54,20,34,0,37.03703704,1
4596,315,0,315,56,28,28,0,50.00000000,1
4597,225,0,225,72,30,42,0,41.66666667,1
4598,225,0,225,60,22,38,0,36.66666667,1
4599,375,0,375,62,18,44,0,29.03225806,1
4600,225,0,225,60,22,38,0,36.66666667,1
4601,135,0,135,60,24,36,0,40.00000000,1
4602,243,0,243,70,22,48,0,31.42857143,1
4603,105,0,105,52,26,26,0,50.00000000,1
4604,189,0,189,62,22,40,0,35.48387097,1
4605,375,0,375,58,26,32,0,44.82758621,1
4606,81,0,81,52,0,52,0,0.00000000,1
4607,375,0,375,50,14,36,0,28.00000000,1
4608,225,0,225,72,26,46,0,36.11111111,1
4609,225,0,225,62,22,40,0,35.48387097,1
4610,189,0,189,58,28,30,0,48.27586207,1
4611,225,0,225,60,26,34,0,43.33333333,1
4612,375,0,375,56,22,34,0,39.28571429,1
4613,225,0,225,54,16,38,0,29.62962963,1
4614,225,0,225,60,20,40,0,33.33333333,1
4615,225,0,225,64,24,40,0,37.50000000,1
4616,135,0,135,62,22,40,0,35.48387097,1
4617,225,0,225,62,26,36,0,41.93548387,1
4618,375,0,375,58,14,44,0,24.13793103,1
4619,135,0,135,64,28,36,0,43.75000000,1
4620,243,0,243,50,30,20,0,60.00000000,1
4621,135,0,135,64,28,36,0,43.75000000,1
4622,243,0,243,68,28,40,0,41.17647059,1
4623,147,0,147,60,16,44,0,26.66666667,1
4624,243,0,243,56,12,44,0,21.42857143,1
4625,375,0,375,60,22,38,0,36.66666667,1
4626,225,0,225,62,28,34,0,45.16129032,1
4627,225,0,225,62,24,38,0,38.70967742,1
4628,135,0,135,66,24,42,0,36.36363636,1
4629,155,0,155,114,26,88,0,22.80701754,1
4630,315,0,315,56,22,34,0,39.28571429,1
4631,225,0,225,66,20,46,0,30.30303030,1
4632,189,0,189,56,26,30,0,46.42857143,1
4633,225,0,225,58,22,36,0,37.93103448,1
4634,375,0,375,60,18,42,0,30.00000000,1
4635,225,0,225,58,20,38,0,34.48275862,1
4636,225,0,225,62,26,36,0,41.93548387,1
4637,375,0,375,62,26,36,0,41.93548387,1
4638,189,0,189,56,18,38,0,32.14285714,1
4639,225,0,225,62,22,40,0,35.48387097,1
4640,375,0,375,50,14,36,0,28.00000000,1
4641,315,0,315,66,22,44,0,33.33333333,1
4642,375,0,375,56,30,26,0,53.57142857,1
4643,375,0,375,48,20,28,0,41.66666667,1
4644,225,0,225,68,28,40,0,41.17647059,1
4645,225,0,225,58,20,38,0,34.48275862,1
4646,315,0,315,58,18,40,0,31.03448276,1
4647,315,0,315,58,22,36,0,37.93103448,1
4648,135,0,135,60,30,30,0,50.00000000,1
4649,225,0,225,62,28,34,0,45.16129032,1
4650,225,0,225,62,26,36,0,41.93548387,1
4651,375,0,375,52,10,42,0,19.23076923,1
4652,225,0,225,62,26,36,0,41.93548387,1
4653,105,0,105,62,18,44,0,29.03225806,1
4654,189,0,189,60,26,34,0,43.33333333,1
4655,375,0,375,56,16,40,0,28.57142857,1
4656,225,0,225,64,18,46,0,28.12500000,1
4657,225,0,225,60,22,38,0,36.66666667,1
4658,315,0,315,50,18,32,0,36.00000000,1
4659,189,0,189,64,32,32,0,50.00000000,1
4660,315,0,315,54,24,30,0,44.44444444,1
4661,225,0,225,60,26,34,0,43.33333333,1
4662,225,0,225,66,24,42,0,36.36363636,1
4663,125,0,125,56,28,28,0,50.00000000,1
4664,225,0,225,70,26,44,0,37.14285714,1
4665,243,0,243,72,32,40,0,44.44444444,1
4666,135,0,135,60,22,38,0,36.66666667,1
4667,135,0,135,60,26,34,0,43.33333333,1
4668,243,0,243,60,20,40,0,33.33333333,1
4669,225,0,225,58,24,34,0,41.37931034,1
4670,189,0,189,70,28,42,0,40.00000000,1
4671,135,0,135,66,24,42,0,36.36363636,1
4672,189,0,189,68,22,46,0,32.35294118,1
4673,225,0,225,60,22,38,0,36.66666667,1
4674,135,0,135,72,18,54,0,25.00000000,1
4675,225,0,225,58,22,36,0,37.93103448,1
4676,375,0,375,60,24,36,0,40.00000000,1
4677,315,0,315,52,22,30,0,42.30769231,1
4678,375,0,375,62,28,34,0,45.16129032,1
4679,375,0,375,64,28,36,0,43.75000000,1
4680,225,0,225,66,24,42,0,36.36363636,1
4681,315,0,315,58,20,38,0,34.48275862,1
4682,243,0,243,106,54,52,0,50.94339623,1
4683,225,0,225,58,20,38,0,34.48275862,1
4684,135,0,135,66,20,46,0,30.30303030,1
4685,375,0,375,68,24,44,0,35.29411765,1
4686,375,0,375,60,18,42,0,30.00000000,1
4687,225,0,225,62,20,42,0,32.25806452,1
4688,175,0,175,72,40,32,0,55.55555556,1
4689,243,0,243,64,26,38,0,40.62500000,1
4690,135,0,135,60,26,34,0,43.33333333,1
4691,375,0,375,54,12,42,0,22.22222222,1
4692,189,0,189,64,30,34,0,46.87500000,1
4693,315,0,315,60,18,42,0,30.00000000,1
4694,105,0,105,64,32,32,0,50.00000000,1
4695,243,0,243,62,16,46,0,25.80645161,1
4696,135,0,135,62,28,34,0,45.16129032,1
4697,105,0,105,60,30,30,0,50.00000000,1
4698,225,0,225,68,22,46,0,32.35294118,1
4699,225,0,225,56,28,28,0,50.00000000,1
4700,375,0,375,64,30,34,0,46.87500000,1
4701,375,0,375,58,28,30,0,48.27586207,1
4702,225,0,225,68,24,44,0,35.29411765,1
4703,315,0,315,62,26,36,0,41.93548387,1
4704,225,0,225,62,22,40,0,35.48387097,1
4705,243,0,243,56,24,32,0,42.85714286,1
4706,225,0,225,64,26,38,0,40.62500000,1
4707,225,0,225,66,26,40,0,39.39393939,1
4708,189,0,189,66,26,40,0,39.39393939,1
4709,135,0,135,62,24,38,0,38.70967742,1
4710,225,0,225,68,28,40,0,41.17647059,1
4711,243,0,243,62,20,42,0,32.25806452,1
4712,225,0,225,66,24,42,0,36.36363636,1
4713,225,0,225,66,26,40,0,39.39393939,1
4714,375,0,375,60,30,30,0,50.00000000,1
4715,135,0,135,62,22,40,0,35.48387097,1
4716,375,0,375,70,26,44,0,37.14285714,1
4717,315,0,315,66,26,40,0,39.39393939,1
4718,147,0,147,74,20,54,0,27.02702703,1
4719,225,0,225,62,18,44,0,29.03225806,1
4720,375,0,375,54,26,28,0,48.14814815,1
4721,315,0,315,54,24,30,0,44.44444444,1
4722,243,0,243,68,26,42,0,38.23529412,1
4723,315,0,315,54,14,40,0,25.92592593,1
4724,225,0,225,66,24,42,0,36.36363636,1
4725,405,0,405,54,16,38,0,29.62962963,1
4726,405,0,405,50,28,22,0,56.00000000,1
4727,351,0,351,64,26,38,0,40.62500000,1
4728,225,0,225,58,20,38,0,34.48275862,1
4729,243,0,243,72,28,44,0,38.88888889,1
4730,225,0,225,52,12,40,0,23.07692308,1
4731,153,0,153,52,32,20,0,61.53846154,1
4732,225,0,225,62,22,40,0,35.48387097,1
4733,225,0,225,60,20,40,0,33.33333333,1
4734,375,0,375,58,14,44,0,24.13793103,1
4735,135,0,135,64,26,38,0,40.62500000,1
4736,135,0,135,58,28,30,0,48.27586207,1
4737,315,0,315,58,26,32,0,44.82758621,1
4738,189,0,189,48,18,30,0,37.50000000,1
4739,225,0,225,62,24,38,0,38.70967742,1
4740,125,0,125,56,16,40,0,28.57142857,1
4741,315,0,315,54,16,38,0,29.62962963,1
4742,375,0,375,70,26,44,0,37.14285714,1
4743,225,0,225,64,22,42,0,34.37500000,1
4744,225,0,225,62,28,34,0,45.16129032,1
4745,125,0,125,54,12,42,0,22.22222222,1
4746,315,0,315,62,28,34,0,45.16129032,1
4747,225,0,225,56,18,38,0,32.14285714,1
4748,135,0,135,60,24,36,0,40.00000000,1
4749,225,0,225,68,24,44,0,35.29411765,1
4750,135,0,135,60,24,36,0,40.00000000,1
4751,75,0,75,56,16,40,0,28.57142857,1
4752,243,0,243,62,18,44,0,29.03225806,1
4753,225,0,225,60,20,40,0,33.33333333,1
4754,125,0,125,58,32,26,0,55.17241379,1
4755,225,0,225,64,30,34,0,46.87500000,1
4756,405,0,405,62,20,42,0,32.25806452,1
4757,315,0,315,64,26,38,0,40.62500000,1
4758,315,0,315,54,22,32,0,40.74074074,1
4759,225,0,225,64,22,42,0,34.37500000,1
4760,225,0,225,62,18,44,0,29.03225806,1
4761,375,0,375,62,26,36,0,41.93548387,1
4762,105,0,105,62,30,32,0,48.38709677,1
4763,225,0,225,64,22,42,0,34.37500000,1
4764,225,0,225,60,26,34,0,43.33333333,1
4765,175,0,175,72,34,38,0,47.22222222,1
4766,405,0,405,60,24,36,0,40.00000000,1
4767,225,0,225,52,20,32,0,38.46153846,1
4768,315,0,315,66,32,34,0,48.48484848,1
4769,189,0,189,58,22,36,0,37.93103448,1
4770,225,0,225,62,24,38,0,38.70967742,1
4771,135,0,135,66,26,40,0,39.39393939,1
4772,375,0,375,64,20,44,0,31.25000000,1
4773,315,0,315,60,26,34,0,43.33333333,1
4774,315,0,315,68,32,36,0,47.05882353,1
4775,225,0,225,56,20,36,0,35.71428571,1
4776,225,0,225,62,24,38,0,38.70967742,1
4777,225,0,225,66,18,48,0,27.27272727,1
4778,225,0,225,68,28,40,0,41.17647059,1
4779,315,0,315,58,14,44,0,24.13793103,1
4780,225,0,225,72,26,46,0,36.11111111,1
4781,225,0,225,72,32,40,0,44.44444444,1
4782,189,0,189,68,28,40,0,41.17647059,1
4783,225,0,225,56,24,32,0,42.85714286,1
4784,225,0,225,60,24,36,0,40.00000000,1
4785,225,0,225,58,20,38,0,34.48275862,1
4786,225,0,225,56,18,38,0,32.14285714,1
4787,225,0,225,64,18,46,0,28.12500000,1
4788,135,0,135,68,26,42,0,38.23529412,1
4789,315,0,315,64,28,36,0,43.75000000,1
4790,315,0,315,58,26,32,0,44.82758621,1
4791,135,0,135,62,22,40,0,35.48387097,1
4792,225,0,225,72,28,44,0,38.88888889,1
4793,225,0,225,62,28,34,0,45.16129032,1
4794,225,0,225,60,22,38,0,36.66666667,1
4795,225,0,225,58,20,38,0,34.48275862,1
4796,175,0,175,70,24,46,0,34.28571429,1
4797,135,0,135,64,26,38,0,40.62500000,1
4798,375,0,375,58,26,32,0,44.82758621,1
4799,375,0,375,60,28,32,0,46.66666667,1
4800,165,0,165,82,42,40,0,51.21951220,1
4801,525,0,525,52,20,32,0,38.46153846,1
4802,189,0,189,68,26,42,0,38.23529412,1
4803,225,0,225,64,26,38,0,40.62500000,1
4804,225,0,225,60,24,36,0,40.00000000,1
4805,441,0,441,168,36,132,0,21.42857143,1
4806,225,0,225,66,22,44,0,33.33333333,1
4807,375,0,375,58,26,32,0,44.82758621,1
4808,225,0,225,62,30,32,0,48.38709677,1
4809,375,0,375,60,24,36,0,40.00000000,1
4810,225,0,225,64,24,40,0,37.50000000,1
4811,189,0,189,64,24,40,0,37.50000000,1
4812,225,0,225,50,26,24,0,52.00000000,1
4813,225,0,225,66,20,46,0,30.30303030,1
4814,375,0,375,56,24,32,0,42.85714286,1
4815,147,0,147,60,22,38,0,36.66666667,1
4816,375,0,375,66,28,38,0,42.42424242,1
4817,375,0,375,60,22,38,0,36.66666667,1
4818,175,0,175,50,16,34,0,32.00000000,1
4819,315,0,315,46,10,36,0,21.73913043,1
4820,225,0,225,62,24,38,0,38.70967742,1
4821,225,0,225,64,18,46,0,28.12500000,1
4822,225,0,225,64,26,38,0,40.62500000,1
4823,225,0,225,60,24,36,0,40.00000000,1
4824,315,0,315,60,16,44,0,26.66666667,1
4825,225,0,225,64,22,42,0,34.37500000,1
4826,315,0,315,64,30,34,0,46.87500000,1
4827,375,0,375,58,24,34,0,41.37931034,1
4828,315,0,315,50,30,20,0,60.00000000,1
4829,375,0,375,62,30,32,0,48.38709677,1
4830,225,0,225,54,22,32,0,40.74074074,1
4831,75,0,75,58,24,34,0,41.37931034,1
4832,105,0,105,54,24,30,0,44.44444444,1
4833,225,0,225,60,26,34,0,43.33333333,1
4834,375,0,375,64,28,36,0,43.75000000,1
4835,225,0,225,66,24,42,0,36.36363636,1
4836,135,0,135,64,28,36,0,43.75000000,1
4837,375,0,375,62,22,40,0,35.48387097,1
4838,125,0,125,82,18,64,0,21.95121951,1
4839,189,0,189,60,22,38,0,36.66666667,1
4840,189,0,189,58,28,30,0,48.27586207,1
4841,225,0,225,66,20,46,0,30.30303030,1
4842,135,0,135,64,24,40,0,37.50000000,1
4843,225,0,225,50,16,34,0,32.00000000,1
4844,135,0,135,62,20,42,0,32.25806452,1
4845,225,0,225,60,22,38,0,36.66666667,1
4846,375,0,375,64,22,42,0,34.37500000,1
4847,225,0,225,62,18,44,0,29.03225806,1
4848,225,0,225,60,26,34,0,43.33333333,1
4849,189,0,189,60,24,36,0,40.00000000,1
4850,375,0,375,56,20,36,0,35.71428571,1
4851,315,0,315,60,22,38,0,36.66666667,1
4852,315,0,315,56,20,36,0,35.71428571,1
4853,225,0,225,64,26,38,0,40.62500000,1
4854,375,0,375,60,24,36,0,40.00000000,1
4855,175,0,175,52,32,20,0,61.53846154,1
4856,105,0,105,70,18,52,0,25.71428571,1
4857,225,0,225,66,26,40,0,39.39393939,1
4858,315,0,315,66,22,44,0,33.33333333,1
4859,375,0,375,66,24,42,0,36.36363636,1
4860,225,0,225,62,28,34,0,45.16129032,1
4861,315,0,315,64,26,38,0,40.62500000,1
4862,375,0,375,60,20,40,0,33.33333333,1
4863,315,0,315,62,18,44,0,29.03225806,1
4864,297,0,297,150,38,112,0,25.33333333,1
4865,189,0,189,72,26,46,0,36.11111111,1
4866,99,0,99,58,14,44,0,24.13793103,1
4867,125,0,125,54,14,40,0,25.92592593,1
4868,225,0,225,66,26,40,0,39.39393939,1
4869,375,0,375,58,16,42,0,27.58620690,1
4870,315,0,315,64,24,40,0,37.50000000,1
4871,225,0,225,54,24,30,0,44.44444444,1
4872,225,0,225,60,20,40,0,33.33333333,1
4873,375,0,375,62,24,38,0,38.70967742,1
4874,315,0,315,56,26,30,0,46.42857143,1
4875,225,0,225,62,18,44,0,29.03225806,1
4876,225,0,225,56,24,32,0,42.85714286,1
4877,315,0,315,68,30,38,0,44.11764706,1
4878,225,0,225,58,22,36,0,37.93103448,1
4879,243,0,243,60,16,44,0,26.66666667,1
4880,351,0,351,60,14,46,0,23.33333333,1
4881,375,0,375,64,24,40,0,37.50000000,1
4882,315,0,315,58,14,44,0,24.13793103,1
4883,189,0,189,60,20,40,0,33.33333333,1
4884,275,0,275,112,32,80,0,28.57142857,1
4885,135,0,135,62,26,36,0,41.93548387,1
4886,175,0,175,102,48,54,0,47.05882353,1
4887,135,0,135,98,18,80,0,18.36734694,1
4888,375,0,375,56,14,42,0,25.00000000,1
4889,245,0,245,92,24,68,0,26.08695652,1
4890,135,0,135,60,26,34,0,43.33333333,1
4891,135,0,135,70,14,56,0,20.00000000,1
4892,135,0,135,86,24,62,0,27.90697674,1
4893,225,0,225,66,28,38,0,42.42424242,1
4894,225,0,225,56,20,36,0,35.71428571,1
4895,225,0,225,62,18,44,0,29.03225806,1
4896,225,0,225,58,20,38,0,34.48275862,1
4897,225,0,225,60,22,38,0,36.66666667,1
4898,225,0,225,62,26,36,0,41.93548387,1
4899,225,0,225,66,24,42,0,36.36363636,1
4900,125,0,125,56,12,44,0,21.42857143,1
4901,189,0,189,58,22,36,0,37.93103448,1
4902,375,0,375,58,22,36,0,37.93103448,1
4903,135,0,135,66,30,36,0,45.45454545,1
4904,81,0,81,56,14,42,0,25.00000000,1
4905,189,0,189,62,20,42,0,32.25806452,1
4906,225,0,225,58,26,32,0,44.82758621,1
4907,225,0,225,66,32,34,0,48.48484848,1
4908,225,0,225,68,26,42,0,38.23529412,1
4909,135,0,135,58,24,34,0,41.37931034,1
4910,225,0,225,52,14,38,0,26.92307692,1
4911,175,0,175,82,44,38,0,53.65853659,1
4912,225,0,225,62,20,42,0,32.25806452,1
4913,315,0,315,70,24,46,0,34.28571429,1
4914,375,0,375,56,16,40,0,28.57142857,1
4915,225,0,225,66,28,38,0,42.42424242,1
4916,225,0,225,62,28,34,0,45.16129032,1
4917,175,0,175,64,16,48,0,25.00000000,1
4918,315,0,315,66,24,42,0,36.36363636,1
4919,147,0,147,66,14,52,0,21.21212121,1
4920,315,0,315,54,20,34,0,37.03703704,1
4921,315,0,315,52,16,36,0,30.76923077,1
4922,375,0,375,60,22,38,0,36.66666667,1
4923,405,0,405,54,26,28,0,48.14814815,1
4924,375,0,375,54,22,32,0,40.74074074,1
4925,225,0,225,72,22,50,0,30.55555556,1
4926,525,0,525,48,20,28,0,41.66666667,1
4927,225,0,225,66,26,40,0,39.39393939,1
4928,225,0,225,60,20,40,0,33.33333333,1
4929,375,0,375,62,20,42,0,32.25806452,1
4930,315,0,315,56,32,24,0,57.14285714,1
4931,315,0,315,52,30,22,0,57.69230769,1
4932,225,0,225,68,24,44,0,35.29411765,1
4933,125,0,125,68,36,32,0,52.94117647,1
4934,375,0,375,62,22,40,0,35.48387097,1
4935,147,0,147,80,22,58,0,27.50000000,1
4936,225,0,225,58,22,36,0,37.93103448,1
4937,243,0,243,58,18,40,0,31.03448276,1
4938,189,0,189,60,32,28,0,53.33333333,1
4939,135,0,135,60,24,36,0,40.00000000,1
4940,225,0,225,68,28,40,0,41.17647059,1
4941,375,0,375,62,22,40,0,35.48387097,1
4942,105,0,105,56,24,32,0,42.85714286,1
4943,225,0,225,64,22,42,0,34.37500000,1
4944,75,0,75,54,32,22,0,59.25925926,1
4945,375,0,375,60,20,40,0,33.33333333,1
4946,225,0,225,62,18,44,0,29.03225806,1
4947,225,0,225,60,32,28,0,53.33333333,1
4948,75,0,75,58,16,42,0,27.58620690,1
4949,135,0,135,60,22,38,0,36.66666667,1
4950,225,0,225,64,24,40,0,37.50000000,1
4951,375,0,375,64,22,42,0,34.37500000,1
4952,189,0,189,64,22,42,0,34.37500000,1
4953,225,0,225,72,26,46,0,36.11111111,1
4954,105,0,105,56,34,22,0,60.71428571,1
4955,225,0,225,66,20,46,0,30.30303030,1
4956,135,0,135,66,22,44,0,33.33333333,1
4957,225,0,225,56,26,30,0,46.42857143,1
4958,225,0,225,58,18,40,0,31.03448276,1
4959,189,0,189,68,28,40,0,41.17647059,1
4960,375,0,375,68,30,38,0,44.11764706,1
4961,135,0,135,60,24,36,0,40.00000000,1
4962,81,0,81,60,16,44,0,26.66666667,1
4963,225,0,225,62,16,46,0,25.80645161,1
4964,315,0,315,64,20,44,0,31.25000000,1
4965,225,0,225,64,16,48,0,25.00000000,1
4966,225,0,225,68,24,44,0,35.29411765,1
4967,297,0,297,62,26,36,0,41.93548387,1
4968,175,0,175,74,18,56,0,24.32432432,1
4969,375,0,375,54,20,34,0,37.03703704,1
4970,225,0,225,64,28,36,0,43.75000000,1
4971,135,0,135,70,24,46,0,34.28571429,1
4972,225,0,225,66,22,44,0,33.33333333,1
4973,315,0,315,64,26,38,0,40.62500000,1
4974,225,0,225,68,28,40,0,41.17647059,1
4975,315,0,315,62,24,38,0,38.70967742,1
4976,125,0,125,64,34,30,0,53.12500000,1
4977,91,0,91,50,12,38,0,24.00000000,1
4978,375,0,375,58,26,32,0,44.82758621,1
4979,225,0,225,56,24,32,0,42.85714286,1
4980,225,0,225,66,24,42,0,36.36363636,1
4981,315,0,315,50,12,38,0,24.00000000,1
4982,189,0,189,56,20,36,0,35.71428571,1
4983,225,0,225,68,24,44,0,35.29411765,1
4984,315,0,315,60,24,36,0,40.00000000,1
4985,225,0,225,64,24,40,0,37.50000000,1
4986,135,0,135,76,34,42,0,44.73684211,1
4987,315,0,315,62,20,42,0,32.25806452,1
4988,135,0,135,60,22,38,0,36.66666667,1
4989,135,0,135,62,20,42,0,32.25806452,1
4990,315,0,315,62,18,44,0,29.03225806,1
4991,315,0,315,62,18,44,0,29.03225806,1
4992,225,0,225,66,24,42,0,36.36363636,1
4993,375,0,375,52,16,36,0,30.76923077,1
4994,225,0,225,58,20,38,0,34.48275862,1
4995,135,0,135,64,28,36,0,43.75000000,1
4996,225,0,225,64,24,40,0,37.50000000,1
4997,225,0,225,66,22,44,0,33.33333333,1
4998,225,0,225,60,22,38,0,36.66666667,1
4999,243,0,243,58,30,28,0,51.72413793,1
5000,105,0,105,50,22,28,0,44.00000000,1
5001,375,0,375,68,28,40,0,41.17647059,1
5002,495,0,495,46,4,42,0,8.69565217,1
5003,225,0,225,64,22,42,0,34.37500000,1
5004,225,0,225,62,28,34,0,45.16129032,1
5005,375,0,375,58,26,32,0,44.82758621,1
5006,135,0,135,62,26,36,0,41.93548387,1
5007,175,0,175,86,24,62,0,27.90697674,1
5008,225,0,225,64,22,42,0,34.37500000,1
5009,225,0,225,64,26,38,0,40.62500000,1
5010,243,0,243,70,24,46,0,34.28571429,1
5011,189,0,189,46,10,36,0,21.73913043,1
5012,225,0,225,66,30,36,0,45.45454545,1
5013,135,0,135,64,32,32,0,50.00000000,1
5014,189,0,189,68,26,42,0,38.23529412,1
5015,315,0,315,56,22,34,0,39.28571429,1
5016,225,0,225,58,14,44,0,24.13793103,1
5017,189,0,189,68,24,44,0,35.29411765,1
5018,405,0,405,60,14,46,0,23.33333333,1
5019,225,0,225,62,20,42,0,32.25806452,1
5020,189,0,189,68,24,44,0,35.29411765,1
5021,225,0,225,68,24,44,0,35.29411765,1
5022,315,0,315,68,24,44,0,35.29411765,1
5023,147,0,147,64,32,32,0,50.00000000,1
5024,189,0,189,72,26,46,0,36.11111111,1
5025,375,0,375,56,18,38,0,32.14285714,1
5026,243,0,243,66,22,44,0,33.33333333,1
5027,441,0,441,56,16,40,0,28.57142857,1
5028,135,0,135,64,22,42,0,34.37500000,1
5029,189,0,189,72,26,46,0,36.11111111,1
5030,225,0,225,72,24,48,0,33.33333333,1
5031,225,0,225,78,32,46,0,41.02564103,1
5032,225,0,225,54,20,34,0,37.03703704,1
5033,225,0,225,56,16,40,0,28.57142857,1
5034,375,0,375,66,30,36,0,45.45454545,1
5035,225,0,225,54,16,38,0,29.62962963,1
5036,135,0,135,66,26,40,0,39.39393939,1
5037,225,0,225,62,22,40,0,35.48387097,1
5038,135,0,135,62,22,40,0,35.48387097,1
5039,225,0,225,60,18,42,0,30.00000000,1
5040,135,0,135,70,28,42,0,40.00000000,1
5041,225,0,225,64,28,36,0,43.75000000,1
5042,189,0,189,66,26,40,0,39.39393939,1
5043,135,0,135,66,28,38,0,42.42424242,1
5044,225,0,225,58,26,32,0,44.82758621,1
5045,441,0,441,56,18,38,0,32.14285714,1
5046,225,0,225,64,28,36,0,43.75000000,1
5047,189,0,189,72,28,44,0,38.88888889,1
5048,225,0,225,60,18,42,0,30.00000000,1
5049,225,0,225,64,28,36,0,43.75000000,1
5050,225,0,225,70,28,42,0,40.00000000,1
5051,225,0,225,60,24,36,0,40.00000000,1
5052,135,0,135,64,22,42,0,34.37500000,1
5053,225,0,225,70,24,46,0,34.28571429,1
5054,315,0,315,60,16,44,0,26.66666667,1
5055,375,0,375,58,18,40,0,31.03448276,1
5056,225,0,225,66,24,42,0,36.36363636,1
5057,225,0,225,64,22,42,0,34.37500000,1
5058,375,0,375,54,28,26,0,51.85185185,1
5059,225,0,225,60,32,28,0,53.33333333,1
5060,189,0,189,60,30,30,0,50.00000000,1
5061,135,0,135,64,24,40,0,37.50000000,1
5062,105,0,105,62,16,46,0,25.80645161,1
5063,297,0,297,52,14,38,0,26.92307692,1
5064,375,0,375,58,22,36,0,37.93103448,1
5065,125,0,125,60,12,48,0,20.00000000,1
5066,135,0,135,58,14,44,0,24.13793103,1
5067,207,0,207,166,44,122,0,26.50602410,1
5068,225,0,225,70,24,46,0,34.28571429,1
5069,315,0,315,54,14,40,0,25.92592593,1
5070,147,0,147,64,32,32,0,50.00000000,1
5071,375,0,375,64,20,44,0,31.25000000,1
5072,375,0,375,64,24,40,0,37.50000000,1
5073,243,0,243,64,26,38,0,40.62500000,1
5074,135,0,135,60,26,34,0,43.33333333,1
5075,135,0,135,68,24,44,0,35.29411765,1
5076,225,0,225,60,26,34,0,43.33333333,1
5077,189,0,189,56,28,28,0,50.00000000,1
5078,315,0,315,60,26,34,0,43.33333333,1
5079,225,0,225,58,22,36,0,37.93103448,1
5080,315,0,315,62,28,34,0,45.16129032,1
5081,225,0,225,64,24,40,0,37.50000000,1
5082,225,0,225,68,24,44,0,35.29411765,1
5083,225,0,225,58,20,38,0,34.48275862,1
5084,189,0,189,62,28,34,0,45.16129032,1
5085,225,0,225,58,20,38,0,34.48275862,1
5086,135,0,135,68,26,42,0,38.23529412,1
5087,125,0,125,68,16,52,0,23.52941176,1
5088,315,0,315,64,20,44,0,31.25000000,1
5089,225,0,225,60,30,30,0,50.00000000,1
5090,189,0,189,64,26,38,0,40.62500000,1
5091,315,0,315,66,24,42,0,36.36363636,1
5092,189,0,189,66,24,42,0,36.36363636,1
5093,375,0,375,64,22,42,0,34.37500000,1
5094,225,0,225,60,22,38,0,36.66666667,1
5095,135,0,135,64,22,42,0,34.37500000,1
5096,189,0,189,52,24,28,0,46.15384615,1
5097,243,0,243,68,26,42,0,38.23529412,1
5098,315,0,315,64,26,38,0,40.62500000,1
5099,375,0,375,58,22,36,0,37.93103448,1
5100,225,0,225,58,22,36,0,37.93103448,1
5101,135,0,135,58,22,36,0,37.93103448,1
5102,315,0,315,62,22,40,0,35.48387097,1
5103,135,0,135,62,32,30,0,51.61290323,1
5104,375,0,375,60,26,34,0,43.33333333,1
5105,315,0,315,56,16,40,0,28.57142857,1
5106,275,0,275,186,50,136,0,26.88172043,1
5107,225,0,225,62,20,42,0,32.25806452,1
5108,225,0,225,66,24,42,0,36.36363636,1
5109,225,0,225,64,24,40,0,37.50000000,1
5110,225,0,225,56,26,30,0,46.42857143,1
5111,225,0,225,58,28,30,0,48.27586207,1
5112,225,0,225,58,22,36,0,37.93103448,1
5113,135,0,135,58,22,36,0,37.93103448,1
5114,225,0,225,52,12,40,0,23.07692308,1
5115,135,0,135,64,20,44,0,31.25000000,1
5116,225,0,225,62,20,42,0,32.25806452,1
5117,351,0,351,64,34,30,0,53.12500000,1
5118,135,0,135,62,24,38,0,38.70967742,1
5119,135,0,135,66,26,40,0,39.39393939,1
5120,225,0,225,72,28,44,0,38.88888889,1
5121,315,0,315,50,16,34,0,32.00000000,1
5122,135,0,135,56,22,34,0,39.28571429,1
5123,135,0,135,64,30,34,0,46.87500000,1
5124,225,0,225,66,26,40,0,39.39393939,1
5125,225,0,225,62,28,34,0,45.16129032,1
5126,147,0,147,84,24,60,0,28.57142857,1
5127,405,0,405,54,12,42,0,22.22222222,1
5128,105,0,105,62,20,42,0,32.25806452,1
5129,375,0,375,56,16,40,0,28.57142857,1
5130,225,0,225,64,26,38,0,40.62500000,1
5131,315,0,315,64,24,40,0,37.50000000,1
5132,225,0,225,62,14,48,0,22.58064516,1
5133,375,0,375,62,28,34,0,45.16129032,1
5134,225,0,225,68,28,40,0,41.17647059,1
5135,165,0,165,54,18,36,0,33.33333333,1
5136,105,0,105,60,30,30,0,50.00000000,1
5137,189,0,189,76,36,40,0,47.36842105,1
5138,51,0,51,44,0,44,0,0.00000000,1
5139,225,0,225,66,28,38,0,42.42424242,1
5140,225,0,225,68,28,40,0,41.17647059,1
5141,189,0,189,58,14,44,0,24.13793103,1
5142,225,0,225,64,26,38,0,40.62500000,1
5143,375,0,375,52,18,34,0,34.61538462,1
5144,189,0,189,116,30,86,0,25.86206897,1
5145,125,0,125,64,18,46,0,28.12500000,1
5146,225,0,225,62,26,36,0,41.93548387,1
5147,189,0,189,50,24,26,0,48.00000000,1
5148,315,0,315,130,62,68,0,47.69230769,1
5149,225,0,225,64,24,40,0,37.50000000,1
5150,225,0,225,68,26,42,0,38.23529412,1
5151,225,0,225,62,18,44,0,29.03225806,1
5152,105,0,105,64,28,36,0,43.75000000,1
5153,189,0,189,56,32,24,0,57.14285714,1
5154,225,0,225,56,24,32,0,42.85714286,1
5155,135,0,135,60,26,34,0,43.33333333,1
5156,225,0,225,62,26,36,0,41.93548387,1
5157,225,0,225,50,26,24,0,52.00000000,1
5158,225,0,225,54,22,32,0,40.74074074,1
5159,225,0,225,64,22,42,0,34.37500000,1
5160,175,0,175,58,14,44,0,24.13793103,1
5161,243,0,243,60,24,36,0,40.00000000,1
5162,315,0,315,60,30,30,0,50.00000000,1
5163,225,0,225,54,16,38,0,29.62962963,1
5164,315,0,315,38,24,14,0,63.15789474,1
5165,225,0,225,58,20,38,0,34.48275862,1
5166,99,0,99,48,12,36,0,25.00000000,1
5167,225,0,225,62,26,36,0,41.93548387,1
5168,189,0,189,60,26,34,0,43.33333333,1
5169,135,0,135,60,24,36,0,40.00000000,1
5170,375,0,375,54,16,38,0,29.62962963,1
5171,245,0,245,70,40,30,0,57.14285714,1
5172,189,0,189,68,28,40,0,41.17647059,1
5173,135,0,135,64,26,38,0,40.62500000,1
5174,315,0,315,52,14,38,0,26.92307692,1
5175,225,0,225,56,28,28,0,50.00000000,1
5176,225,0,225,62,24,38,0,38.70967742,1
5177,75,0,75,56,16,40,0,28.57142857,1
5178,315,0,315,52,12,40,0,23.07692308,1
5179,375,0,375,58,24,34,0,41.37931034,1
5180,315,0,315,64,24,40,0,37.50000000,1
5181,819,0,819,414,204,210,0,49.27536232,1
5182,225,0,225,64,22,42,0,34.37500000,1
5183,405,0,405,54,18,36,0,33.33333333,1
5184,135,0,135,64,26,38,0,40.62500000,1
5185,135,0,135,64,28,36,0,43.75000000,1
5186,225,0,225,66,24,42,0,36.36363636,1
5187,225,0,225,66,22,44,0,33.33333333,1
5188,225,0,225,64,26,38,0,40.62500000,1
5189,189,0,189,56,18,38,0,32.14285714,1
5190,105,0,105,54,24,30,0,44.44444444,1
5191,189,0,189,64,28,36,0,43.75000000,1
5192,225,0,225,58,22,36,0,37.93103448,1
5193,225,0,225,62,18,44,0,29.03225806,1
5194,273,0,273,140,32,108,0,22.85714286,1
5195,375,0,375,64,22,42,0,34.37500000,1
5196,225,0,225,62,28,34,0,45.16129032,1
5197,225,0,225,66,26,40,0,39.39393939,1
5198,135,0,135,60,22,38,0,36.66666667,1
5199,375,0,375,64,22,42,0,34.37500000,1
5200,375,0,375,58,28,30,0,48.27586207,1
5201,135,0,135,70,38,32,0,54.28571429,1
5202,441,0,441,54,20,34,0,37.03703704,1
5203,135,0,135,64,26,38,0,40.62500000,1
5204,225,0,225,60,22,38,0,36.66666667,1
5205,225,0,225,56,26,30,0,46.42857143,1
5206,315,0,315,58,20,38,0,34.48275862,1
5207,189,0,189,60,24,36,0,40.00000000,1
5208,225,0,225,66,24,42,0,36.36363636,1
5209,225,0,225,58,18,40,0,31.03448276,1
5210,225,0,225,64,24,40,0,37.50000000,1
5211,189,0,189,64,22,42,0,34.37500000,1
5212,225,0,225,72,32,40,0,44.44444444,1
5213,225,0,225,64,24,40,0,37.50000000,1
5214,225,0,225,70,24,46,0,34.28571429,1
5215,315,0,315,64,24,40,0,37.50000000,1
5216,225,0,225,62,26,36,0,41.93548387,1
5217,153,0,153,78,40,38,0,51.28205128,1
5218,135,0,135,66,28,38,0,42.42424242,1
5219,225,0,225,54,26,28,0,48.14814815,1
5220,225,0,225,62,28,34,0,45.16129032,1
5221,135,0,135,62,22,40,0,35.48387097,1
5222,125,0,125,54,30,24,0,55.55555556,1
5223,375,0,375,66,20,46,0,30.30303030,1
5224,135,0,135,60,26,34,0,43.33333333,1
5225,189,0,189,66,20,46,0,30.30303030,1
5226,105,0,105,60,26,34,0,43.33333333,1
5227,225,0,225,62,24,38,0,38.70967742,1
5228,225,0,225,64,28,36,0,43.75000000,1
5229,225,0,225,62,22,40,0,35.48387097,1
5230,225,0,225,62,22,40,0,35.48387097,1
5231,225,0,225,58,24,34,0,41.37931034,1
5232,225,0,225,64,22,42,0,34.37500000,1
5233,135,0,135,74,18,56,0,24.32432432,1
5234,375,0,375,64,24,40,0,37.50000000,1
5235,175,0,175,62,36,26,0,58.06451613,1
5236,125,0,125,68,18,50,0,26.47058824,1
5237,225,0,225,68,26,42,0,38.23529412,1
5238,135,0,135,64,22,42,0,34.37500000,1
5239,315,0,315,64,24,40,0,37.50000000,1
5240,225,0,225,66,24,42,0,36.36363636,1
5241,225,0,225,68,24,44,0,35.29411765,1
5242,189,0,189,72,28,44,0,38.88888889,1
5243,147,0,147,60,18,42,0,30.00000000,1
5244,225,0,225,60,20,40,0,33.33333333,1
5245,135,0,135,66,22,44,0,33.33333333,1
5246,225,0,225,62,22,40,0,35.48387097,1
5247,375,0,375,56,20,36,0,35.71428571,1
5248,57,0,57,48,0,48,0,0.00000000,1
5249,105,0,105,62,16,46,0,25.80645161,1
5250,225,0,225,60,24,36,0,40.00000000,1
5251,315,0,315,58,18,40,0,31.03448276,1
5252,225,0,225,66,30,36,0,45.45454545,1
5253,225,0,225,62,22,40,0,35.48387097,1
5254,225,0,225,64,28,36,0,43.75000000,1
5255,225,0,225,66,24,42,0,36.36363636,1
5256,135,0,135,62,24,38,0,38.70967742,1
5257,225,0,225,56,16,40,0,28.57142857,1
5258,375,0,375,60,26,34,0,43.33333333,1
5259,315,0,315,60,28,32,0,46.66666667,1
5260,225,0,225,66,28,38,0,42.42424242,1
5261,297,0,297,62,14,48,0,22.58064516,1
5262,189,0,189,66,28,38,0,42.42424242,1
5263,225,0,225,60,24,36,0,40.00000000,1
5264,225,0,225,68,26,42,0,38.23529412,1
5265,135,0,135,60,26,34,0,43.33333333,1
5266,189,0,189,60,26,34,0,43.33333333,1
5267,375,0,375,52,12,40,0,23.07692308,1
5268,375,0,375,62,26,36,0,41.93548387,1
5269,225,0,225,62,28,34,0,45.16129032,1
5270,441,0,441,58,14,44,0,24.13793103,1
5271,189,0,189,68,26,42,0,38.23529412,1
5272,225,0,225,60,24,36,0,40.00000000,1
5273,225,0,225,60,22,38,0,36.66666667,1
5274,225,0,225,60,24,36,0,40.00000000,1
5275,225,0,225,60,28,32,0,46.66666667,1
5276,225,0,225,72,32,40,0,44.44444444,1
5277,375,0,375,64,30,34,0,46.87500000,1
5278,315,0,315,66,24,42,0,36.36363636,1
5279,315,0,315,60,16,44,0,26.66666667,1
5280,147,0,147,70,16,54,0,22.85714286,1
5281,175,0,175,52,16,36,0,30.76923077,1
5282,189,0,189,64,24,40,0,37.50000000,1
5283,225,0,225,58,18,40,0,31.03448276,1
5284,195,0,195,112,24,88,0,21.42857143,1
5285,315,0,315,54,28,26,0,51.85185185,1
5286,225,0,225,64,22,42,0,34.37500000,1
5287,315,0,315,52,10,42,0,19.23076923,1
5288,225,0,225,62,24,38,0,38.70967742,1
5289,375,0,375,50,24,26,0,48.00000000,1
5290,315,0,315,62,28,34,0,45.16129032,1
5291,147,0,147,84,20,64,0,23.80952381,1
5292,135,0,135,62,18,44,0,29.03225806,1
5293,135,0,135,64,24,40,0,37.50000000,1
5294,165,0,165,66,20,46,0,30.30303030,1
5295,225,0,225,70,32,38,0,45.71428571,1
5296,225,0,225,66,14,52,0,21.21212121,1
5297,105,0,105,58,28,30,0,48.27586207,1
5298,225,0,225,58,18,40,0,31.03448276,1
5299,225,0,225,72,28,44,0,38.88888889,1
5300,315,0,315,52,20,32,0,38.46153846,1
5301,375,0,375,58,26,32,0,44.82758621,1
5302,225,0,225,58,26,32,0,44.82758621,1
5303,225,0,225,62,20,42,0,32.25806452,1
5304,225,0,225,70,24,46,0,34.28571429,1
5305,243,0,243,68,24,44,0,35.29411765,1
5306,135,0,135,100,30,70,0,30.00000000,1
5307,225,0,225,66,22,44,0,33.33333333,1
5308,225,0,225,60,24,36,0,40.00000000,1
5309,225,0,225,56,20,36,0,35.71428571,1
5310,315,0,315,58,22,36,0,37.93103448,1
5311,225,0,225,66,22,44,0,33.33333333,1
5312,135,0,135,58,24,34,0,41.37931034,1
5313,375,0,375,56,10,46,0,17.85714286,1
5314,225,0,225,62,24,38,0,38.70967742,1
5315,135,0,135,62,28,34,0,45.16129032,1
5316,175,0,175,58,12,46,0,20.68965517,1
5317,225,0,225,58,24,34,0,41.37931034,1
5318,225,0,225,62,26,36,0,41.93548387,1
5319,375,0,375,54,28,26,0,51.85185185,1
5320,315,0,315,64,36,28,0,56.25000000,1
5321,135,0,135,66,34,32,0,51.51515152,1
5322,225,0,225,70,24,46,0,34.28571429,1
5323,315,0,315,70,28,42,0,40.00000000,1
5324,225,0,225,60,26,34,0,43.33333333,1
5325,405,0,405,44,16,28,0,36.36363636,1
5326,189,0,189,68,28,40,0,41.17647059,1
5327,351,0,351,62,20,42,0,32.25806452,1
5328,135,0,135,58,26,32,0,44.82758621,1
5329,225,0,225,56,24,32,0,42.85714286,1
5330,225,0,225,62,24,38,0,38.70967742,1
5331,375,0,375,64,24,40,0,37.50000000,1
5332,315,0,315,58,16,42,0,27.58620690,1
5333,147,0,147,70,36,34,0,51.42857143,1
5334,375,0,375,52,26,26,0,50.00000000,1
5335,315,0,315,60,26,34,0,43.33333333,1
5336,225,0,225,62,22,40,0,35.48387097,1
5337,225,0,225,54,22,32,0,40.74074074,1
5338,225,0,225,62,22,40,0,35.48387097,1
5339,135,0,135,64,22,42,0,34.37500000,1
5340,225,0,225,62,22,40,0,35.48387097,1
5341,315,0,315,66,26,40,0,39.39393939,1
5342,243,0,243,66,28,38,0,42.42424242,1
5343,225,0,225,64,24,40,0,37.50000000,1
5344,225,0,225,58,26,32,0,44.82758621,1
5345,105,0,105,56,30,26,0,53.57142857,1
5346,315,0,315,52,26,26,0,50.00000000,1
5347,225,0,225,60,26,34,0,43.33333333,1
5348,315,0,315,64,20,44,0,31.25000000,1
5349,135,0,135,62,30,32,0,48.38709677,1
5350,375,0,375,64,24,40,0,37.50000000,1
5351,225,0,225,58,28,30,0,48.27586207,1
5352,225,0,225,64,24,40,0,37.50000000,1
5353,375,0,375,54,20,34,0,37.03703704,1
5354,525,0,525,44,22,22,0,50.00000000,1
5355,135,0,135,62,24,38,0,38.70967742,1
5356,225,0,225,60,14,46,0,23.33333333,1
5357,315,0,315,62,22,40,0,35.48387097,1
5358,175,0,175,64,32,32,0,50.00000000,1
5359,225,0,225,68,26,42,0,38.23529412,1
5360,225,0,225,68,26,42,0,38.23529412,1
5361,243,0,243,100,50,50,0,50.00000000,1
5362,189,0,189,66,26,40,0,39.39393939,1
5363,135,0,135,66,26,40,0,39.39393939,1
5364,225,0,225,62,20,42,0,32.25806452,1
5365,225,0,225,70,26,44,0,37.14285714,1
5366,225,0,225,64,26,38,0,40.62500000,1
5367,315,0,315,136,38,98,0,27.94117647,1
5368,225,0,225,64,18,46,0,28.12500000,1
5369,225,0,225,64,24,40,0,37.50000000,1
5370,375,0,375,62,22,40,0,35.48387097,1
5371,135,0,135,56,20,36,0,35.71428571,1
5372,375,0,375,62,26,36,0,41.93548387,1
5373,225,0,225,56,16,40,0,28.57142857,1
5374,99,0,99,76,18,58,0,23.68421053,1
5375,375,0,375,62,28,34,0,45.16129032,1
5376,225,0,225,68,28,40,0,41.17647059,1
5377,225,0,225,52,24,28,0,46.15384615,1
5378,117,0,117,58,12,46,0,20.68965517,1
5379,375,0,375,60,24,36,0,40.00000000,1
5380,225,0,225,64,22,42,0,34.37500000,1
5381,315,0,315,58,16,42,0,27.58620690,1
5382,225,0,225,56,22,34,0,39.28571429,1
5383,315,0,315,72,28,44,0,38.88888889,1
5384,135,0,135,66,20,46,0,30.30303030,1
5385,225,0,225,62,20,42,0,32.25806452,1
5386,375,0,375,62,22,40,0,35.48387097,1
5387,225,0,225,64,22,42,0,34.37500000,1
5388,243,0,243,56,22,34,0,39.28571429,1
5389,231,0,231,58,30,28,0,51.72413793,1
5390,225,0,225,58,22,36,0,37.93103448,1
5391,189,0,189,54,22,32,0,40.74074074,1
5392,135,0,135,42,28,14,0,66.66666667,1
5393,243,0,243,64,24,40,0,37.50000000,1
5394,375,0,375,60,32,28,0,53.33333333,1
5395,315,0,315,50,24,26,0,48.00000000,1
5396,375,0,375,60,22,38,0,36.66666667,1
5397,225,0,225,56,16,40,0,28.57142857,1
5398,225,0,225,58,18,40,0,31.03448276,1
5399,225,0,225,60,28,32,0,46.66666667,1
5400,375,0,375,58,18,40,0,31.03448276,1
5401,135,0,135,62,30,32,0,48.38709677,1
5402,375,0,375,64,20,44,0,31.25000000,1
5403,225,0,225,62,22,40,0,35.48387097,1
5404,225,0,225,60,20,40,0,33.33333333,1
5405,375,0,375,58,28,30,0,48.27586207,1
5406,189,0,189,64,26,38,0,40.62500000,1
5407,125,0,125,58,14,44,0,24.13793103,1
5408,297,0,297,48,18,30,0,37.50000000,1
5409,405,0,405,52,6,46,0,11.53846154,1
5410,225,0,225,72,24,48,0,33.33333333,1
5411,135,0,135,62,24,38,0,38.70967742,1
5412,225,0,225,68,26,42,0,38.23529412,1
5413,375,0,375,60,18,42,0,30.00000000,1
5414,245,0,245,128,32,96,0,25.00000000,1
5415,135,0,135,60,22,38,0,36.66666667,1
5416,105,0,105,60,14,46,0,23.33333333,1
5417,315,0,315,68,24,44,0,35.29411765,1
5418,189,0,189,60,24,36,0,40.00000000,1
5419,225,0,225,58,20,38,0,34.48275862,1
5420,225,0,225,66,24,42,0,36.36363636,1
5421,225,0,225,60,20,40,0,33.33333333,1
5422,105,0,105,66,38,28,0,57.57575758,1
5423,189,0,189,70,26,44,0,37.14285714,1
5424,225,0,225,60,22,38,0,36.66666667,1
5425,225,0,225,60,22,38,0,36.66666667,1
5426,125,0,125,58,32,26,0,55.17241379,1
5427,225,0,225,68,30,38,0,44.11764706,1
5428,375,0,375,68,24,44,0,35.29411765,1
5429,225,0,225,58,30,28,0,51.72413793,1
5430,225,0,225,56,26,30,0,46.42857143,1
5431,135,0,135,64,28,36,0,43.75000000,1
5432,135,0,135,60,28,32,0,46.66666667,1
5433,225,0,225,70,26,44,0,37.14285714,1
5434,297,0,297,54,24,30,0,44.44444444,1
5435,375,0,375,58,22,36,0,37.93103448,1
5436,315,0,315,60,16,44,0,26.66666667,1
5437,125,0,125,56,12,44,0,21.42857143,1
5438,225,0,225,60,26,34,0,43.33333333,1
5439,375,0,375,68,28,40,0,41.17647059,1
5440,225,0,225,68,28,40,0,41.17647059,1
5441,225,0,225,66,28,38,0,42.42424242,1
5442,225,0,225,58,26,32,0,44.82758621,1
5443,147,0,147,54,24,30,0,44.44444444,1
5444,189,0,189,58,16,42,0,27.58620690,1
5445,135,0,135,62,24,38,0,38.70967742,1
5446,135,0,135,62,26,36,0,41.93548387,1
5447,225,0,225,62,22,40,0,35.48387097,1
5448,243,0,243,58,26,32,0,44.82758621,1
5449,225,0,225,62,30,32,0,48.38709677,1
5450,135,0,135,58,20,38,0,34.48275862,1
5451,297,0,297,66,16,50,0,24.24242424,1
5452,225,0,225,66,26,40,0,39.39393939,1
5453,175,0,175,68,20,48,0,29.41176471,1
5454,105,0,105,58,18,40,0,31.03448276,1
5455,225,0,225,68,24,44,0,35.29411765,1
5456,315,0,315,64,24,40,0,37.50000000,1
5457,135,0,135,68,24,44,0,35.29411765,1
5458,135,0,135,62,24,38,0,38.70967742,1
5459,315,0,315,50,18,32,0,36.00000000,1
5460,225,0,225,64,26,38,0,40.62500000,1
5461,225,0,225,72,28,44,0,38.88888889,1
5462,91,0,91,68,16,52,0,23.52941176,1
5463,135,0,135,60,20,40,0,33.33333333,1
5464,375,0,375,62,32,30,0,51.61290323,1
5465,225,0,225,60,22,38,0,36.66666667,1
5466,315,0,315,68,28,40,0,41.17647059,1
5467,375,0,375,58,24,34,0,41.37931034,1
5468,375,0,375,58,20,38,0,34.48275862,1
5469,225,0,225,58,20,38,0,34.48275862,1
5470,225,0,225,56,18,38,0,32.14285714,1
5471,99,0,99,72,36,36,0,50.00000000,1
5472,135,0,135,48,4,44,0,8.33333333,1
5473,135,0,135,60,18,42,0,30.00000000,1
5474,225,0,225,64,24,40,0,37.50000000,1
5475,225,0,225,60,22,38,0,36.66666667,1
5476,225,0,225,62,24,38,0,38.70967742,1
5477,147,0,147,60,14,46,0,23.33333333,1
5478,225,0,225,62,20,42,0,32.25806452,1
5479,225,0,225,64,26,38,0,40.62500000,1
5480,315,0,315,54,12,42,0,22.22222222,1
5481,135,0,135,64,26,38,0,40.62500000,1
5482,375,0,375,54,24,30,0,44.44444444,1
5483,147,0,147,74,16,58,0,21.62162162,1
5484,189,0,189,60,18,42,0,30.00000000,1
5485,135,0,135,48,16,32,0,33.33333333,1
5486,315,0,315,60,28,32,0,46.66666667,1
5487,225,0,225,66,22,44,0,33.33333333,1
5488,135,0,135,64,26,38,0,40.62500000,1
5489,225,0,225,62,24,38,0,38.70967742,1
5490,225,0,225,68,28,40,0,41.17647059,1
5491,225,0,225,62,24,38,0,38.70967742,1
5492,189,0,189,54,14,40,0,25.92592593,1
5493,105,0,105,58,16,42,0,27.58620690,1
5494,243,0,243,58,20,38,0,34.48275862,1
5495,225,0,225,54,26,28,0,48.14814815,1
5496,315,0,315,54,16,38,0,29.62962963,1
5497,189,0,189,50,26,24,0,52.00000000,1
5498,375,0,375,58,12,46,0,20.68965517,1
5499,225,0,225,58,18,40,0,31.03448276,1
5500,225,0,225,68,24,44,0,35.29411765,1
5501,171,0,171,70,26,44,0,37.14285714,1
5502,81,0,81,54,16,38,0,29.62962963,1
5503,135,0,135,56,22,34,0,39.28571429,1
5504,225,0,225,64,26,38,0,40.62500000,1
5505,525,0,525,54,16,38,0,29.62962963,1
5506,375,0,375,64,24,40,0,37.50000000,1
5507,225,0,225,68,26,42,0,38.23529412,1
5508,315,0,315,58,24,34,0,41.37931034,1
5509,375,0,375,52,18,34,0,34.61538462,1
5510,135,0,135,66,26,40,0,39.39393939,1
5511,175,0,175,96,48,48,0,50.00000000,1
5512,225,0,225,64,26,38,0,40.62500000,1
5513,195,0,195,62,16,46,0,25.80645161,1
5514,135,0,135,58,22,36,0,37.93103448,1
5515,315,0,315,70,30,40,0,42.85714286,1
5516,225,0,225,72,26,46,0,36.11111111,1
5517,189,0,189,64,24,40,0,37.50000000,1
5518,315,0,315,54,20,34,0,37.03703704,1
5519,225,0,225,60,26,34,0,43.33333333,1
5520,225,0,225,62,30,32,0,48.38709677,1
5521,375,0,375,62,24,38,0,38.70967742,1
5522,135,0,135,66,22,44,0,33.33333333,1
5523,147,0,147,58,28,30,0,48.27586207,1
5524,105,0,105,52,14,38,0,26.92307692,1
5525,225,0,225,64,30,34,0,46.87500000,1
5526,225,0,225,64,20,44,0,31.25000000,1
5527,225,0,225,66,22,44,0,33.33333333,1
5528,315,0,315,72,24,48,0,33.33333333,1
5529,189,0,189,56,22,34,0,39.28571429,1
5530,105,0,105,54,20,34,0,37.03703704,1
5531,315,0,315,68,34,34,0,50.00000000,1
5532,315,0,315,58,20,38,0,34.48275862,1
5533,175,0,175,76,22,54,0,28.94736842,1
5534,375,0,375,52,14,38,0,26.92307692,1
5535,175,0,175,84,42,42,0,50.00000000,1
5536,189,0,189,68,24,44,0,35.29411765,1
5537,225,0,225,56,18,38,0,32.14285714,1
5538,189,0,189,66,28,38,0,42.42424242,1
5539,225,0,225,64,24,40,0,37.50000000,1
5540,225,0,225,56,18,38,0,32.14285714,1
5541,297,0,297,62,18,44,0,29.03225806,1
5542,225,0,225,60,28,32,0,46.66666667,1
5543,225,0,225,68,32,36,0,47.05882353,1
5544,135,0,135,52,12,40,0,23.07692308,1
5545,105,0,105,60,18,42,0,30.00000000,1
5546,135,0,135,58,20,38,0,34.48275862,1
5547,135,0,135,58,18,40,0,31.03448276,1
5548,315,0,315,58,26,32,0,44.82758621,1
5549,225,0,225,68,22,46,0,32.35294118,1
5550,225,0,225,66,20,46,0,30.30303030,1
5551,225,0,225,60,20,40,0,33.33333333,1
5552,225,0,225,62,22,40,0,35.48387097,1
5553,225,0,225,66,22,44,0,33.33333333,1
5554,375,0,375,64,30,34,0,46.87500000,1
5555,189,0,189,54,22,32,0,40.74074074,1
5556,225,0,225,58,20,38,0,34.48275862,1
5557,225,0,225,48,26,22,0,54.16666667,1
5558,189,0,189,66,16,50,0,24.24242424,1
5559,315,0,315,66,20,46,0,30.30303030,1
5560,225,0,225,64,24,40,0,37.50000000,1
5561,189,0,189,60,24,36,0,40.00000000,1
5562,315,0,315,60,18,42,0,30.00000000,1
5563,189,0,189,62,18,44,0,29.03225806,1
5564,225,0,225,64,24,40,0,37.50000000,1
5565,375,0,375,64,24,40,0,37.50000000,1
5566,315,0,315,54,24,30,0,44.44444444,1
5567,605,0,605,290,148,142,0,51.03448276,1
5568,441,0,441,56,28,28,0,50.00000000,1
5569,135,0,135,62,24,38,0,38.70967742,1
5570,125,0,125,52,26,26,0,50.00000000,1
5571,225,0,225,56,24,32,0,42.85714286,1
5572,225,0,225,66,28,38,0,42.42424242,1
5573,525,0,525,48,12,36,0,25.00000000,1
5574,135,0,135,62,22,40,0,35.48387097,1
5575,225,0,225,62,20,42,0,32.25806452,1
5576,225,0,225,62,26,36,0,41.93548387,1
5577,225,0,225,60,16,44,0,26.66666667,1
5578,189,0,189,50,18,32,0,36.00000000,1
5579,135,0,135,64,22,42,0,34.37500000,1
5580,375,0,375,54,30,24,0,55.55555556,1
5581,225,0,225,60,24,36,0,40.00000000,1
5582,225,0,225,64,24,40,0,37.50000000,1
5583,375,0,375,58,22,36,0,37.93103448,1
5584,225,0,225,58,16,42,0,27.58620690,1
5585,375,0,375,60,24,36,0,40.00000000,1
5586,105,0,105,74,22,52,0,29.72972973,1
5587,225,0,225,62,26,36,0,41.93548387,1
5588,189,0,189,70,22,48,0,31.42857143,1
5589,225,0,225,58,24,34,0,41.37931034,1
5590,189,0,189,66,22,44,0,33.33333333,1
5591,225,0,225,58,24,34,0,41.37931034,1
5592,375,0,375,54,20,34,0,37.03703704,1
5593,225,0,225,60,26,34,0,43.33333333,1
5594,225,0,225,66,24,42,0,36.36363636,1
5595,297,0,297,58,26,32,0,44.82758621,1
5596,225,0,225,70,26,44,0,37.14285714,1
5597,225,0,225,64,26,38,0,40.62500000,1
5598,105,0,105,54,26,28,0,48.14814815,1
5599,225,0,225,58,24,34,0,41.37931034,1
5600,225,0,225,66,28,38,0,42.42424242,1
5601,375,0,375,56,22,34,0,39.28571429,1
5602,225,0,225,68,26,42,0,38.23529412,1
5603,135,0,135,62,24,38,0,38.70967742,1
5604,125,0,125,66,30,36,0,45.45454545,1
5605,225,0,225,70,28,42,0,40.00000000,1
5606,225,0,225,60,22,38,0,36.66666667,1
5607,105,0,105,60,16,44,0,26.66666667,1
5608,189,0,189,66,26,40,0,39.39393939,1
5609,315,0,315,62,18,44,0,29.03225806,1
5610,63,0,63,50,30,20,0,60.00000000,1
5611,105,0,105,58,16,42,0,27.58620690,1
5612,225,0,225,60,22,38,0,36.66666667,1
5613,315,0,315,62,12,50,0,19.35483871,1
5614,315,0,315,66,20,46,0,30.30303030,1
5615,135,0,135,68,28,40,0,41.17647059,1
5616,243,0,243,64,18,46,0,28.12500000,1
5617,135,0,135,68,32,36,0,47.05882353,1
5618,225,0,225,116,34,82,0,29.31034483,1
5619,315,0,315,124,34,90,0,27.41935484,1
5620,375,0,375,52,16,36,0,30.76923077,1
5621,225,0,225,68,24,44,0,35.29411765,1
5622,225,0,225,64,24,40,0,37.50000000,1
5623,225,0,225,62,30,32,0,48.38709677,1
5624,135,0,135,64,20,44,0,31.25000000,1
5625,297,0,297,74,32,42,0,43.24324324,1
5626,375,0,375,56,24,32,0,42.85714286,1
5627,225,0,225,62,24,38,0,38.70967742,1
5628,315,0,315,48,16,32,0,33.33333333,1
5629,225,0,225,68,26,42,0,38.23529412,1
5630,189,0,189,58,22,36,0,37.93103448,1
5631,225,0,225,72,30,42,0,41.66666667,1
5632,225,0,225,62,28,34,0,45.16129032,1
5633,315,0,315,64,16,48,0,25.00000000,1
5634,297,0,297,60,20,40,0,33.33333333,1
5635,105,0,105,52,28,24,0,53.84615385,1
5636,135,0,135,64,24,40,0,37.50000000,1
5637,225,0,225,60,24,36,0,40.00000000,1
5638,105,0,105,66,14,52,0,21.21212121,1
5639,225,0,225,64,16,48,0,25.00000000,1
5640,405,0,405,48,30,18,0,62.50000000,1
5641,225,0,225,60,22,38,0,36.66666667,1
5642,175,0,175,60,14,46,0,23.33333333,1
5643,135,0,135,58,22,36,0,37.93103448,1
5644,375,0,375,62,24,38,0,38.70967742,1
5645,225,0,225,60,24,36,0,40.00000000,1
5646,245,0,245,116,30,86,0,25.86206897,1
5647,315,0,315,58,14,44,0,24.13793103,1
5648,225,0,225,60,24,36,0,40.00000000,1
5649,125,0,125,78,24,54,0,30.76923077,1
5650,105,0,105,50,16,34,0,32.00000000,1
5651,225,0,225,66,28,38,0,42.42424242,1
5652,135,0,135,66,28,38,0,42.42424242,1
5653,225,0,225,64,28,36,0,43.75000000,1
5654,225,0,225,64,28,36,0,43.75000000,1
5655,375,0,375,62,24,38,0,38.70967742,1
5656,225,0,225,68,26,42,0,38.23529412,1
5657,225,0,225,68,26,42,0,38.23529412,1
5658,225,0,225,60,18,42,0,30.00000000,1
5659,135,0,135,54,22,32,0,40.74074074,1
5660,225,0,225,66,26,40,0,39.39393939,1
5661,225,0,225,64,22,42,0,34.37500000,1
5662,315,0,315,64,26,38,0,40.62500000,1
5663,135,0,135,68,34,34,0,50.00000000,1
5664,135,0,135,64,18,46,0,28.12500000,1
5665,125,0,125,68,36,32,0,52.94117647,1
5666,315,0,315,74,32,42,0,43.24324324,1
5667,375,0,375,58,28,30,0,48.27586207,1
5668,513,0,513,58,10,48,0,17.24137931,1
5669,225,0,225,66,18,48,0,27.27272727,1
5670,375,0,375,62,20,42,0,32.25806452,1
5671,375,0,375,56,18,38,0,32.14285714,1
5672,135,0,135,68,30,38,0,44.11764706,1
5673,189,0,189,74,28,46,0,37.83783784,1
5674,189,0,189,56,32,24,0,57.14285714,1
5675,175,0,175,66,36,30,0,54.54545455,1
5676,189,0,189,60,20,40,0,33.33333333,1
5677,375,0,375,62,30,32,0,48.38709677,1
5678,225,0,225,74,30,44,0,40.54054054,1
5679,189,0,189,70,28,42,0,40.00000000,1
5680,105,0,105,60,28,32,0,46.66666667,1
5681,315,0,315,66,28,38,0,42.42424242,1
5682,189,0,189,62,30,32,0,48.38709677,1
5683,105,0,105,60,28,32,0,46.66666667,1
5684,375,0,375,56,14,42,0,25.00000000,1
5685,135,0,135,70,28,42,0,40.00000000,1
5686,135,0,135,64,28,36,0,43.75000000,1
5687,315,0,315,60,22,38,0,36.66666667,1
5688,125,0,125,52,12,40,0,23.07692308,1
5689,375,0,375,62,18,44,0,29.03225806,1
5690,99,0,99,70,18,52,0,25.71428571,1
5691,231,0,231,80,18,62,0,22.50000000,1
5692,297,0,297,48,22,26,0,45.83333333,1
5693,297,0,297,76,34,42,0,44.73684211,1
5694,225,0,225,66,26,40,0,39.39393939,1
5695,315,0,315,66,24,42,0,36.36363636,1
5696,189,0,189,114,24,90,0,21.05263158,1
5697,315,0,315,58,16,42,0,27.58620690,1
5698,125,0,125,68,16,52,0,23.52941176,1
5699,315,0,315,72,26,46,0,36.11111111,1
5700,225,0,225,70,24,46,0,34.28571429,1
5701,351,0,351,70,20,50,0,28.57142857,1
5702,105,0,105,60,14,46,0,23.33333333,1
5703,375,0,375,52,28,24,0,53.84615385,1
5704,135,0,135,60,18,42,0,30.00000000,1
5705,225,0,225,66,28,38,0,42.42424242,1
5706,225,0,225,66,24,42,0,36.36363636,1
5707,375,0,375,66,26,40,0,39.39393939,1
5708,225,0,225,60,20,40,0,33.33333333,1
5709,135,0,135,68,24,44,0,35.29411765,1
5710,135,0,135,64,20,44,0,31.25000000,1
5711,225,0,225,58,28,30,0,48.27586207,1
5712,135,0,135,66,26,40,0,39.39393939,1
5713,175,0,175,68,18,50,0,26.47058824,1
5714,375,0,375,58,20,38,0,34.48275862,1
5715,315,0,315,58,22,36,0,37.93103448,1
5716,225,0,225,60,22,38,0,36.66666667,1
5717,375,0,375,56,26,30,0,46.42857143,1
5718,195,0,195,94,24,70,0,25.53191489,1
5719,189,0,189,52,12,40,0,23.07692308,1
5720,315,0,315,68,24,44,0,35.29411765,1
5721,225,0,225,56,24,32,0,42.85714286,1
5722,225,0,225,60,20,40,0,33.33333333,1
5723,375,0,375,58,26,32,0,44.82758621,1
5724,105,0,105,52,12,40,0,23.07692308,1
5725,195,0,195,84,22,62,0,26.19047619,1
5726,195,0,195,70,18,52,0,25.71428571,1
5727,225,0,225,54,22,32,0,40.74074074,1
5728,147,0,147,68,18,50,0,26.47058824,1
5729,189,0,189,56,20,36,0,35.71428571,1
5730,225,0,225,68,30,38,0,44.11764706,1
5731,225,0,225,60,22,38,0,36.66666667,1
5732,315,0,315,52,28,24,0,53.84615385,1
5733,375,0,375,58,30,28,0,51.72413793,1
5734,225,0,225,58,26,32,0,44.82758621,1
5735,315,0,315,66,18,48,0,27.27272727,1
5736,189,0,189,64,26,38,0,40.62500000,1
5737,225,0,225,60,26,34,0,43.33333333,1
5738,315,0,315,52,24,28,0,46.15384615,1
5739,189,0,189,64,22,42,0,34.37500000,1
5740,189,0,189,72,26,46,0,36.11111111,1
5741,375,0,375,54,22,32,0,40.74074074,1
5742,189,0,189,66,24,42,0,36.36363636,1
5743,135,0,135,74,20,54,0,27.02702703,1
5744,75,0,75,52,12,40,0,23.07692308,1
5745,375,0,375,62,20,42,0,32.25806452,1
5746,225,0,225,66,26,40,0,39.39393939,1
5747,225,0,225,66,28,38,0,42.42424242,1
5748,125,0,125,64,32,32,0,50.00000000,1
5749,135,0,135,62,26,36,0,41.93548387,1
5750,225,0,225,62,26,36,0,41.93548387,1
5751,225,0,225,66,28,38,0,42.42424242,1
5752,225,0,225,56,18,38,0,32.14285714,1
5753,135,0,135,58,18,40,0,31.03448276,1
5754,225,0,225,60,24,36,0,40.00000000,1
5755,375,0,375,58,24,34,0,41.37931034,1
5756,315,0,315,66,30,36,0,45.45454545,1
5757,273,0,273,82,20,62,0,24.39024390,1
5758,105,0,105,62,20,42,0,32.25806452,1
5759,63,0,63,54,28,26,0,51.85185185,1
5760,105,0,105,58,12,46,0,20.68965517,1
5761,225,0,225,62,24,38,0,38.70967742,1
5762,135,0,135,62,26,36,0,41.93548387,1
5763,135,0,135,70,36,34,0,51.42857143,1
5764,225,0,225,60,22,38,0,36.66666667,1
5765,441,0,441,50,18,32,0,36.00000000,1
5766,225,0,225,58,22,36,0,37.93103448,1
5767,135,0,135,62,20,42,0,32.25806452,1
5768,189,0,189,70,26,44,0,37.14285714,1
5769,135,0,135,66,26,40,0,39.39393939,1
5770,225,0,225,58,26,32,0,44.82758621,1
5771,225,0,225,68,32,36,0,47.05882353,1
5772,175,0,175,74,20,54,0,27.02702703,1
5773,225,0,225,56,22,34,0,39.28571429,1
5774,375,0,375,62,24,38,0,38.70967742,1
5775,189,0,189,64,30,34,0,46.87500000,1
5776,225,0,225,74,24,50,0,32.43243243,1
5777,225,0,225,66,28,38,0,42.42424242,1
5778,225,0,225,60,22,38,0,36.66666667,1
5779,125,0,125,54,26,28,0,48.14814815,1
5780,225,0,225,64,26,38,0,40.62500000,1
5781,225,0,225,62,24,38,0,38.70967742,1
5782,315,0,315,58,22,36,0,37.93103448,1
5783,225,0,225,68,26,42,0,38.23529412,1
5784,375,0,375,50,22,28,0,44.00000000,1
5785,189,0,189,58,30,28,0,51.72413793,1
5786,375,0,375,64,24,40,0,37.50000000,1
5787,189,0,189,76,22,54,0,28.94736842,1
5788,225,0,225,76,26,50,0,34.21052632,1
5789,125,0,125,68,38,30,0,55.88235294,1
5790,175,0,175,82,44,38,0,53.65853659,1
5791,225,0,225,64,24,40,0,37.50000000,1
5792,225,0,225,64,22,42,0,34.37500000,1
5793,405,0,405,54,28,26,0,51.85185185,1
5794,225,0,225,58,26,32,0,44.82758621,1
5795,315,0,315,56,22,34,0,39.28571429,1
5796,225,0,225,66,26,40,0,39.39393939,1
5797,225,0,225,62,26,36,0,41.93548387,1
5798,375,0,375,62,24,38,0,38.70967742,1
5799,225,0,225,66,22,44,0,33.33333333,1
5800,225,0,225,66,26,40,0,39.39393939,1
5801,175,0,175,68,34,34,0,50.00000000,1
5802,375,0,375,58,30,28,0,51.72413793,1
5803,175,0,175,90,24,66,0,26.66666667,1
5804,225,0,225,70,24,46,0,34.28571429,1
5805,225,0,225,62,26,36,0,41.93548387,1
5806,375,0,375,62,24,38,0,38.70967742,1
5807,147,0,147,74,20,54,0,27.02702703,1
5808,125,0,125,60,12,48,0,20.00000000,1
5809,99,0,99,64,18,46,0,28.12500000,1
5810,225,0,225,66,22,44,0,33.33333333,1
5811,99,0,99,68,14,54,0,20.58823529,1
5812,225,0,225,68,24,44,0,35.29411765,1
5813,375,0,375,64,28,36,0,43.75000000,1
5814,225,0,225,66,22,44,0,33.33333333,1
5815,225,0,225,68,24,44,0,35.29411765,1
5816,225,0,225,66,26,40,0,39.39393939,1
5817,135,0,135,86,22,64,0,25.58139535,1
5818,207,0,207,58,4,54,0,6.89655172,1
5819,375,0,375,60,24,36,0,40.00000000,1
5820,225,0,225,64,22,42,0,34.37500000,1
5821,225,0,225,60,24,36,0,40.00000000,1
5822,225,0,225,60,24,36,0,40.00000000,1
5823,243,0,243,68,26,42,0,38.23529412,1
5824,375,0,375,62,26,36,0,41.93548387,1
5825,189,0,189,46,10,36,0,21.73913043,1
5826,125,0,125,66,16,50,0,24.24242424,1
5827,225,0,225,66,26,40,0,39.39393939,1
5828,135,0,135,58,22,36,0,37.93103448,1
5829,135,0,135,64,26,38,0,40.62500000,1
5830,171,0,171,72,40,32,0,55.55555556,1
5831,225,0,225,58,24,34,0,41.37931034,1
5832,175,0,175,78,38,40,0,48.71794872,1
5833,135,0,135,62,22,40,0,35.48387097,1
5834,189,0,189,66,26,40,0,39.39393939,1
5835,243,0,243,60,28,32,0,46.66666667,1
5836,225,0,225,68,28,40,0,41.17647059,1
5837,189,0,189,56,18,38,0,32.14285714,1
5838,375,0,375,68,24,44,0,35.29411765,1
5839,375,0,375,64,18,46,0,28.12500000,1
5840,315,0,315,68,30,38,0,44.11764706,1
5841,105,0,105,64,18,46,0,28.12500000,1
5842,315,0,315,62,30,32,0,48.38709677,1
5843,405,0,405,58,16,42,0,27.58620690,1
5844,189,0,189,52,20,32,0,38.46153846,1
5845,375,0,375,52,18,34,0,34.61538462,1
5846,225,0,225,62,28,34,0,45.16129032,1
5847,225,0,225,60,22,38,0,36.66666667,1
5848,175,0,175,70,18,52,0,25.71428571,1
5849,175,0,175,52,30,22,0,57.69230769,1
5850,315,0,315,58,22,36,0,37.93103448,1
5851,375,0,375,68,32,36,0,47.05882353,1
5852,315,0,315,58,18,40,0,31.03448276,1
5853,225,0,225,54,20,34,0,37.03703704,1
5854,225,0,225,56,12,44,0,21.42857143,1
5855,225,0,225,64,22,42,0,34.37500000,1
5856,315,0,315,56,28,28,0,50.00000000,1
5857,147,0,147,76,20,56,0,26.31578947,1
5858,135,0,135,70,24,46,0,34.28571429,1
5859,315,0,315,60,18,42,0,30.00000000,1
5860,225,0,225,60,26,34,0,43.33333333,1
5861,275,0,275,76,40,36,0,52.63157895,1
5862,105,0,105,58,28,30,0,48.27586207,1
5863,75,0,75,56,14,42,0,25.00000000,1
5864,135,0,135,66,22,44,0,33.33333333,1
5865,225,0,225,66,28,38,0,42.42424242,1
5866,225,0,225,60,24,36,0,40.00000000,1
5867,225,0,225,62,24,38,0,38.70967742,1
5868,99,0,99,58,28,30,0,48.27586207,1
5869,175,0,175,76,18,58,0,23.68421053,1
5870,225,0,225,64,24,40,0,37.50000000,1
5871,225,0,225,62,22,40,0,35.48387097,1
5872,225,0,225,66,22,44,0,33.33333333,1
5873,225,0,225,64,22,42,0,34.37500000,1
5874,225,0,225,54,16,38,0,29.62962963,1
5875,243,0,243,60,18,42,0,30.00000000,1
5876,225,0,225,62,26,36,0,41.93548387,1
5877,225,0,225,60,22,38,0,36.66666667,1
5878,225,0,225,64,20,44,0,31.25000000,1
5879,225,0,225,60,24,36,0,40.00000000,1
5880,75,0,75,56,16,40,0,28.57142857,1
5881,375,0,375,58,18,40,0,31.03448276,1
5882,225,0,225,66,18,48,0,27.27272727,1
5883,225,0,225,62,28,34,0,45.16129032,1
5884,225,0,225,64,26,38,0,40.62500000,1
5885,225,0,225,52,28,24,0,53.84615385,1
5886,315,0,315,64,18,46,0,28.12500000,1
5887,375,0,375,58,24,34,0,41.37931034,1
5888,375,0,375,58,28,30,0,48.27586207,1
5889,225,0,225,58,18,40,0,31.03448276,1
5890,375,0,375,60,24,36,0,40.00000000,1
5891,375,0,375,54,20,34,0,37.03703704,1
5892,315,0,315,60,28,32,0,46.66666667,1
5893,225,0,225,56,20,36,0,35.71428571,1
5894,135,0,135,64,28,36,0,43.75000000,1
5895,375,0,375,62,26,36,0,41.93548387,1
5896,135,0,135,64,26,38,0,40.62500000,1
5897,315,0,315,58,16,42,0,27.58620690,1
5898,105,0,105,56,16,40,0,28.57142857,1
5899,225,0,225,74,32,42,0,43.24324324,1
5900,225,0,225,66,26,40,0,39.39393939,1
5901,225,0,225,62,22,40,0,35.48387097,1
5902,225,0,225,62,16,46,0,25.80645161,1
5903,135,0,135,58,20,38,0,34.48275862,1
5904,135,0,135,62,24,38,0,38.70967742,1
5905,135,0,135,66,26,40,0,39.39393939,1
5906,225,0,225,64,20,44,0,31.25000000,1
5907,175,0,175,86,40,46,0,46.51162791,1
5908,375,0,375,60,22,38,0,36.66666667,1
5909,315,0,315,52,22,30,0,42.30769231,1
5910,225,0,225,62,24,38,0,38.70967742,1
5911,175,0,175,54,14,40,0,25.92592593,1
5912,225,0,225,64,22,42,0,34.37500000,1
5913,375,0,375,56,28,28,0,50.00000000,1
5914,225,0,225,60,22,38,0,36.66666667,1
5915,225,0,225,64,30,34,0,46.87500000,1
5916,165,0,165,70,28,42,0,40.00000000,1
5917,225,0,225,64,20,44,0,31.25000000,1
5918,165,0,165,60,16,44,0,26.66666667,1
5919,225,0,225,62,26,36,0,41.93548387,1
5920,225,0,225,60,20,40,0,33.33333333,1
5921,189,0,189,56,20,36,0,35.71428571,1
5922,315,0,315,60,18,42,0,30.00000000,1
5923,225,0,225,60,24,36,0,40.00000000,1
5924,125,0,125,66,34,32,0,51.51515152,1
5925,243,0,243,60,20,40,0,33.33333333,1
5926,225,0,225,64,22,42,0,34.37500000,1
5927,225,0,225,68,28,40,0,41.17647059,1
5928,175,0,175,54,16,38,0,29.62962963,1
5929,315,0,315,62,16,46,0,25.80645161,1
5930,315,0,315,54,12,42,0,22.22222222,1
5931,189,0,189,62,22,40,0,35.48387097,1
5932,315,0,315,64,26,38,0,40.62500000,1
5933,125,0,125,62,28,34,0,45.16129032,1
5934,375,0,375,60,24,36,0,40.00000000,1
5935,175,0,175,82,18,64,0,21.95121951,1
5936,225,0,225,66,22,44,0,33.33333333,1
5937,315,0,315,58,30,28,0,51.72413793,1
5938,225,0,225,64,16,48,0,25.00000000,1
5939,225,0,225,64,24,40,0,37.50000000,1
5940,135,0,135,60,22,38,0,36.66666667,1
5941,315,0,315,66,20,46,0,30.30303030,1
5942,189,0,189,60,26,34,0,43.33333333,1
5943,351,0,351,52,20,32,0,38.46153846,1
5944,225,0,225,62,18,44,0,29.03225806,1
5945,375,0,375,60,24,36,0,40.00000000,1
5946,225,0,225,56,18,38,0,32.14285714,1
5947,315,0,315,58,28,30,0,48.27586207,1
5948,225,0,225,60,18,42,0,30.00000000,1
5949,135,0,135,66,26,40,0,39.39393939,1
5950,225,0,225,62,24,38,0,38.70967742,1
5951,315,0,315,58,18,40,0,31.03448276,1
5952,135,0,135,62,26,36,0,41.93548387,1
5953,225,0,225,62,16,46,0,25.80645161,1
5954,135,0,135,64,26,38,0,40.62500000,1
5955,375,0,375,60,24,36,0,40.00000000,1
5956,315,0,315,58,28,30,0,48.27586207,1
5957,315,0,315,58,22,36,0,37.93103448,1
5958,225,0,225,92,48,44,0,52.17391304,1
5959,665,0,665,310,74,236,0,23.87096774,1
5960,225,0,225,62,20,42,0,32.25806452,1
5961,315,0,315,76,28,48,0,36.84210526,1
5962,189,0,189,96,50,46,0,52.08333333,1
5963,175,0,175,74,38,36,0,51.35135135,1
5964,105,0,105,66,32,34,0,48.48484848,1
5965,375,0,375,60,22,38,0,36.66666667,1
5966,225,0,225,66,28,38,0,42.42424242,1
5967,225,0,225,60,22,38,0,36.66666667,1
5968,225,0,225,62,32,30,0,51.61290323,1
5969,225,0,225,58,18,40,0,31.03448276,1
5970,165,0,165,48,36,12,0,75.00000000,1
5971,189,0,189,52,12,40,0,23.07692308,1
5972,189,0,189,62,26,36,0,41.93548387,1
5973,189,0,189,66,26,40,0,39.39393939,1
5974,243,0,243,56,24,32,0,42.85714286,1
5975,225,0,225,64,22,42,0,34.37500000,1
5976,225,0,225,62,20,42,0,32.25806452,1
5977,315,0,315,58,32,26,0,55.17241379,1
5978,189,0,189,62,28,34,0,45.16129032,1
5979,375,0,375,70,22,48,0,31.42857143,1
5980,375,0,375,62,22,40,0,35.48387097,1
5981,375,0,375,54,28,26,0,51.85185185,1
5982,125,0,125,54,12,42,0,22.22222222,1
5983,225,0,225,68,28,40,0,41.17647059,1
5984,175,0,175,74,38,36,0,51.35135135,1
5985,315,0,315,58,16,42,0,27.58620690,1
5986,375,0,375,52,16,36,0,30.76923077,1
5987,315,0,315,52,24,28,0,46.15384615,1
5988,375,0,375,70,26,44,0,37.14285714,1
5989,225,0,225,66,26,40,0,39.39393939,1
5990,225,0,225,64,16,48,0,25.00000000,1
5991,225,0,225,62,22,40,0,35.48387097,1
5992,225,0,225,64,22,42,0,34.37500000,1
5993,135,0,135,54,24,30,0,44.44444444,1
5994,225,0,225,64,26,38,0,40.62500000,1
5995,225,0,225,60,26,34,0,43.33333333,1
5996,135,0,135,60,24,36,0,40.00000000,1
5997,315,0,315,62,18,44,0,29.03225806,1
5998,225,0,225,68,24,44,0,35.29411765,1
5999,315,0,315,52,16,36,0,30.76923077,1
6000,135,0,135,68,26,42,0,38.23529412,1
6001,375,0,375,58,22,36,0,37.93103448,1
6002,225,0,225,64,24,40,0,37.50000000,1
6003,175,0,175,64,16,48,0,25.00000000,1
6004,189,0,189,56,24,32,0,42.85714286,1
6005,375,0,375,58,24,34,0,41.37931034,1
6006,375,0,375,58,26,32,0,44.82758621,1
6007,315,0,315,50,12,38,0,24.00000000,1
6008,189,0,189,58,20,38,0,34.48275862,1
6009,225,0,225,64,30,34,0,46.87500000,1
6010,135,0,135,64,24,40,0,37.50000000,1
6011,105,0,105,68,20,48,0,29.41176471,1
6012,225,0,225,54,20,34,0,37.03703704,1
6013,105,0,105,58,16,42,0,27.58620690,1
6014,225,0,225,70,28,42,0,40.00000000,1
6015,315,0,315,64,22,42,0,34.37500000,1
6016,147,0,147,76,20,56,0,26.31578947,1
6017,225,0,225,62,22,40,0,35.48387097,1
6018,315,0,315,54,10,44,0,18.51851852,1
6019,245,0,245,94,18,76,0,19.14893617,1
6020,375,0,375,54,14,40,0,25.92592593,1
6021,225,0,225,72,30,42,0,41.66666667,1
6022,105,0,105,58,18,40,0,31.03448276,1
6023,135,0,135,58,20,38,0,34.48275862,1
6024,315,0,315,66,24,42,0,36.36363636,1
6025,441,0,441,56,18,38,0,32.14285714,1
6026,225,0,225,60,26,34,0,43.33333333,1
6027,375,0,375,62,20,42,0,32.25806452,1
6028,225,0,225,52,28,24,0,53.84615385,1
6029,225,0,225,68,24,44,0,35.29411765,1
6030,171,0,171,88,48,40,0,54.54545455,1
6031,225,0,225,64,24,40,0,37.50000000,1
6032,315,0,315,58,22,36,0,37.93103448,1
6033,225,0,225,60,20,40,0,33.33333333,1
6034,225,0,225,66,24,42,0,36.36363636,1
6035,375,0,375,62,18,44,0,29.03225806,1
6036,189,0,189,64,24,40,0,37.50000000,1
6037,175,0,175,66,32,34,0,48.48484848,1
6038,135,0,135,58,26,32,0,44.82758621,1
6039,225,0,225,66,22,44,0,33.33333333,1
6040,135,0,135,66,26,40,0,39.39393939,1
6041,225,0,225,68,24,44,0,35.29411765,1
6042,375,0,375,58,22,36,0,37.93103448,1
6043,243,0,243,62,18,44,0,29.03225806,1
6044,315,0,315,62,16,46,0,25.80645161,1
6045,105,0,105,54,28,26,0,51.85185185,1
6046,375,0,375,48,20,28,0,41.66666667,1
6047,225,0,225,64,26,38,0,40.62500000,1
6048,189,0,189,66,22,44,0,33.33333333,1
6049,225,0,225,70,30,40,0,42.85714286,1
6050,135,0,135,56,24,32,0,42.85714286,1
6051,525,0,525,50,16,34,0,32.00000000,1
6052,225,0,225,58,22,36,0,37.93103448,1
6053,189,0,189,68,28,40,0,41.17647059,1
6054,189,0,189,62,22,40,0,35.48387097,1
6055,225,0,225,64,22,42,0,34.37500000,1
6056,375,0,375,58,22,36,0,37.93103448,1
6057,375,0,375,50,12,38,0,24.00000000,1
6058,189,0,189,62,20,42,0,32.25806452,1
6059,375,0,375,60,20,40,0,33.33333333,1
6060,125,0,125,66,18,48,0,27.27272727,1
6061,405,0,405,64,20,44,0,31.25000000,1
6062,105,0,105,56,14,42,0,25.00000000,1
6063,135,0,135,56,22,34,0,39.28571429,1
6064,105,0,105,62,16,46,0,25.80645161,1
6065,225,0,225,68,26,42,0,38.23529412,1
6066,189,0,189,66,26,40,0,39.39393939,1
6067,225,0,225,68,24,44,0,35.29411765,1
6068,225,0,225,58,24,34,0,41.37931034,1
6069,175,0,175,72,18,54,0,25.00000000,1
6070,315,0,315,70,26,44,0,37.14285714,1
6071,105,0,105,64,30,34,0,46.87500000,1
6072,315,0,315,64,20,44,0,31.25000000,1
6073,189,0,189,64,24,40,0,37.50000000,1
6074,315,0,315,54,18,36,0,33.33333333,1
6075,375,0,375,60,28,32,0,46.66666667,1
6076,375,0,375,56,20,36,0,35.71428571,1
6077,243,0,243,52,18,34,0,34.61538462,1
6078,105,0,105,62,34,28,0,54.83870968,1
6079,225,0,225,64,24,40,0,37.50000000,1
6080,225,0,225,70,28,42,0,40.00000000,1
6081,135,0,135,62,24,38,0,38.70967742,1
6082,315,0,315,66,24,42,0,36.36363636,1
6083,189,0,189,60,24,36,0,40.00000000,1
6084,225,0,225,66,24,42,0,36.36363636,1
6085,225,0,225,68,26,42,0,38.23529412,1
6086,81,0,81,58,32,26,0,55.17241379,1
6087,105,0,105,56,28,28,0,50.00000000,1
6088,405,0,405,58,28,30,0,48.27586207,1
6089,147,0,147,56,14,42,0,25.00000000,1
6090,189,0,189,70,28,42,0,40.00000000,1
6091,343,0,343,174,90,84,0,51.72413793,1
6092,225,0,225,64,22,42,0,34.37500000,1
6093,135,0,135,62,20,42,0,32.25806452,1
6094,225,0,225,62,20,42,0,32.25806452,1
6095,225,0,225,58,26,32,0,44.82758621,1
6096,297,0,297,56,16,40,0,28.57142857,1
6097,135,0,135,64,22,42,0,34.37500000,1
6098,135,0,135,60,22,38,0,36.66666667,1
6099,105,0,105,58,30,28,0,51.72413793,1
6100,135,0,135,64,24,40,0,37.50000000,1
6101,105,0,105,70,44,26,0,62.85714286,1
6102,225,0,225,58,20,38,0,34.48275862,1
6103,225,0,225,68,26,42,0,38.23529412,1
6104,225,0,225,66,20,46,0,30.30303030,1
6105,135,0,135,66,28,38,0,42.42424242,1
6106,147,0,147,84,46,38,0,54.76190476,1
6107,315,0,315,66,28,38,0,42.42424242,1
6108,225,0,225,62,24,38,0,38.70967742,1
6109,315,0,315,66,18,48,0,27.27272727,1
6110,225,0,225,64,24,40,0,37.50000000,1
6111,225,0,225,64,28,36,0,43.75000000,1
6112,245,0,245,110,26,84,0,23.63636364,1
6113,225,0,225,66,26,40,0,39.39393939,1
6114,189,0,189,64,28,36,0,43.75000000,1
6115,225,0,225,64,22,42,0,34.37500000,1
6116,375,0,375,58,26,32,0,44.82758621,1
6117,225,0,225,62,24,38,0,38.70967742,1
6118,375,0,375,62,24,38,0,38.70967742,1
6119,81,0,81,66,32,34,0,48.48484848,1
6120,245,0,245,76,40,36,0,52.63157895,1
6121,135,0,135,64,24,40,0,37.50000000,1
6122,189,0,189,62,24,38,0,38.70967742,1
6123,315,0,315,70,28,42,0,40.00000000,1
6124,225,0,225,64,26,38,0,40.62500000,1
6125,375,0,375,66,26,40,0,39.39393939,1
6126,225,0,225,60,20,40,0,33.33333333,1
6127,189,0,189,56,20,36,0,35.71428571,1
6128,189,0,189,68,24,44,0,35.29411765,1
6129,225,0,225,48,22,26,0,45.83333333,1
6130,175,0,175,58,32,26,0,55.17241379,1
6131,375,0,375,58,24,34,0,41.37931034,1
6132,225,0,225,64,20,44,0,31.25000000,1
6133,375,0,375,56,24,32,0,42.85714286,1
6134,315,0,315,62,28,34,0,45.16129032,1
6135,135,0,135,74,16,58,0,21.62162162,1
6136,225,0,225,52,26,26,0,50.00000000,1
6137,375,0,375,54,20,34,0,37.03703704,1
6138,243,0,243,60,22,38,0,36.66666667,1
6139,225,0,225,70,26,44,0,37.14285714,1
6140,175,0,175,88,20,68,0,22.72727273,1
6141,243,0,243,62,32,30,0,51.61290323,1
6142,375,0,375,62,18,44,0,29.03225806,1
6143,147,0,147,64,16,48,0,25.00000000,1
6144,525,0,525,52,14,38,0,26.92307692,1
6145,225,0,225,68,28,40,0,41.17647059,1
6146,135,0,135,68,28,40,0,41.17647059,1
6147,135,0,135,60,26,34,0,43.33333333,1
6148,405,0,405,62,20,42,0,32.25806452,1
6149,189,0,189,58,24,34,0,41.37931034,1
6150,375,0,375,52,26,26,0,50.00000000,1
6151,315,0,315,66,26,40,0,39.39393939,1
6152,441,0,441,52,14,38,0,26.92307692,1
6153,225,0,225,64,26,38,0,40.62500000,1
6154,243,0,243,56,24,32,0,42.85714286,1
6155,225,0,225,64,24,40,0,37.50000000,1
6156,375,0,375,60,20,40,0,33.33333333,1
6157,225,0,225,60,22,38,0,36.66666667,1
6158,105,0,105,56,26,30,0,46.42857143,1
6159,225,0,225,50,10,40,0,20.00000000,1
6160,225,0,225,70,28,42,0,40.00000000,1
6161,225,0,225,60,24,36,0,40.00000000,1
6162,165,0,165,68,38,30,0,55.88235294,1
6163,225,0,225,58,24,34,0,41.37931034,1
6164,315,0,315,56,30,26,0,53.57142857,1
6165,225,0,225,68,24,44,0,35.29411765,1
6166,315,0,315,66,24,42,0,36.36363636,1
6167,375,0,375,58,18,40,0,31.03448276,1
6168,441,0,441,64,36,28,0,56.25000000,1
6169,125,0,125,72,36,36,0,50.00000000,1
6170,189,0,189,68,26,42,0,38.23529412,1
6171,315,0,315,60,32,28,0,53.33333333,1
6172,315,0,315,50,12,38,0,24.00000000,1
6173,225,0,225,66,24,42,0,36.36363636,1
6174,225,0,225,68,28,40,0,41.17647059,1
6175,135,0,135,62,26,36,0,41.93548387,1
6176,225,0,225,56,24,32,0,42.85714286,1
6177,225,0,225,58,26,32,0,44.82758621,1
6178,225,0,225,66,26,40,0,39.39393939,1
6179,225,0,225,60,20,40,0,33.33333333,1
6180,375,0,375,52,18,34,0,34.61538462,1
6181,375,0,375,60,18,42,0,30.00000000,1
6182,225,0,225,64,26,38,0,40.62500000,1
6183,375,0,375,56,18,38,0,32.14285714,1
6184,189,0,189,64,26,38,0,40.62500000,1
6185,225,0,225,58,24,34,0,41.37931034,1
6186,225,0,225,62,22,40,0,35.48387097,1
6187,225,0,225,72,30,42,0,41.66666667,1
6188,189,0,189,56,22,34,0,39.28571429,1
6189,135,0,135,60,26,34,0,43.33333333,1
6190,225,0,225,62,24,38,0,38.70967742,1
6191,243,0,243,64,14,50,0,21.87500000,1
6192,375,0,375,60,22,38,0,36.66666667,1
6193,225,0,225,56,22,34,0,39.28571429,1
6194,225,0,225,52,10,42,0,19.23076923,1
6195,189,0,189,72,30,42,0,41.66666667,1
6196,189,0,189,68,20,48,0,29.41176471,1
6197,189,0,189,62,22,40,0,35.48387097,1
6198,225,0,225,64,30,34,0,46.87500000,1
6199,189,0,189,68,24,44,0,35.29411765,1
6200,375,0,375,54,14,40,0,25.92592593,1
6201,135,0,135,62,26,36,0,41.93548387,1
6202,189,0,189,64,24,40,0,37.50000000,1
6203,225,0,225,60,28,32,0,46.66666667,1
6204,375,0,375,68,24,44,0,35.29411765,1
6205,225,0,225,64,28,36,0,43.75000000,1
6206,315,0,315,54,30,24,0,55.55555556,1
6207,189,0,189,68,28,40,0,41.17647059,1
6208,375,0,375,62,16,46,0,25.80645161,1
6209,225,0,225,58,22,36,0,37.93103448,1
6210,225,0,225,60,28,32,0,46.66666667,1
6211,225,0,225,72,28,44,0,38.88888889,1
6212,225,0,225,66,26,40,0,39.39393939,1
6213,225,0,225,68,26,42,0,38.23529412,1
6214,225,0,225,64,28,36,0,43.75000000,1
6215,375,0,375,68,30,38,0,44.11764706,1
6216,375,0,375,56,20,36,0,35.71428571,1
6217,125,0,125,64,34,30,0,53.12500000,1
6218,297,0,297,68,20,48,0,29.41176471,1
6219,225,0,225,66,28,38,0,42.42424242,1
6220,189,0,189,62,28,34,0,45.16129032,1
6221,225,0,225,62,26,36,0,41.93548387,1
6222,175,0,175,86,42,44,0,48.83720930,1
6223,135,0,135,64,26,38,0,40.62500000,1
6224,189,0,189,66,34,32,0,51.51515152,1
6225,225,0,225,68,30,38,0,44.11764706,1
6226,315,0,315,52,16,36,0,30.76923077,1
6227,225,0,225,66,28,38,0,42.42424242,1
6228,225,0,225,68,28,40,0,41.17647059,1
6229,135,0,135,64,24,40,0,37.50000000,1
6230,225,0,225,62,30,32,0,48.38709677,1
6231,225,0,225,66,24,42,0,36.36363636,1
6232,147,0,147,42,10,32,0,23.80952381,1
6233,175,0,175,76,18,58,0,23.68421053,1
6234,225,0,225,64,22,42,0,34.37500000,1
6235,189,0,189,62,22,40,0,35.48387097,1
6236,135,0,135,54,18,36,0,33.33333333,1
6237,189,0,189,58,20,38,0,34.48275862,1
6238,315,0,315,74,26,48,0,35.13513514,1
6239,375,0,375,56,14,42,0,25.00000000,1
6240,225,0,225,52,14,38,0,26.92307692,1
6241,225,0,225,60,20,40,0,33.33333333,1
6242,135,0,135,60,20,40,0,33.33333333,1
6243,375,0,375,60,20,40,0,33.33333333,1
6244,105,0,105,62,16,46,0,25.80645161,1
6245,225,0,225,60,24,36,0,40.00000000,1
6246,375,0,375,58,26,32,0,44.82758621,1
6247,375,0,375,56,18,38,0,32.14285714,1
6248,135,0,135,60,20,40,0,33.33333333,1
6249,225,0,225,62,18,44,0,29.03225806,1
6250,225,0,225,60,20,40,0,33.33333333,1
6251,405,0,405,60,22,38,0,36.66666667,1
6252,135,0,135,58,16,42,0,27.58620690,1
6253,189,0,189,64,24,40,0,37.50000000,1
6254,225,0,225,66,26,40,0,39.39393939,1
6255,135,0,135,62,26,36,0,41.93548387,1
6256,243,0,243,78,48,30,0,61.53846154,1
6257,225,0,225,54,18,36,0,33.33333333,1
6258,63,0,63,50,14,36,0,28.00000000,1
6259,375,0,375,54,14,40,0,25.92592593,1
6260,105,0,105,66,20,46,0,30.30303030,1
6261,125,0,125,50,24,26,0,48.00000000,1
6262,225,0,225,62,28,34,0,45.16129032,1
6263,225,0,225,62,22,40,0,35.48387097,1
6264,225,0,225,66,22,44,0,33.33333333,1
6265,189,0,189,56,22,34,0,39.28571429,1
6266,225,0,225,62,26,36,0,41.93548387,1
6267,135,0,135,62,24,38,0,38.70967742,1
6268,105,0,105,62,16,46,0,25.80645161,1
6269,189,0,189,70,26,44,0,37.14285714,1
6270,315,0,315,58,14,44,0,24.13793103,1
6271,375,0,375,56,22,34,0,39.28571429,1
6272,189,0,189,66,22,44,0,33.33333333,1
6273,189,0,189,62,22,40,0,35.48387097,1
6274,135,0,135,64,10,54,0,15.62500000,1
6275,225,0,225,72,24,48,0,33.33333333,1
6276,225,0,225,66,22,44,0,33.33333333,1
6277,135,0,135,60,24,36,0,40.00000000,1
6278,189,0,189,92,24,68,0,26.08695652,1
6279,135,0,135,60,22,38,0,36.66666667,1
6280,225,0,225,72,30,42,0,41.66666667,1
6281,375,0,375,64,26,38,0,40.62500000,1
6282,135,0,135,58,20,38,0,34.48275862,1
6283,135,0,135,60,28,32,0,46.66666667,1
6284,225,0,225,68,24,44,0,35.29411765,1
6285,225,0,225,60,20,40,0,33.33333333,1
6286,375,0,375,78,34,44,0,43.58974359,1
6287,117,0,117,56,22,34,0,39.28571429,1
6288,225,0,225,52,20,32,0,38.46153846,1
6289,189,0,189,48,28,20,0,58.33333333,1
6290,225,0,225,66,28,38,0,42.42424242,1
6291,189,0,189,66,20,46,0,30.30303030,1
6292,175,0,175,78,40,38,0,51.28205128,1
6293,375,0,375,54,26,28,0,48.14814815,1
6294,245,0,245,134,68,66,0,50.74626866,1
6295,225,0,225,66,28,38,0,42.42424242,1
6296,135,0,135,66,26,40,0,39.39393939,1
6297,189,0,189,50,20,30,0,40.00000000,1
6298,315,0,315,56,16,40,0,28.57142857,1
6299,225,0,225,54,20,34,0,37.03703704,1
6300,315,0,315,66,30,36,0,45.45454545,1
6301,225,0,225,66,28,38,0,42.42424242,1
6302,147,0,147,86,26,60,0,30.23255814,1
6303,375,0,375,58,26,32,0,44.82758621,1
6304,135,0,135,58,24,34,0,41.37931034,1
6305,195,0,195,80,18,62,0,22.50000000,1
6306,135,0,135,64,32,32,0,50.00000000,1
6307,135,0,135,60,20,40,0,33.33333333,1
6308,225,0,225,58,22,36,0,37.93103448,1
6309,105,0,105,56,28,28,0,50.00000000,1
6310,225,0,225,64,24,40,0,37.50000000,1
6311,189,0,189,58,18,40,0,31.03448276,1
6312,105,0,105,62,16,46,0,25.80645161,1
6313,225,0,225,62,26,36,0,41.93548387,1
6314,225,0,225,68,22,46,0,32.35294118,1
6315,225,0,225,58,20,38,0,34.48275862,1
6316,77,0,77,56,0,56,0,0.00000000,1
6317,225,0,225,62,28,34,0,45.16129032,1
6318,189,0,189,70,26,44,0,37.14285714,1
6319,315,0,315,60,24,36,0,40.00000000,1
6320,315,0,315,58,18,40,0,31.03448276,1
6321,375,0,375,54,28,26,0,51.85185185,1
6322,315,0,315,56,14,42,0,25.00000000,1
6323,225,0,225,66,22,44,0,33.33333333,1
6324,245,0,245,130,34,96,0,26.15384615,1
6325,375,0,375,52,20,32,0,38.46153846,1
6326,275,0,275,118,30,88,0,25.42372881,1
6327,225,0,225,70,26,44,0,37.14285714,1
6328,189,0,189,60,30,30,0,50.00000000,1
6329,225,0,225,66,26,40,0,39.39393939,1
6330,225,0,225,58,26,32,0,44.82758621,1
6331,375,0,375,64,22,42,0,34.37500000,1
6332,189,0,189,60,34,26,0,56.66666667,1
6333,135,0,135,66,22,44,0,33.33333333,1
6334,315,0,315,48,16,32,0,33.33333333,1
6335,375,0,375,54,24,30,0,44.44444444,1
6336,225,0,225,68,28,40,0,41.17647059,1
6337,375,0,375,58,24,34,0,41.37931034,1
6338,225,0,225,58,24,34,0,41.37931034,1
6339,315,0,315,58,18,40,0,31.03448276,1
6340,225,0,225,64,24,40,0,37.50000000,1
6341,225,0,225,56,20,36,0,35.71428571,1
6342,405,0,405,152,72,80,0,47.36842105,1
6343,225,0,225,66,24,42,0,36.36363636,1
6344,525,0,525,54,26,28,0,48.14814815,1
6345,225,0,225,64,20,44,0,31.25000000,1
6346,189,0,189,66,22,44,0,33.33333333,1
6347,225,0,225,62,22,40,0,35.48387097,1
6348,225,0,225,62,26,36,0,41.93548387,1
6349,225,0,225,58,22,36,0,37.93103448,1
6350,125,0,125,74,40,34,0,54.05405405,1
6351,225,0,225,58,26,32,0,44.82758621,1
6352,135,0,135,60,22,38,0,36.66666667,1
6353,225,0,225,68,20,48,0,29.41176471,1
6354,245,0,245,110,24,86,0,21.81818182,1
6355,225,0,225,62,26,36,0,41.93548387,1
6356,315,0,315,64,20,44,0,31.25000000,1
6357,375,0,375,66,28,38,0,42.42424242,1
6358,175,0,175,64,18,46,0,28.12500000,1
6359,225,0,225,64,22,42,0,34.37500000,1
6360,225,0,225,62,22,40,0,35.48387097,1
6361,315,0,315,60,18,42,0,30.00000000,1
6362,245,0,245,120,56,64,0,46.66666667,1
6363,225,0,225,64,22,42,0,34.37500000,1
6364,225,0,225,66,26,40,0,39.39393939,1
6365,175,0,175,58,16,42,0,27.58620690,1
6366,225,0,225,64,24,40,0,37.50000000,1
6367,225,0,225,60,24,36,0,40.00000000,1
6368,147,0,147,80,18,62,0,22.50000000,1
6369,375,0,375,56,26,30,0,46.42857143,1
6370,225,0,225,66,28,38,0,42.42424242,1
6371,225,0,225,68,24,44,0,35.29411765,1
6372,125,0,125,74,20,54,0,27.02702703,1
6373,225,0,225,64,30,34,0,46.87500000,1
6374,315,0,315,54,12,42,0,22.22222222,1
6375,225,0,225,64,20,44,0,31.25000000,1
6376,375,0,375,56,12,44,0,21.42857143,1
6377,375,0,375,60,22,38,0,36.66666667,1
6378,225,0,225,60,20,40,0,33.33333333,1
6379,135,0,135,66,22,44,0,33.33333333,1
6380,175,0,175,74,20,54,0,27.02702703,1
6381,243,0,243,64,24,40,0,37.50000000,1
6382,225,0,225,68,28,40,0,41.17647059,1
6383,225,0,225,64,24,40,0,37.50000000,1
6384,189,0,189,60,18,42,0,30.00000000,1
6385,135,0,135,64,26,38,0,40.62500000,1
6386,315,0,315,60,20,40,0,33.33333333,1
6387,315,0,315,58,20,38,0,34.48275862,1
6388,225,0,225,56,20,36,0,35.71428571,1
6389,225,0,225,64,22,42,0,34.37500000,1
6390,405,0,405,52,16,36,0,30.76923077,1
6391,315,0,315,52,30,22,0,57.69230769,1
6392,135,0,135,62,24,38,0,38.70967742,1
6393,225,0,225,54,22,32,0,40.74074074,1
6394,375,0,375,60,20,40,0,33.33333333,1
6395,147,0,147,68,36,32,0,52.94117647,1
6396,375,0,375,62,28,34,0,45.16129032,1
6397,135,0,135,62,20,42,0,32.25806452,1
6398,99,0,99,64,0,64,0,0.00000000,1
6399,189,0,189,66,26,40,0,39.39393939,1
6400,375,0,375,56,24,32,0,42.85714286,1
6401,135,0,135,70,28,42,0,40.00000000,1
6402,189,0,189,60,32,28,0,53.33333333,1
6403,189,0,189,66,26,40,0,39.39393939,1
6404,175,0,175,76,18,58,0,23.68421053,1
6405,189,0,189,62,18,44,0,29.03225806,1
6406,225,0,225,60,28,32,0,46.66666667,1
6407,375,0,375,60,20,40,0,33.33333333,1
6408,375,0,375,56,24,32,0,42.85714286,1
6409,225,0,225,68,26,42,0,38.23529412,1
6410,147,0,147,74,22,52,0,29.72972973,1
6411,225,0,225,72,36,36,0,50.00000000,1
6412,375,0,375,64,20,44,0,31.25000000,1
6413,375,0,375,60,24,36,0,40.00000000,1
6414,375,0,375,60,22,38,0,36.66666667,1
6415,315,0,315,62,20,42,0,32.25806452,1
6416,243,0,243,54,26,28,0,48.14814815,1
6417,225,0,225,62,26,36,0,41.93548387,1
6418,315,0,315,62,14,48,0,22.58064516,1
6419,99,0,99,64,18,46,0,28.12500000,1
6420,315,0,315,54,28,26,0,51.85185185,1
6421,375,0,375,50,14,36,0,28.00000000,1
6422,225,0,225,66,20,46,0,30.30303030,1
6423,315,0,315,56,14,42,0,25.00000000,1
6424,135,0,135,58,24,34,0,41.37931034,1
6425,225,0,225,62,22,40,0,35.48387097,1
6426,225,0,225,68,28,40,0,41.17647059,1
6427,105,0,105,66,34,32,0,51.51515152,1
6428,225,0,225,64,22,42,0,34.37500000,1
6429,225,0,225,60,28,32,0,46.66666667,1
6430,243,0,243,60,20,40,0,33.33333333,1
6431,225,0,225,64,22,42,0,34.37500000,1
6432,225,0,225,66,24,42,0,36.36363636,1
6433,375,0,375,64,20,44,0,31.25000000,1
6434,189,0,189,66,28,38,0,42.42424242,1
6435,225,0,225,64,22,42,0,34.37500000,1
6436,225,0,225,64,22,42,0,34.37500000,1
6437,189,0,189,64,24,40,0,37.50000000,1
6438,175,0,175,76,40,36,0,52.63157895,1
6439,315,0,315,58,28,30,0,48.27586207,1
6440,375,0,375,56,28,28,0,50.00000000,1
6441,375,0,375,64,22,42,0,34.37500000,1
6442,225,0,225,62,18,44,0,29.03225806,1
6443,225,0,225,52,16,36,0,30.76923077,1
6444,225,0,225,58,16,42,0,27.58620690,1
6445,375,0,375,56,18,38,0,32.14285714,1
6446,225,0,225,60,28,32,0,46.66666667,1
6447,225,0,225,70,28,42,0,40.00000000,1
6448,195,0,195,58,36,22,0,62.06896552,1
6449,243,0,243,64,20,44,0,31.25000000,1
6450,225,0,225,64,26,38,0,40.62500000,1
6451,225,0,225,70,24,46,0,34.28571429,1
6452,225,0,225,52,22,30,0,42.30769231,1
6453,225,0,225,60,28,32,0,46.66666667,1
6454,225,0,225,66,26,40,0,39.39393939,1
6455,225,0,225,72,30,42,0,41.66666667,1
6456,315,0,315,52,16,36,0,30.76923077,1
6457,135,0,135,58,26,32,0,44.82758621,1
6458,225,0,225,52,26,26,0,50.00000000,1
6459,243,0,243,64,22,42,0,34.37500000,1
6460,105,0,105,60,16,44,0,26.66666667,1
6461,225,0,225,56,22,34,0,39.28571429,1
6462,225,0,225,60,24,36,0,40.00000000,1
6463,225,0,225,60,24,36,0,40.00000000,1
6464,175,0,175,68,16,52,0,23.52941176,1
6465,81,0,81,58,14,44,0,24.13793103,1
6466,225,0,225,62,28,34,0,45.16129032,1
6467,225,0,225,70,20,50,0,28.57142857,1
6468,175,0,175,82,20,62,0,24.39024390,1
6469,105,0,105,58,20,38,0,34.48275862,1
6470,225,0,225,64,26,38,0,40.62500000,1
6471,189,0,189,76,38,38,0,50.00000000,1
6472,567,0,567,256,64,192,0,25.00000000,1
6473,99,0,99,70,22,48,0,31.42857143,1
6474,225,0,225,70,30,40,0,42.85714286,1
6475,225,0,225,66,26,40,0,39.39393939,1
6476,297,0,297,72,32,40,0,44.44444444,1
6477,225,0,225,68,24,44,0,35.29411765,1
6478,225,0,225,60,24,36,0,40.00000000,1
6479,225,0,225,62,24,38,0,38.70967742,1
6480,105,0,105,74,42,32,0,56.75675676,1
6481,315,0,315,64,24,40,0,37.50000000,1
6482,105,0,105,52,10,42,0,19.23076923,1
6483,225,0,225,62,24,38,0,38.70967742,1
6484,225,0,225,64,24,40,0,37.50000000,1
6485,135,0,135,56,30,26,0,53.57142857,1
6486,225,0,225,58,24,34,0,41.37931034,1
6487,225,0,225,60,20,40,0,33.33333333,1
6488,225,0,225,62,20,42,0,32.25806452,1
6489,225,0,225,68,28,40,0,41.17647059,1
6490,225,0,225,68,24,44,0,35.29411765,1
6491,63,0,63,48,30,18,0,62.50000000,1
6492,225,0,225,64,26,38,0,40.62500000,1
6493,175,0,175,64,16,48,0,25.00000000,1
6494,225,0,225,62,24,38,0,38.70967742,1
6495,225,0,225,58,20,38,0,34.48275862,1
6496,225,0,225,64,24,40,0,37.50000000,1
6497,315,0,315,76,28,48,0,36.84210526,1
6498,225,0,225,66,28,38,0,42.42424242,1
6499,351,0,351,48,26,22,0,54.16666667,1
6500,225,0,225,62,18,44,0,29.03225806,1
6501,189,0,189,72,26,46,0,36.11111111,1
6502,189,0,189,46,22,24,0,47.82608696,1
6503,135,0,135,74,16,58,0,21.62162162,1
6504,135,0,135,66,34,32,0,51.51515152,1
6505,135,0,135,78,22,56,0,28.20512821,1
6506,315,0,315,64,32,32,0,50.00000000,1
6507,225,0,225,60,26,34,0,43.33333333,1
6508,375,0,375,48,26,22,0,54.16666667,1
6509,225,0,225,60,30,30,0,50.00000000,1
6510,135,0,135,60,22,38,0,36.66666667,1
6511,225,0,225,52,24,28,0,46.15384615,1
6512,135,0,135,58,24,34,0,41.37931034,1
6513,225,0,225,60,24,36,0,40.00000000,1
6514,225,0,225,64,20,44,0,31.25000000,1
6515,315,0,315,56,18,38,0,32.14285714,1
6516,135,0,135,64,24,40,0,37.50000000,1
6517,225,0,225,66,28,38,0,42.42424242,1
6518,225,0,225,66,24,42,0,36.36363636,1
6519,375,0,375,62,20,42,0,32.25806452,1
6520,225,0,225,62,26,36,0,41.93548387,1
6521,225,0,225,62,24,38,0,38.70967742,1
6522,125,0,125,78,40,38,0,51.28205128,1
6523,225,0,225,66,24,42,0,36.36363636,1
6524,225,0,225,62,22,40,0,35.48387097,1
6525,225,0,225,66,22,44,0,33.33333333,1
6526,135,0,135,68,30,38,0,44.11764706,1
6527,147,0,147,72,20,52,0,27.77777778,1
6528,189,0,189,62,30,32,0,48.38709677,1
6529,225,0,225,62,28,34,0,45.16129032,1
6530,297,0,297,58,14,44,0,24.13793103,1
6531,375,0,375,56,18,38,0,32.14285714,1
6532,135,0,135,64,26,38,0,40.62500000,1
6533,165,0,165,52,16,36,0,30.76923077,1
6534,243,0,243,66,24,42,0,36.36363636,1
6535,315,0,315,54,12,42,0,22.22222222,1
6536,225,0,225,66,26,40,0,39.39393939,1
6537,375,0,375,60,22,38,0,36.66666667,1
6538,189,0,189,56,16,40,0,28.57142857,1
6539,135,0,135,62,30,32,0,48.38709677,1
6540,225,0,225,70,30,40,0,42.85714286,1
6541,225,0,225,68,30,38,0,44.11764706,1
6542,375,0,375,58,24,34,0,41.37931034,1
6543,75,0,75,48,26,22,0,54.16666667,1
6544,225,0,225,66,26,40,0,39.39393939,1
6545,315,0,315,58,26,32,0,44.82758621,1
6546,189,0,189,64,36,28,0,56.25000000,1
6547,135,0,135,70,28,42,0,40.00000000,1
6548,105,0,105,58,28,30,0,48.27586207,1
6549,375,0,375,64,26,38,0,40.62500000,1
6550,225,0,225,62,24,38,0,38.70967742,1
6551,315,0,315,62,22,40,0,35.48387097,1
6552,375,0,375,60,26,34,0,43.33333333,1
6553,315,0,315,58,18,40,0,31.03448276,1
6554,189,0,189,64,24,40,0,37.50000000,1
6555,125,0,125,76,18,58,0,23.68421053,1
6556,135,0,135,60,22,38,0,36.66666667,1
6557,135,0,135,64,26,38,0,40.62500000,1
6558,225,0,225,66,22,44,0,33.33333333,1
6559,225,0,225,66,32,34,0,48.48484848,1
6560,243,0,243,70,34,36,0,48.57142857,1
6561,135,0,135,70,30,40,0,42.85714286,1
6562,375,0,375,64,26,38,0,40.62500000,1
6563,99,0,99,60,34,26,0,56.66666667,1
6564,189,0,189,68,28,40,0,41.17647059,1
6565,225,0,225,60,20,40,0,33.33333333,1
6566,189,0,189,58,18,40,0,31.03448276,1
6567,375,0,375,56,30,26,0,53.57142857,1
6568,135,0,135,66,24,42,0,36.36363636,1
6569,225,0,225,66,22,44,0,33.33333333,1
6570,297,0,297,62,18,44,0,29.03225806,1
6571,189,0,189,62,18,44,0,29.03225806,1
6572,315,0,315,72,24,48,0,33.33333333,1
6573,375,0,375,66,28,38,0,42.42424242,1
6574,135,0,135,66,30,36,0,45.45454545,1
6575,225,0,225,64,28,36,0,43.75000000,1
6576,375,0,375,68,28,40,0,41.17647059,1
6577,315,0,315,66,16,50,0,24.24242424,1
6578,225,0,225,64,22,42,0,34.37500000,1
6579,147,0,147,48,26,22,0,54.16666667,1
6580,375,0,375,64,26,38,0,40.62500000,1
6581,225,0,225,62,20,42,0,32.25806452,1
6582,225,0,225,68,30,38,0,44.11764706,1
6583,135,0,135,64,32,32,0,50.00000000,1
6584,525,0,525,52,30,22,0,57.69230769,1
6585,135,0,135,62,18,44,0,29.03225806,1
6586,189,0,189,60,24,36,0,40.00000000,1
6587,243,0,243,64,20,44,0,31.25000000,1
6588,125,0,125,68,16,52,0,23.52941176,1
6589,225,0,225,64,24,40,0,37.50000000,1
6590,225,0,225,64,26,38,0,40.62500000,1
6591,375,0,375,58,24,34,0,41.37931034,1
6592,225,0,225,54,14,40,0,25.92592593,1
6593,405,0,405,58,30,28,0,51.72413793,1
6594,135,0,135,64,24,40,0,37.50000000,1
6595,375,0,375,58,24,34,0,41.37931034,1
6596,315,0,315,54,28,26,0,51.85185185,1
6597,135,0,135,50,10,40,0,20.00000000,1
6598,189,0,189,64,20,44,0,31.25000000,1
6599,135,0,135,98,18,80,0,18.36734694,1
6600,135,0,135,66,30,36,0,45.45454545,1
6601,189,0,189,66,24,42,0,36.36363636,1
6602,225,0,225,58,20,38,0,34.48275862,1
6603,189,0,189,56,20,36,0,35.71428571,1
6604,375,0,375,60,26,34,0,43.33333333,1
6605,135,0,135,58,22,36,0,37.93103448,1
6606,135,0,135,62,18,44,0,29.03225806,1
6607,135,0,135,58,22,36,0,37.93103448,1
6608,225,0,225,64,22,42,0,34.37500000,1
6609,135,0,135,64,16,48,0,25.00000000,1
6610,225,0,225,60,22,38,0,36.66666667,1
6611,189,0,189,68,22,46,0,32.35294118,1
6612,225,0,225,70,30,40,0,42.85714286,1
6613,225,0,225,60,20,40,0,33.33333333,1
6614,135,0,135,70,28,42,0,40.00000000,1
6615,225,0,225,66,28,38,0,42.42424242,1
6616,405,0,405,58,30,28,0,51.72413793,1
6617,225,0,225,64,22,42,0,34.37500000,1
6618,105,0,105,60,34,26,0,56.66666667,1
6619,315,0,315,56,16,40,0,28.57142857,1
6620,315,0,315,62,18,44,0,29.03225806,1
6621,297,0,297,76,22,54,0,28.94736842,1
6622,375,0,375,64,28,36,0,43.75000000,1
6623,135,0,135,58,24,34,0,41.37931034,1
6624,225,0,225,62,20,42,0,32.25806452,1
6625,243,0,243,46,24,22,0,52.17391304,1
6626,125,0,125,64,20,44,0,31.25000000,1
6627,135,0,135,66,28,38,0,42.42424242,1
6628,81,0,81,62,12,50,0,19.35483871,1
6629,189,0,189,64,26,38,0,40.62500000,1
6630,105,0,105,64,16,48,0,25.00000000,1
6631,135,0,135,56,22,34,0,39.28571429,1
6632,225,0,225,66,24,42,0,36.36363636,1
6633,243,0,243,58,20,38,0,34.48275862,1
6634,375,0,375,56,20,36,0,35.71428571,1
6635,375,0,375,62,24,38,0,38.70967742,1
6636,189,0,189,62,28,34,0,45.16129032,1
6637,225,0,225,58,20,38,0,34.48275862,1
6638,375,0,375,62,26,36,0,41.93548387,1
6639,375,0,375,56,26,30,0,46.42857143,1
6640,189,0,189,66,20,46,0,30.30303030,1
6641,225,0,225,62,26,36,0,41.93548387,1
6642,225,0,225,58,16,42,0,27.58620690,1
6643,225,0,225,64,30,34,0,46.87500000,1
6644,225,0,225,66,24,42,0,36.36363636,1
6645,189,0,189,70,26,44,0,37.14285714,1
6646,189,0,189,68,26,42,0,38.23529412,1
6647,225,0,225,64,18,46,0,28.12500000,1
6648,315,0,315,70,28,42,0,40.00000000,1
6649,105,0,105,66,22,44,0,33.33333333,1
6650,315,0,315,72,32,40,0,44.44444444,1
6651,225,0,225,68,26,42,0,38.23529412,1
6652,135,0,135,74,20,54,0,27.02702703,1
6653,405,0,405,50,22,28,0,44.00000000,1
6654,135,0,135,60,22,38,0,36.66666667,1
6655,135,0,135,62,24,38,0,38.70967742,1
6656,315,0,315,56,18,38,0,32.14285714,1
6657,375,0,375,62,28,34,0,45.16129032,1
6658,125,0,125,54,22,32,0,40.74074074,1
6659,315,0,315,52,14,38,0,26.92307692,1
6660,225,0,225,68,26,42,0,38.23529412,1
6661,225,0,225,64,30,34,0,46.87500000,1
6662,225,0,225,72,28,44,0,38.88888889,1
6663,315,0,315,58,28,30,0,48.27586207,1
6664,175,0,175,58,18,40,0,31.03448276,1
6665,147,0,147,64,34,30,0,53.12500000,1
6666,99,0,99,62,16,46,0,25.80645161,1
6667,375,0,375,62,30,32,0,48.38709677,1
6668,175,0,175,86,26,60,0,30.23255814,1
6669,405,0,405,50,26,24,0,52.00000000,1
6670,225,0,225,56,24,32,0,42.85714286,1
6671,189,0,189,58,30,28,0,51.72413793,1
6672,105,0,105,64,32,32,0,50.00000000,1
6673,117,0,117,76,18,58,0,23.68421053,1
6674,405,0,405,58,30,28,0,51.72413793,1
6675,225,0,225,58,18,40,0,31.03448276,1
6676,153,0,153,54,20,34,0,37.03703704,1
6677,175,0,175,64,16,48,0,25.00000000,1
6678,225,0,225,66,20,46,0,30.30303030,1
6679,175,0,175,102,52,50,0,50.98039216,1
6680,225,0,225,64,26,38,0,40.62500000,1
6681,189,0,189,62,18,44,0,29.03225806,1
6682,375,0,375,56,24,32,0,42.85714286,1
6683,225,0,225,58,26,32,0,44.82758621,1
6684,225,0,225,60,16,44,0,26.66666667,1
6685,525,0,525,50,24,26,0,48.00000000,1
6686,225,0,225,58,26,32,0,44.82758621,1
6687,135,0,135,56,12,44,0,21.42857143,1
6688,225,0,225,66,22,44,0,33.33333333,1
6689,225,0,225,66,26,40,0,39.39393939,1
6690,135,0,135,60,22,38,0,36.66666667,1
6691,225,0,225,66,28,38,0,42.42424242,1
6692,225,0,225,62,26,36,0,41.93548387,1
6693,775,0,775,386,86,300,0,22.27979275,1
6694,225,0,225,62,24,38,0,38.70967742,1
6695,225,0,225,60,28,32,0,46.66666667,1
6696,225,0,225,68,24,44,0,35.29411765,1
6697,135,0,135,62,26,36,0,41.93548387,1
6698,225,0,225,56,20,36,0,35.71428571,1
6699,243,0,243,60,18,42,0,30.00000000,1
6700,225,0,225,68,32,36,0,47.05882353,1
6701,225,0,225,66,26,40,0,39.39393939,1
6702,225,0,225,64,28,36,0,43.75000000,1
6703,375,0,375,60,24,36,0,40.00000000,1
6704,315,0,315,58,18,40,0,31.03448276,1
6705,225,0,225,64,24,40,0,37.50000000,1
6706,225,0,225,70,24,46,0,34.28571429,1
6707,225,0,225,68,26,42,0,38.23529412,1
6708,175,0,175,66,34,32,0,51.51515152,1
6709,135,0,135,70,26,44,0,37.14285714,1
6710,225,0,225,56,28,28,0,50.00000000,1
6711,175,0,175,84,20,64,0,23.80952381,1
6712,189,0,189,64,32,32,0,50.00000000,1
6713,225,0,225,64,20,44,0,31.25000000,1
6714,105,0,105,58,32,26,0,55.17241379,1
6715,225,0,225,66,28,38,0,42.42424242,1
6716,225,0,225,58,22,36,0,37.93103448,1
6717,189,0,189,122,28,94,0,22.95081967,1
6718,175,0,175,66,34,32,0,51.51515152,1
6719,405,0,405,44,14,30,0,31.81818182,1
6720,315,0,315,56,28,28,0,50.00000000,1
6721,225,0,225,58,28,30,0,48.27586207,1
6722,375,0,375,70,28,42,0,40.00000000,1
6723,225,0,225,66,26,40,0,39.39393939,1
6724,189,0,189,62,26,36,0,41.93548387,1
6725,225,0,225,60,20,40,0,33.33333333,1
6726,375,0,375,60,18,42,0,30.00000000,1
6727,175,0,175,78,18,60,0,23.07692308,1
6728,375,0,375,62,26,36,0,41.93548387,1
6729,225,0,225,62,20,42,0,32.25806452,1
6730,315,0,315,66,22,44,0,33.33333333,1
6731,189,0,189,68,26,42,0,38.23529412,1
6732,225,0,225,64,26,38,0,40.62500000,1
6733,315,0,315,52,24,28,0,46.15384615,1
6734,225,0,225,64,26,38,0,40.62500000,1
6735,375,0,375,58,24,34,0,41.37931034,1
6736,189,0,189,72,28,44,0,38.88888889,1
6737,375,0,375,66,26,40,0,39.39393939,1
6738,375,0,375,64,26,38,0,40.62500000,1
6739,175,0,175,50,26,24,0,52.00000000,1
6740,225,0,225,62,28,34,0,45.16129032,1
6741,135,0,135,64,22,42,0,34.37500000,1
6742,105,0,105,62,14,48,0,22.58064516,1
6743,135,0,135,62,20,42,0,32.25806452,1
6744,225,0,225,64,24,40,0,37.50000000,1
6745,315,0,315,58,20,38,0,34.48275862,1
6746,225,0,225,72,30,42,0,41.66666667,1
6747,225,0,225,66,22,44,0,33.33333333,1
6748,351,0,351,60,28,32,0,46.66666667,1
6749,315,0,315,102,28,74,0,27.45098039,1
6750,225,0,225,62,22,40,0,35.48387097,1
6751,315,0,315,58,30,28,0,51.72413793,1
6752,225,0,225,60,24,36,0,40.00000000,1
6753,225,0,225,66,28,38,0,42.42424242,1
6754,243,0,243,54,14,40,0,25.92592593,1
6755,147,0,147,74,36,38,0,48.64864865,1
6756,315,0,315,68,24,44,0,35.29411765,1
6757,243,0,243,58,22,36,0,37.93103448,1
6758,225,0,225,64,22,42,0,34.37500000,1
6759,225,0,225,60,22,38,0,36.66666667,1
6760,225,0,225,58,22,36,0,37.93103448,1
6761,165,0,165,58,16,42,0,27.58620690,1
6762,225,0,225,64,24,40,0,37.50000000,1
6763,225,0,225,64,22,42,0,34.37500000,1
6764,189,0,189,70,32,38,0,45.71428571,1
6765,125,0,125,52,12,40,0,23.07692308,1
6766,315,0,315,72,28,44,0,38.88888889,1
6767,189,0,189,66,28,38,0,42.42424242,1
6768,315,0,315,52,22,30,0,42.30769231,1
6769,189,0,189,66,26,40,0,39.39393939,1
6770,135,0,135,68,30,38,0,44.11764706,1
6771,105,0,105,54,16,38,0,29.62962963,1
6772,225,0,225,60,24,36,0,40.00000000,1
6773,135,0,135,58,18,40,0,31.03448276,1
6774,225,0,225,66,24,42,0,36.36363636,1
6775,225,0,225,64,26,38,0,40.62500000,1
6776,297,0,297,60,28,32,0,46.66666667,1
6777,225,0,225,66,26,40,0,39.39393939,1
6778,225,0,225,62,20,42,0,32.25806452,1
6779,225,0,225,58,26,32,0,44.82758621,1
6780,135,0,135,64,24,40,0,37.50000000,1
6781,243,0,243,60,32,28,0,53.33333333,1
6782,315,0,315,60,20,40,0,33.33333333,1
6783,225,0,225,52,16,36,0,30.76923077,1
6784,375,0,375,62,24,38,0,38.70967742,1
6785,135,0,135,68,26,42,0,38.23529412,1
6786,225,0,225,62,22,40,0,35.48387097,1
6787,135,0,135,64,18,46,0,28.12500000,1
6788,375,0,375,60,24,36,0,40.00000000,1
6789,105,0,105,60,32,28,0,53.33333333,1
6790,175,0,175,70,38,32,0,54.28571429,1
6791,375,0,375,62,22,40,0,35.48387097,1
6792,315,0,315,62,26,36,0,41.93548387,1
6793,375,0,375,52,26,26,0,50.00000000,1
6794,243,0,243,68,26,42,0,38.23529412,1
6795,315,0,315,56,24,32,0,42.85714286,1
6796,225,0,225,58,24,34,0,41.37931034,1
6797,135,0,135,66,34,32,0,51.51515152,1
6798,225,0,225,62,22,40,0,35.48387097,1
6799,315,0,315,54,16,38,0,29.62962963,1
6800,225,0,225,66,22,44,0,33.33333333,1
6801,225,0,225,60,24,36,0,40.00000000,1
6802,375,0,375,58,20,38,0,34.48275862,1
6803,351,0,351,52,30,22,0,57.69230769,1
6804,375,0,375,62,22,40,0,35.48387097,1
6805,225,0,225,54,24,30,0,44.44444444,1
6806,189,0,189,60,28,32,0,46.66666667,1
6807,567,0,567,36,2,34,0,5.55555556,1
6808,135,0,135,64,26,38,0,40.62500000,1
6809,189,0,189,66,28,38,0,42.42424242,1
6810,225,0,225,60,24,36,0,40.00000000,1
6811,125,0,125,76,18,58,0,23.68421053,1
6812,375,0,375,52,18,34,0,34.61538462,1
6813,375,0,375,60,18,42,0,30.00000000,1
6814,225,0,225,66,24,42,0,36.36363636,1
6815,375,0,375,66,30,36,0,45.45454545,1
6816,225,0,225,60,20,40,0,33.33333333,1
6817,175,0,175,58,18,40,0,31.03448276,1
6818,189,0,189,60,24,36,0,40.00000000,1
6819,135,0,135,70,28,42,0,40.00000000,1
6820,225,0,225,66,26,40,0,39.39393939,1
6821,135,0,135,64,22,42,0,34.37500000,1
6822,135,0,135,64,24,40,0,37.50000000,1
6823,135,0,135,66,26,40,0,39.39393939,1
6824,375,0,375,56,16,40,0,28.57142857,1
6825,65,0,65,54,12,42,0,22.22222222,1
6826,135,0,135,66,24,42,0,36.36363636,1
6827,375,0,375,54,24,30,0,44.44444444,1
6828,125,0,125,78,16,62,0,20.51282051,1
6829,125,0,125,84,20,64,0,23.80952381,1
6830,135,0,135,64,28,36,0,43.75000000,1
6831,135,0,135,70,34,36,0,48.57142857,1
6832,189,0,189,62,32,30,0,51.61290323,1
6833,225,0,225,66,26,40,0,39.39393939,1
6834,225,0,225,62,26,36,0,41.93548387,1
6835,147,0,147,88,44,44,0,50.00000000,1
6836,189,0,189,66,26,40,0,39.39393939,1
6837,165,0,165,48,22,26,0,45.83333333,1
6838,375,0,375,56,30,26,0,53.57142857,1
6839,375,0,375,58,20,38,0,34.48275862,1
6840,105,0,105,60,32,28,0,53.33333333,1
6841,375,0,375,66,26,40,0,39.39393939,1
6842,315,0,315,64,20,44,0,31.25000000,1
6843,297,0,297,56,16,40,0,28.57142857,1
6844,375,0,375,56,18,38,0,32.14285714,1
6845,195,0,195,42,24,18,0,57.14285714,1
6846,375,0,375,70,30,40,0,42.85714286,1
6847,225,0,225,60,22,38,0,36.66666667,1
6848,225,0,225,56,24,32,0,42.85714286,1
6849,225,0,225,66,24,42,0,36.36363636,1
6850,135,0,135,66,28,38,0,42.42424242,1
6851,315,0,315,54,16,38,0,29.62962963,1
6852,225,0,225,56,22,34,0,39.28571429,1
6853,315,0,315,64,26,38,0,40.62500000,1
6854,225,0,225,60,18,42,0,30.00000000,1
6855,225,0,225,64,32,32,0,50.00000000,1
6856,225,0,225,70,26,44,0,37.14285714,1
6857,225,0,225,66,22,44,0,33.33333333,1
6858,243,0,243,62,22,40,0,35.48387097,1
6859,375,0,375,52,24,28,0,46.15384615,1
6860,189,0,189,58,26,32,0,44.82758621,1
6861,105,0,105,56,32,24,0,57.14285714,1
6862,225,0,225,64,20,44,0,31.25000000,1
6863,225,0,225,66,24,42,0,36.36363636,1
6864,175,0,175,68,34,34,0,50.00000000,1
6865,375,0,375,66,28,38,0,42.42424242,1
6866,135,0,135,62,24,38,0,38.70967742,1
6867,375,0,375,64,28,36,0,43.75000000,1
6868,225,0,225,66,22,44,0,33.33333333,1
6869,189,0,189,64,24,40,0,37.50000000,1
6870,225,0,225,60,22,38,0,36.66666667,1
6871,105,0,105,72,16,56,0,22.22222222,1
6872,225,0,225,62,28,34,0,45.16129032,1
6873,225,0,225,68,28,40,0,41.17647059,1
6874,225,0,225,60,28,32,0,46.66666667,1
6875,225,0,225,64,22,42,0,34.37500000,1
6876,105,0,105,58,30,28,0,51.72413793,1
6877,375,0,375,62,24,38,0,38.70967742,1
6878,243,0,243,64,24,40,0,37.50000000,1
6879,175,0,175,78,40,38,0,51.28205128,1
6880,315,0,315,66,22,44,0,33.33333333,1
6881,135,0,135,64,22,42,0,34.37500000,1
6882,225,0,225,62,24,38,0,38.70967742,1
6883,225,0,225,60,20,40,0,33.33333333,1
6884,225,0,225,56,24,32,0,42.85714286,1
6885,145,0,145,118,0,118,0,0.00000000,1
6886,189,0,189,66,28,38,0,42.42424242,1
6887,189,0,189,72,26,46,0,36.11111111,1
6888,243,0,243,66,24,42,0,36.36363636,1
6889,225,0,225,60,26,34,0,43.33333333,1
6890,225,0,225,70,24,46,0,34.28571429,1
6891,225,0,225,70,30,40,0,42.85714286,1
6892,175,0,175,80,20,60,0,25.00000000,1
6893,189,0,189,70,20,50,0,28.57142857,1
6894,225,0,225,62,18,44,0,29.03225806,1
6895,315,0,315,58,22,36,0,37.93103448,1
6896,225,0,225,56,24,32,0,42.85714286,1
6897,225,0,225,60,20,40,0,33.33333333,1
6898,315,0,315,66,28,38,0,42.42424242,1
6899,189,0,189,54,14,40,0,25.92592593,1
6900,225,0,225,64,24,40,0,37.50000000,1
6901,225,0,225,60,18,42,0,30.00000000,1
6902,225,0,225,62,20,42,0,32.25806452,1
6903,225,0,225,66,26,40,0,39.39393939,1
6904,225,0,225,56,14,42,0,25.00000000,1
6905,125,0,125,60,14,46,0,23.33333333,1
6906,125,0,125,52,16,36,0,30.76923077,1
6907,225,0,225,56,18,38,0,32.14285714,1
6908,225,0,225,62,28,34,0,45.16129032,1
6909,225,0,225,68,26,42,0,38.23529412,1
6910,225,0,225,64,20,44,0,31.25000000,1
6911,135,0,135,80,18,62,0,22.50000000,1
6912,225,0,225,56,22,34,0,39.28571429,1
6913,225,0,225,70,24,46,0,34.28571429,1
6914,225,0,225,62,24,38,0,38.70967742,1
6915,225,0,225,76,28,48,0,36.84210526,1
6916,225,0,225,66,20,46,0,30.30303030,1
6917,315,0,315,60,18,42,0,30.00000000,1
6918,225,0,225,60,24,36,0,40.00000000,1
6919,225,0,225,68,26,42,0,38.23529412,1
6920,135,0,135,58,12,46,0,20.68965517,1
6921,225,0,225,64,26,38,0,40.62500000,1
6922,225,0,225,56,20,36,0,35.71428571,1
6923,375,0,375,62,26,36,0,41.93548387,1
6924,375,0,375,56,18,38,0,32.14285714,1
6925,375,0,375,54,16,38,0,29.62962963,1
6926,225,0,225,60,20,40,0,33.33333333,1
6927,297,0,297,60,18,42,0,30.00000000,1
6928,375,0,375,62,22,40,0,35.48387097,1
6929,135,0,135,56,22,34,0,39.28571429,1
6930,135,0,135,60,24,36,0,40.00000000,1
6931,189,0,189,94,44,50,0,46.80851064,1
6932,225,0,225,68,28,40,0,41.17647059,1
6933,375,0,375,56,22,34,0,39.28571429,1
6934,225,0,225,66,22,44,0,33.33333333,1
6935,375,0,375,52,12,40,0,23.07692308,1
6936,225,0,225,72,28,44,0,38.88888889,1
6937,351,0,351,60,18,42,0,30.00000000,1
6938,315,0,315,64,24,40,0,37.50000000,1
6939,375,0,375,62,24,38,0,38.70967742,1
6940,245,0,245,92,24,68,0,26.08695652,1
6941,375,0,375,66,26,40,0,39.39393939,1
6942,105,0,105,56,16,40,0,28.57142857,1
6943,135,0,135,60,26,34,0,43.33333333,1
6944,135,0,135,56,20,36,0,35.71428571,1
6945,315,0,315,56,22,34,0,39.28571429,1
6946,375,0,375,64,26,38,0,40.62500000,1
6947,63,0,63,52,12,40,0,23.07692308,1
6948,441,0,441,60,22,38,0,36.66666667,1
6949,135,0,135,64,24,40,0,37.50000000,1
6950,375,0,375,60,26,34,0,43.33333333,1
6951,375,0,375,62,22,40,0,35.48387097,1
6952,105,0,105,56,14,42,0,25.00000000,1
6953,225,0,225,62,24,38,0,38.70967742,1
6954,225,0,225,52,22,30,0,42.30769231,1
6955,189,0,189,62,22,40,0,35.48387097,1
6956,225,0,225,62,34,28,0,54.83870968,1
6957,189,0,189,68,24,44,0,35.29411765,1
6958,105,0,105,58,32,26,0,55.17241379,1
6959,135,0,135,62,20,42,0,32.25806452,1
6960,135,0,135,68,26,42,0,38.23529412,1
6961,375,0,375,66,26,40,0,39.39393939,1
6962,225,0,225,68,28,40,0,41.17647059,1
6963,375,0,375,62,32,30,0,51.61290323,1
6964,225,0,225,68,26,42,0,38.23529412,1
6965,135,0,135,60,28,32,0,46.66666667,1
6966,375,0,375,66,26,40,0,39.39393939,1
6967,189,0,189,64,24,40,0,37.50000000,1
6968,441,0,441,56,28,28,0,50.00000000,1
6969,225,0,225,70,26,44,0,37.14285714,1
6970,225,0,225,68,26,42,0,38.23529412,1
6971,135,0,135,64,26,38,0,40.62500000,1
6972,225,0,225,66,26,40,0,39.39393939,1
6973,225,0,225,66,26,40,0,39.39393939,1
6974,225,0,225,62,14,48,0,22.58064516,1
6975,225,0,225,66,20,46,0,30.30303030,1
6976,315,0,315,56,28,28,0,50.00000000,1
6977,189,0,189,62,26,36,0,41.93548387,1
6978,243,0,243,70,26,44,0,37.14285714,1
6979,315,0,315,130,34,96,0,26.15384615,1
6980,189,0,189,66,18,48,0,27.27272727,1
6981,375,0,375,64,26,38,0,40.62500000,1
6982,225,0,225,68,24,44,0,35.29411765,1
6983,175,0,175,74,18,56,0,24.32432432,1
6984,225,0,225,62,26,36,0,41.93548387,1
6985,315,0,315,62,22,40,0,35.48387097,1
6986,135,0,135,64,28,36,0,43.75000000,1
6987,125,0,125,54,26,28,0,48.14814815,1
6988,175,0,175,72,18,54,0,25.00000000,1
6989,225,0,225,48,16,32,0,33.33333333,1
6990,225,0,225,58,24,34,0,41.37931034,1
6991,225,0,225,70,26,44,0,37.14285714,1
6992,135,0,135,86,20,66,0,23.25581395,1
6993,225,0,225,68,32,36,0,47.05882353,1
6994,225,0,225,60,22,38,0,36.66666667,1
6995,105,0,105,66,34,32,0,51.51515152,1
6996,375,0,375,54,20,34,0,37.03703704,1
6997,135,0,135,62,22,40,0,35.48387097,1
6998,135,0,135,64,32,32,0,50.00000000,1
6999,225,0,225,62,20,42,0,32.25806452,1
7000,225,0,225,62,26,36,0,41.93548387,1
7001,189,0,189,66,26,40,0,39.39393939,1
7002,243,0,243,104,26,78,0,25.00000000,1
7003,225,0,225,60,28,32,0,46.66666667,1
7004,375,0,375,70,30,40,0,42.85714286,1
7005,189,0,189,64,26,38,0,40.62500000,1
7006,135,0,135,66,26,40,0,39.39393939,1
7007,243,0,243,60,18,42,0,30.00000000,1
7008,225,0,225,62,24,38,0,38.70967742,1
7009,225,0,225,68,24,44,0,35.29411765,1
7010,225,0,225,66,20,46,0,30.30303030,1
7011,375,0,375,58,24,34,0,41.37931034,1
7012,135,0,135,56,22,34,0,39.28571429,1
7013,189,0,189,62,22,40,0,35.48387097,1
7014,225,0,225,64,26,38,0,40.62500000,1
7015,105,0,105,66,38,28,0,57.57575758,1
7016,315,0,315,62,20,42,0,32.25806452,1
7017,375,0,375,64,22,42,0,34.37500000,1
7018,225,0,225,66,30,36,0,45.45454545,1
7019,225,0,225,64,22,42,0,34.37500000,1
7020,375,0,375,66,22,44,0,33.33333333,1
7021,225,0,225,70,26,44,0,37.14285714,1
7022,225,0,225,64,24,40,0,37.50000000,1
7023,245,0,245,126,62,64,0,49.20634921,1
7024,135,0,135,64,20,44,0,31.25000000,1
7025,225,0,225,64,24,40,0,37.50000000,1
7026,135,0,135,64,26,38,0,40.62500000,1
7027,225,0,225,60,18,42,0,30.00000000,1
7028,225,0,225,66,26,40,0,39.39393939,1
7029,189,0,189,64,30,34,0,46.87500000,1
7030,375,0,375,62,20,42,0,32.25806452,1
7031,225,0,225,62,20,42,0,32.25806452,1
7032,375,0,375,60,22,38,0,36.66666667,1
7033,225,0,225,58,20,38,0,34.48275862,1
7034,189,0,189,64,26,38,0,40.62500000,1
7035,225,0,225,54,16,38,0,29.62962963,1
7036,225,0,225,66,26,40,0,39.39393939,1
7037,189,0,189,70,26,44,0,37.14285714,1
7038,343,0,343,172,38,134,0,22.09302326,1
7039,175,0,175,80,20,60,0,25.00000000,1
7040,225,0,225,66,26,40,0,39.39393939,1
7041,297,0,297,56,26,30,0,46.42857143,1
7042,225,0,225,60,22,38,0,36.66666667,1
7043,375,0,375,64,28,36,0,43.75000000,1
7044,175,0,175,72,36,36,0,50.00000000,1
7045,315,0,315,52,26,26,0,50.00000000,1
7046,189,0,189,64,28,36,0,43.75000000,1
7047,225,0,225,58,24,34,0,41.37931034,1
7048,315,0,315,62,28,34,0,45.16129032,1
7049,315,0,315,56,26,30,0,46.42857143,1
7050,225,0,225,66,28,38,0,42.42424242,1
7051,225,0,225,60,24,36,0,40.00000000,1
7052,135,0,135,62,28,34,0,45.16129032,1
7053,225,0,225,68,26,42,0,38.23529412,1
7054,225,0,225,52,28,24,0,53.84615385,1
7055,243,0,243,68,22,46,0,32.35294118,1
7056,225,0,225,64,22,42,0,34.37500000,1
7057,315,0,315,60,22,38,0,36.66666667,1
7058,225,0,225,64,28,36,0,43.75000000,1
7059,125,0,125,58,14,44,0,24.13793103,1
7060,375,0,375,58,28,30,0,48.27586207,1
7061,125,0,125,64,30,34,0,46.87500000,1
7062,135,0,135,60,24,36,0,40.00000000,1
7063,375,0,375,68,30,38,0,44.11764706,1
7064,189,0,189,56,24,32,0,42.85714286,1
7065,189,0,189,54,28,26,0,51.85185185,1
7066,225,0,225,74,28,46,0,37.83783784,1
7067,375,0,375,66,24,42,0,36.36363636,1
7068,225,0,225,66,28,38,0,42.42424242,1
7069,225,0,225,62,22,40,0,35.48387097,1
7070,375,0,375,60,22,38,0,36.66666667,1
7071,225,0,225,66,28,38,0,42.42424242,1
7072,225,0,225,66,24,42,0,36.36363636,1
7073,375,0,375,70,32,38,0,45.71428571,1
7074,135,0,135,62,22,40,0,35.48387097,1
7075,243,0,243,64,22,42,0,34.37500000,1
7076,225,0,225,68,28,40,0,41.17647059,1
7077,225,0,225,60,20,40,0,33.33333333,1
7078,125,0,125,66,16,50,0,24.24242424,1
7079,225,0,225,62,24,38,0,38.70967742,1
7080,225,0,225,60,28,32,0,46.66666667,1
7081,225,0,225,60,22,38,0,36.66666667,1
7082,225,0,225,68,28,40,0,41.17647059,1
7083,225,0,225,70,30,40,0,42.85714286,1
7084,225,0,225,62,24,38,0,38.70967742,1
7085,225,0,225,60,24,36,0,40.00000000,1
7086,225,0,225,62,30,32,0,48.38709677,1
7087,225,0,225,58,22,36,0,37.93103448,1
7088,135,0,135,60,20,40,0,33.33333333,1
7089,375,0,375,64,24,40,0,37.50000000,1
7090,243,0,243,62,22,40,0,35.48387097,1
7091,375,0,375,62,24,38,0,38.70967742,1
7092,189,0,189,60,24,36,0,40.00000000,1
7093,225,0,225,60,20,40,0,33.33333333,1
7094,225,0,225,62,22,40,0,35.48387097,1
7095,375,0,375,66,20,46,0,30.30303030,1
7096,375,0,375,56,28,28,0,50.00000000,1
7097,625,0,625,52,18,34,0,34.61538462,1
7098,189,0,189,58,32,26,0,55.17241379,1
7099,441,0,441,38,0,38,0,0.00000000,1
7100,189,0,189,66,32,34,0,48.48484848,1
7101,225,0,225,68,24,44,0,35.29411765,1
7102,175,0,175,68,28,40,0,41.17647059,1
7103,375,0,375,60,22,38,0,36.66666667,1
7104,225,0,225,64,24,40,0,37.50000000,1
7105,225,0,225,68,22,46,0,32.35294118,1
7106,225,0,225,66,30,36,0,45.45454545,1
7107,375,0,375,58,20,38,0,34.48275862,1
7108,225,0,225,70,26,44,0,37.14285714,1
7109,375,0,375,56,12,44,0,21.42857143,1
7110,189,0,189,60,22,38,0,36.66666667,1
7111,315,0,315,54,28,26,0,51.85185185,1
7112,135,0,135,64,24,40,0,37.50000000,1
7113,225,0,225,58,20,38,0,34.48275862,1
7114,225,0,225,64,20,44,0,31.25000000,1
7115,225,0,225,62,20,42,0,32.25806452,1
7116,375,0,375,66,28,38,0,42.42424242,1
7117,189,0,189,70,32,38,0,45.71428571,1
7118,225,0,225,62,24,38,0,38.70967742,1
7119,189,0,189,66,24,42,0,36.36363636,1
7120,243,0,243,76,30,46,0,39.47368421,1
7121,375,0,375,62,28,34,0,45.16129032,1
7122,225,0,225,54,18,36,0,33.33333333,1
7123,171,0,171,66,10,56,0,15.15151515,1
7124,375,0,375,62,20,42,0,32.25806452,1
7125,315,0,315,70,26,44,0,37.14285714,1
7126,315,0,315,62,18,44,0,29.03225806,1
7127,315,0,315,58,18,40,0,31.03448276,1
7128,125,0,125,72,18,54,0,25.00000000,1
7129,225,0,225,60,26,34,0,43.33333333,1
7130,147,0,147,82,50,32,0,60.97560976,1
7131,243,0,243,60,18,42,0,30.00000000,1
7132,105,0,105,56,28,28,0,50.00000000,1
7133,225,0,225,64,26,38,0,40.62500000,1
7134,225,0,225,60,26,34,0,43.33333333,1
7135,315,0,315,60,20,40,0,33.33333333,1
7136,125,0,125,64,34,30,0,53.12500000,1
7137,99,0,99,58,28,30,0,48.27586207,1
7138,225,0,225,60,14,46,0,23.33333333,1
7139,225,0,225,70,32,38,0,45.71428571,1
7140,225,0,225,64,24,40,0,37.50000000,1
7141,225,0,225,70,28,42,0,40.00000000,1
7142,225,0,225,70,30,40,0,42.85714286,1
7143,99,0,99,74,38,36,0,51.35135135,1
7144,315,0,315,66,28,38,0,42.42424242,1
7145,225,0,225,60,22,38,0,36.66666667,1
7146,117,0,117,62,32,30,0,51.61290323,1
7147,315,0,315,64,22,42,0,34.37500000,1
7148,225,0,225,68,22,46,0,32.35294118,1
7149,135,0,135,62,32,30,0,51.61290323,1
7150,315,0,315,140,34,106,0,24.28571429,1
7151,225,0,225,64,24,40,0,37.50000000,1
7152,105,0,105,72,40,32,0,55.55555556,1
7153,245,0,245,84,24,60,0,28.57142857,1
7154,225,0,225,64,22,42,0,34.37500000,1
7155,225,0,225,60,24,36,0,40.00000000,1
7156,225,0,225,68,26,42,0,38.23529412,1
7157,225,0,225,60,20,40,0,33.33333333,1
7158,225,0,225,62,18,44,0,29.03225806,1
7159,375,0,375,58,22,36,0,37.93103448,1
7160,135,0,135,64,24,40,0,37.50000000,1
7161,225,0,225,56,24,32,0,42.85714286,1
7162,375,0,375,54,24,30,0,44.44444444,1
7163,225,0,225,64,24,40,0,37.50000000,1
7164,135,0,135,62,22,40,0,35.48387097,1
7165,315,0,315,68,22,46,0,32.35294118,1
7166,225,0,225,60,26,34,0,43.33333333,1
7167,135,0,135,62,22,40,0,35.48387097,1
7168,225,0,225,60,20,40,0,33.33333333,1
7169,297,0,297,66,22,44,0,33.33333333,1
7170,135,0,135,66,24,42,0,36.36363636,1
7171,315,0,315,58,26,32,0,44.82758621,1
7172,189,0,189,66,24,42,0,36.36363636,1
7173,189,0,189,72,28,44,0,38.88888889,1
7174,135,0,135,66,16,50,0,24.24242424,1
7175,225,0,225,62,22,40,0,35.48387097,1
7176,153,0,153,66,10,56,0,15.15151515,1
7177,315,0,315,50,14,36,0,28.00000000,1
7178,375,0,375,62,28,34,0,45.16129032,1
7179,189,0,189,58,20,38,0,34.48275862,1
7180,315,0,315,54,14,40,0,25.92592593,1
7181,225,0,225,62,22,40,0,35.48387097,1
7182,225,0,225,60,28,32,0,46.66666667,1
7183,375,0,375,58,18,40,0,31.03448276,1
7184,225,0,225,64,24,40,0,37.50000000,1
7185,225,0,225,58,22,36,0,37.93103448,1
7186,315,0,315,60,24,36,0,40.00000000,1
7187,225,0,225,64,26,38,0,40.62500000,1
7188,225,0,225,58,18,40,0,31.03448276,1
7189,375,0,375,66,20,46,0,30.30303030,1
7190,153,0,153,84,44,40,0,52.38095238,1
7191,375,0,375,62,28,34,0,45.16129032,1
7192,225,0,225,62,24,38,0,38.70967742,1
7193,189,0,189,62,22,40,0,35.48387097,1
7194,225,0,225,58,22,36,0,37.93103448,1
7195,135,0,135,62,28,34,0,45.16129032,1
7196,225,0,225,60,26,34,0,43.33333333,1
7197,315,0,315,54,16,38,0,29.62962963,1
7198,225,0,225,66,22,44,0,33.33333333,1
7199,315,0,315,106,24,82,0,22.64150943,1
7200,225,0,225,60,24,36,0,40.00000000,1
7201,315,0,315,62,28,34,0,45.16129032,1
7202,105,0,105,50,28,22,0,56.00000000,1
7203,105,0,105,54,18,36,0,33.33333333,1
7204,225,0,225,64,26,38,0,40.62500000,1
7205,225,0,225,64,26,38,0,40.62500000,1
7206,171,0,171,92,24,68,0,26.08695652,1
7207,375,0,375,56,22,34,0,39.28571429,1
7208,189,0,189,66,24,42,0,36.36363636,1
7209,225,0,225,64,26,38,0,40.62500000,1
7210,189,0,189,88,22,66,0,25.00000000,1
7211,225,0,225,54,22,32,0,40.74074074,1
7212,75,0,75,52,30,22,0,57.69230769,1
7213,225,0,225,54,12,42,0,22.22222222,1
7214,225,0,225,52,18,34,0,34.61538462,1
7215,225,0,225,64,24,40,0,37.50000000,1
7216,315,0,315,58,24,34,0,41.37931034,1
7217,135,0,135,72,36,36,0,50.00000000,1
7218,105,0,105,60,14,46,0,23.33333333,1
7219,225,0,225,66,22,44,0,33.33333333,1
7220,243,0,243,58,32,26,0,55.17241379,1
7221,135,0,135,64,24,40,0,37.50000000,1
7222,225,0,225,56,20,36,0,35.71428571,1
7223,135,0,135,60,16,44,0,26.66666667,1
7224,405,0,405,248,114,134,0,45.96774194,1
7225,225,0,225,62,22,40,0,35.48387097,1
7226,375,0,375,64,20,44,0,31.25000000,1
7227,225,0,225,60,26,34,0,43.33333333,1
7228,243,0,243,62,24,38,0,38.70967742,1
7229,225,0,225,68,26,42,0,38.23529412,1
7230,375,0,375,62,24,38,0,38.70967742,1
7231,175,0,175,66,16,50,0,24.24242424,1
7232,175,0,175,56,32,24,0,57.14285714,1
7233,225,0,225,68,26,42,0,38.23529412,1
7234,225,0,225,64,24,40,0,37.50000000,1
7235,375,0,375,56,18,38,0,32.14285714,1
7236,315,0,315,60,20,40,0,33.33333333,1
7237,375,0,375,62,28,34,0,45.16129032,1
7238,225,0,225,56,24,32,0,42.85714286,1
7239,225,0,225,60,26,34,0,43.33333333,1
7240,189,0,189,64,26,38,0,40.62500000,1
7241,225,0,225,66,28,38,0,42.42424242,1
7242,225,0,225,64,18,46,0,28.12500000,1
7243,225,0,225,66,20,46,0,30.30303030,1
7244,225,0,225,56,20,36,0,35.71428571,1
7245,375,0,375,50,20,30,0,40.00000000,1
7246,135,0,135,58,26,32,0,44.82758621,1
7247,225,0,225,64,22,42,0,34.37500000,1
7248,125,0,125,62,16,46,0,25.80645161,1
7249,135,0,135,60,24,36,0,40.00000000,1
7250,315,0,315,60,26,34,0,43.33333333,1
7251,315,0,315,58,20,38,0,34.48275862,1
7252,315,0,315,50,12,38,0,24.00000000,1
7253,315,0,315,68,22,46,0,32.35294118,1
7254,189,0,189,62,34,28,0,54.83870968,1
7255,189,0,189,64,18,46,0,28.12500000,1
7256,225,0,225,62,22,40,0,35.48387097,1
7257,225,0,225,60,18,42,0,30.00000000,1
7258,225,0,225,68,28,40,0,41.17647059,1
7259,105,0,105,50,16,34,0,32.00000000,1
7260,315,0,315,64,24,40,0,37.50000000,1
7261,225,0,225,66,24,42,0,36.36363636,1
7262,99,0,99,54,28,26,0,51.85185185,1
7263,189,0,189,60,20,40,0,33.33333333,1
7264,189,0,189,66,26,40,0,39.39393939,1
7265,225,0,225,72,24,48,0,33.33333333,1
7266,315,0,315,58,28,30,0,48.27586207,1
7267,225,0,225,58,14,44,0,24.13793103,1
7268,189,0,189,54,16,38,0,29.62962963,1
7269,147,0,147,52,12,40,0,23.07692308,1
7270,125,0,125,62,30,32,0,48.38709677,1
7271,125,0,125,56,14,42,0,25.00000000,1
7272,105,0,105,58,16,42,0,27.58620690,1
7273,315,0,315,62,20,42,0,32.25806452,1
7274,225,0,225,60,26,34,0,43.33333333,1
7275,375,0,375,54,18,36,0,33.33333333,1
7276,135,0,135,66,18,48,0,27.27272727,1
7277,189,0,189,68,28,40,0,41.17647059,1
7278,225,0,225,64,28,36,0,43.75000000,1
7279,225,0,225,58,16,42,0,27.58620690,1
7280,315,0,315,54,18,36,0,33.33333333,1
7281,225,0,225,70,28,42,0,40.00000000,1
7282,105,0,105,50,12,38,0,24.00000000,1
7283,225,0,225,62,24,38,0,38.70967742,1
7284,135,0,135,60,24,36,0,40.00000000,1
7285,75,0,75,56,32,24,0,57.14285714,1
7286,315,0,315,62,28,34,0,45.16129032,1
7287,225,0,225,52,14,38,0,26.92307692,1
7288,225,0,225,58,14,44,0,24.13793103,1
7289,135,0,135,58,18,40,0,31.03448276,1
7290,375,0,375,66,30,36,0,45.45454545,1
7291,375,0,375,64,22,42,0,34.37500000,1
7292,189,0,189,70,24,46,0,34.28571429,1
7293,315,0,315,62,18,44,0,29.03225806,1
7294,175,0,175,72,20,52,0,27.77777778,1
7295,225,0,225,54,16,38,0,29.62962963,1
7296,225,0,225,60,26,34,0,43.33333333,1
7297,225,0,225,70,26,44,0,37.14285714,1
7298,225,0,225,64,26,38,0,40.62500000,1
7299,189,0,189,58,24,34,0,41.37931034,1
7300,135,0,135,62,28,34,0,45.16129032,1
7301,189,0,189,60,22,38,0,36.66666667,1
7302,135,0,135,64,14,50,0,21.87500000,1
7303,225,0,225,68,30,38,0,44.11764706,1
7304,375,0,375,64,28,36,0,43.75000000,1
7305,375,0,375,60,20,40,0,33.33333333,1
7306,189,0,189,64,28,36,0,43.75000000,1
7307,135,0,135,66,26,40,0,39.39393939,1
7308,225,0,225,68,24,44,0,35.29411765,1
7309,441,0,441,46,24,22,0,52.17391304,1
7310,189,0,189,66,30,36,0,45.45454545,1
7311,513,0,513,44,26,18,0,59.09090909,1
7312,135,0,135,58,24,34,0,41.37931034,1
7313,225,0,225,62,18,44,0,29.03225806,1
7314,225,0,225,64,24,40,0,37.50000000,1
7315,189,0,189,58,20,38,0,34.48275862,1
7316,375,0,375,56,20,36,0,35.71428571,1
7317,189,0,189,62,22,40,0,35.48387097,1
7318,225,0,225,68,28,40,0,41.17647059,1
7319,225,0,225,58,24,34,0,41.37931034,1
7320,315,0,315,54,28,26,0,51.85185185,1
7321,375,0,375,58,22,36,0,37.93103448,1
7322,225,0,225,58,18,40,0,31.03448276,1
7323,135,0,135,76,20,56,0,26.31578947,1
7324,225,0,225,54,22,32,0,40.74074074,1
7325,189,0,189,84,22,62,0,26.19047619,1
7326,315,0,315,62,24,38,0,38.70967742,1
7327,225,0,225,62,22,40,0,35.48387097,1
7328,225,0,225,58,24,34,0,41.37931034,1
7329,225,0,225,56,24,32,0,42.85714286,1
7330,243,0,243,66,18,48,0,27.27272727,1
7331,225,0,225,60,26,34,0,43.33333333,1
7332,225,0,225,62,20,42,0,32.25806452,1
7333,225,0,225,58,20,38,0,34.48275862,1
7334,225,0,225,66,22,44,0,33.33333333,1
7335,225,0,225,60,24,36,0,40.00000000,1
7336,189,0,189,62,22,40,0,35.48387097,1
7337,135,0,135,62,20,42,0,32.25806452,1
7338,135,0,135,68,22,46,0,32.35294118,1
7339,105,0,105,64,16,48,0,25.00000000,1
7340,375,0,375,62,22,40,0,35.48387097,1
7341,135,0,135,68,26,42,0,38.23529412,1
7342,375,0,375,58,24,34,0,41.37931034,1
7343,175,0,175,66,32,34,0,48.48484848,1
7344,375,0,375,64,22,42,0,34.37500000,1
7345,225,0,225,68,24,44,0,35.29411765,1
7346,315,0,315,54,30,24,0,55.55555556,1
7347,315,0,315,70,32,38,0,45.71428571,1
7348,225,0,225,68,26,42,0,38.23529412,1
7349,105,0,105,56,14,42,0,25.00000000,1
7350,375,0,375,50,16,34,0,32.00000000,1
7351,165,0,165,50,14,36,0,28.00000000,1
7352,225,0,225,68,28,40,0,41.17647059,1
7353,375,0,375,62,22,40,0,35.48387097,1
7354,105,0,105,70,14,56,0,20.00000000,1
7355,225,0,225,62,22,40,0,35.48387097,1
7356,315,0,315,60,18,42,0,30.00000000,1
7357,525,0,525,54,30,24,0,55.55555556,1
7358,225,0,225,62,20,42,0,32.25806452,1
7359,125,0,125,50,12,38,0,24.00000000,1
7360,225,0,225,50,24,26,0,48.00000000,1
7361,225,0,225,62,30,32,0,48.38709677,1
7362,225,0,225,60,28,32,0,46.66666667,1
7363,225,0,225,66,26,40,0,39.39393939,1
7364,375,0,375,56,20,36,0,35.71428571,1
7365,375,0,375,58,24,34,0,41.37931034,1
7366,225,0,225,60,18,42,0,30.00000000,1
7367,375,0,375,62,18,44,0,29.03225806,1
7368,225,0,225,62,28,34,0,45.16129032,1
7369,135,0,135,68,26,42,0,38.23529412,1
7370,225,0,225,62,24,38,0,38.70967742,1
7371,243,0,243,58,16,42,0,27.58620690,1
7372,147,0,147,88,20,68,0,22.72727273,1
7373,225,0,225,62,22,40,0,35.48387097,1
7374,225,0,225,60,18,42,0,30.00000000,1
7375,375,0,375,64,20,44,0,31.25000000,1
7376,225,0,225,58,26,32,0,44.82758621,1
7377,405,0,405,56,12,44,0,21.42857143,1
7378,375,0,375,60,26,34,0,43.33333333,1
7379,105,0,105,58,14,44,0,24.13793103,1
7380,225,0,225,68,28,40,0,41.17647059,1
7381,225,0,225,68,24,44,0,35.29411765,1
7382,375,0,375,58,22,36,0,37.93103448,1
7383,315,0,315,76,32,44,0,42.10526316,1
7384,375,0,375,54,14,40,0,25.92592593,1
7385,225,0,225,52,20,32,0,38.46153846,1
7386,135,0,135,60,20,40,0,33.33333333,1
7387,375,0,375,62,24,38,0,38.70967742,1
7388,189,0,189,64,22,42,0,34.37500000,1
7389,135,0,135,70,26,44,0,37.14285714,1
7390,315,0,315,52,10,42,0,19.23076923,1
7391,225,0,225,64,20,44,0,31.25000000,1
7392,225,0,225,64,22,42,0,34.37500000,1
7393,225,0,225,56,26,30,0,46.42857143,1
7394,225,0,225,66,24,42,0,36.36363636,1
7395,225,0,225,66,26,40,0,39.39393939,1
7396,495,0,495,50,20,30,0,40.00000000,1
7397,189,0,189,54,32,22,0,59.25925926,1
7398,315,0,315,50,10,40,0,20.00000000,1
7399,225,0,225,66,22,44,0,33.33333333,1
7400,315,0,315,62,24,38,0,38.70967742,1
7401,375,0,375,70,28,42,0,40.00000000,1
7402,225,0,225,60,24,36,0,40.00000000,1
7403,135,0,135,64,24,40,0,37.50000000,1
7404,105,0,105,60,32,28,0,53.33333333,1
7405,225,0,225,64,24,40,0,37.50000000,1
7406,189,0,189,64,24,40,0,37.50000000,1
7407,189,0,189,66,28,38,0,42.42424242,1
7408,225,0,225,144,32,112,0,22.22222222,1
7409,315,0,315,62,20,42,0,32.25806452,1
7410,135,0,135,52,26,26,0,50.00000000,1
7411,225,0,225,56,24,32,0,42.85714286,1
7412,225,0,225,58,18,40,0,31.03448276,1
7413,225,0,225,52,26,26,0,50.00000000,1
7414,225,0,225,70,22,48,0,31.42857143,1
7415,375,0,375,66,26,40,0,39.39393939,1
7416,375,0,375,66,24,42,0,36.36363636,1
7417,375,0,375,70,32,38,0,45.71428571,1
7418,243,0,243,58,22,36,0,37.93103448,1
7419,315,0,315,54,28,26,0,51.85185185,1
7420,189,0,189,72,28,44,0,38.88888889,1
7421,225,0,225,64,22,42,0,34.37500000,1
7422,375,0,375,56,20,36,0,35.71428571,1
7423,225,0,225,100,54,46,0,54.00000000,1
7424,315,0,315,62,24,38,0,38.70967742,1
7425,225,0,225,64,18,46,0,28.12500000,1
7426,165,0,165,106,20,86,0,18.86792453,1
7427,225,0,225,60,20,40,0,33.33333333,1
7428,405,0,405,54,26,28,0,48.14814815,1
7429,225,0,225,62,26,36,0,41.93548387,1
7430,351,0,351,56,26,30,0,46.42857143,1
7431,225,0,225,66,24,42,0,36.36363636,1
7432,243,0,243,58,26,32,0,44.82758621,1
7433,225,0,225,58,24,34,0,41.37931034,1
7434,225,0,225,64,28,36,0,43.75000000,1
7435,225,0,225,62,26,36,0,41.93548387,1
7436,225,0,225,62,22,40,0,35.48387097,1
7437,315,0,315,58,28,30,0,48.27586207,1
7438,75,0,75,54,16,38,0,29.62962963,1
7439,315,0,315,78,32,46,0,41.02564103,1
7440,315,0,315,58,16,42,0,27.58620690,1
7441,225,0,225,62,28,34,0,45.16129032,1
7442,225,0,225,114,28,86,0,24.56140351,1
7443,225,0,225,62,24,38,0,38.70967742,1
7444,225,0,225,70,26,44,0,37.14285714,1
7445,189,0,189,74,28,46,0,37.83783784,1
7446,189,0,189,60,24,36,0,40.00000000,1
7447,315,0,315,54,24,30,0,44.44444444,1
7448,375,0,375,56,20,36,0,35.71428571,1
7449,375,0,375,60,24,36,0,40.00000000,1
7450,243,0,243,52,16,36,0,30.76923077,1
7451,225,0,225,64,26,38,0,40.62500000,1
7452,375,0,375,52,18,34,0,34.61538462,1
7453,375,0,375,56,24,32,0,42.85714286,1
7454,539,0,539,306,74,232,0,24.18300654,1
7455,225,0,225,62,26,36,0,41.93548387,1
7456,225,0,225,56,24,32,0,42.85714286,1
7457,225,0,225,64,24,40,0,37.50000000,1
7458,375,0,375,60,18,42,0,30.00000000,1
7459,243,0,243,76,30,46,0,39.47368421,1
7460,189,0,189,62,30,32,0,48.38709677,1
7461,225,0,225,58,26,32,0,44.82758621,1
7462,225,0,225,62,28,34,0,45.16129032,1
7463,135,0,135,60,22,38,0,36.66666667,1
7464,405,0,405,58,18,40,0,31.03448276,1
7465,315,0,315,68,30,38,0,44.11764706,1
7466,243,0,243,60,26,34,0,43.33333333,1
7467,375,0,375,56,18,38,0,32.14285714,1
7468,225,0,225,60,28,32,0,46.66666667,1
7469,189,0,189,68,28,40,0,41.17647059,1
7470,135,0,135,60,22,38,0,36.66666667,1
7471,225,0,225,60,30,30,0,50.00000000,1
7472,225,0,225,90,48,42,0,53.33333333,1
7473,225,0,225,66,26,40,0,39.39393939,1
7474,375,0,375,58,20,38,0,34.48275862,1
7475,135,0,135,76,18,58,0,23.68421053,1
7476,225,0,225,62,26,36,0,41.93548387,1
7477,225,0,225,62,22,40,0,35.48387097,1
7478,375,0,375,60,24,36,0,40.00000000,1
7479,315,0,315,50,12,38,0,24.00000000,1
7480,315,0,315,56,30,26,0,53.57142857,1
7481,245,0,245,102,30,72,0,29.41176471,1
7482,105,0,105,62,30,32,0,48.38709677,1
7483,525,0,525,48,14,34,0,29.16666667,1
7484,243,0,243,58,16,42,0,27.58620690,1
7485,225,0,225,64,20,44,0,31.25000000,1
7486,189,0,189,70,26,44,0,37.14285714,1
7487,117,0,117,80,40,40,0,50.00000000,1
7488,225,0,225,60,20,40,0,33.33333333,1
7489,225,0,225,58,22,36,0,37.93103448,1
7490,105,0,105,56,28,28,0,50.00000000,1
7491,375,0,375,58,24,34,0,41.37931034,1
7492,225,0,225,64,22,42,0,34.37500000,1
7493,125,0,125,54,28,26,0,51.85185185,1
7494,125,0,125,62,36,26,0,58.06451613,1
7495,189,0,189,64,24,40,0,37.50000000,1
7496,375,0,375,60,22,38,0,36.66666667,1
7497,225,0,225,56,12,44,0,21.42857143,1
7498,189,0,189,58,24,34,0,41.37931034,1
7499,189,0,189,70,34,36,0,48.57142857,1
7500,135,0,135,64,26,38,0,40.62500000,1
7501,175,0,175,74,40,34,0,54.05405405,1
7502,375,0,375,56,18,38,0,32.14285714,1
7503,375,0,375,54,20,34,0,37.03703704,1
7504,375,0,375,58,22,36,0,37.93103448,1
7505,117,0,117,60,14,46,0,23.33333333,1
7506,105,0,105,56,16,40,0,28.57142857,1
7507,225,0,225,58,26,32,0,44.82758621,1
7508,225,0,225,66,28,38,0,42.42424242,1
7509,625,0,625,58,26,32,0,44.82758621,1
7510,375,0,375,60,22,38,0,36.66666667,1
7511,375,0,375,58,26,32,0,44.82758621,1
7512,315,0,315,52,10,42,0,19.23076923,1
7513,225,0,225,62,26,36,0,41.93548387,1
7514,135,0,135,68,28,40,0,41.17647059,1
7515,225,0,225,64,22,42,0,34.37500000,1
7516,375,0,375,60,26,34,0,43.33333333,1
7517,135,0,135,66,24,42,0,36.36363636,1
7518,375,0,375,62,22,40,0,35.48387097,1
7519,175,0,175,72,20,52,0,27.77777778,1
7520,375,0,375,64,24,40,0,37.50000000,1
7521,225,0,225,62,26,36,0,41.93548387,1
7522,225,0,225,62,26,36,0,41.93548387,1
7523,225,0,225,62,26,36,0,41.93548387,1
7524,225,0,225,64,22,42,0,34.37500000,1
7525,351,0,351,56,28,28,0,50.00000000,1
7526,225,0,225,66,30,36,0,45.45454545,1
7527,225,0,225,60,30,30,0,50.00000000,1
7528,175,0,175,70,20,50,0,28.57142857,1
7529,375,0,375,62,26,36,0,41.93548387,1
7530,225,0,225,56,20,36,0,35.71428571,1
7531,225,0,225,62,24,38,0,38.70967742,1
7532,375,0,375,62,22,40,0,35.48387097,1
7533,81,0,81,62,20,42,0,32.25806452,1
7534,225,0,225,108,28,80,0,25.92592593,1
7535,117,0,117,46,18,28,0,39.13043478,1
7536,225,0,225,68,22,46,0,32.35294118,1
7537,135,0,135,68,26,42,0,38.23529412,1
7538,135,0,135,58,14,44,0,24.13793103,1
7539,225,0,225,62,28,34,0,45.16129032,1
7540,225,0,225,58,22,36,0,37.93103448,1
7541,375,0,375,62,28,34,0,45.16129032,1
7542,225,0,225,64,22,42,0,34.37500000,1
7543,135,0,135,64,30,34,0,46.87500000,1
7544,375,0,375,68,28,40,0,41.17647059,1
7545,105,0,105,68,20,48,0,29.41176471,1
7546,225,0,225,66,30,36,0,45.45454545,1
7547,315,0,315,58,16,42,0,27.58620690,1
7548,405,0,405,52,16,36,0,30.76923077,1
7549,225,0,225,56,26,30,0,46.42857143,1
7550,225,0,225,62,26,36,0,41.93548387,1
7551,135,0,135,66,28,38,0,42.42424242,1
7552,189,0,189,64,26,38,0,40.62500000,1
7553,405,0,405,36,18,18,0,50.00000000,1
7554,315,0,315,66,26,40,0,39.39393939,1
7555,243,0,243,52,22,30,0,42.30769231,1
7556,225,0,225,62,26,36,0,41.93548387,1
7557,99,0,99,62,34,28,0,54.83870968,1
7558,135,0,135,64,26,38,0,40.62500000,1
7559,525,0,525,56,16,40,0,28.57142857,1
7560,135,0,135,64,24,40,0,37.50000000,1
7561,135,0,135,58,16,42,0,27.58620690,1
7562,189,0,189,58,24,34,0,41.37931034,1
7563,225,0,225,64,18,46,0,28.12500000,1
7564,189,0,189,60,22,38,0,36.66666667,1
7565,315,0,315,140,34,106,0,24.28571429,1
7566,225,0,225,60,24,36,0,40.00000000,1
7567,125,0,125,48,24,24,0,50.00000000,1
7568,225,0,225,66,26,40,0,39.39393939,1
7569,225,0,225,62,24,38,0,38.70967742,1
7570,105,0,105,60,32,28,0,53.33333333,1
7571,225,0,225,62,24,38,0,38.70967742,1
7572,225,0,225,66,24,42,0,36.36363636,1
7573,225,0,225,64,26,38,0,40.62500000,1
7574,105,0,105,58,16,42,0,27.58620690,1
7575,225,0,225,94,24,70,0,25.53191489,1
7576,105,0,105,62,28,34,0,45.16129032,1
7577,225,0,225,60,20,40,0,33.33333333,1
7578,125,0,125,62,20,42,0,32.25806452,1
7579,225,0,225,62,22,40,0,35.48387097,1
7580,243,0,243,72,26,46,0,36.11111111,1
7581,147,0,147,64,36,28,0,56.25000000,1
7582,225,0,225,62,28,34,0,45.16129032,1
7583,225,0,225,64,24,40,0,37.50000000,1
7584,405,0,405,42,20,22,0,47.61904762,1
7585,135,0,135,64,20,44,0,31.25000000,1
7586,225,0,225,58,14,44,0,24.13793103,1
7587,315,0,315,58,26,32,0,44.82758621,1
7588,375,0,375,62,26,36,0,41.93548387,1
7589,105,0,105,66,18,48,0,27.27272727,1
7590,105,0,105,60,30,30,0,50.00000000,1
7591,441,0,441,48,14,34,0,29.16666667,1
7592,375,0,375,60,26,34,0,43.33333333,1
7593,375,0,375,62,18,44,0,29.03225806,1
7594,105,0,105,56,30,26,0,53.57142857,1
7595,315,0,315,68,26,42,0,38.23529412,1
7596,189,0,189,70,18,52,0,25.71428571,1
7597,165,0,165,62,16,46,0,25.80645161,1
7598,125,0,125,52,26,26,0,50.00000000,1
7599,225,0,225,56,24,32,0,42.85714286,1
7600,243,0,243,70,22,48,0,31.42857143,1
7601,225,0,225,76,30,46,0,39.47368421,1
7602,225,0,225,66,24,42,0,36.36363636,1
7603,225,0,225,56,28,28,0,50.00000000,1
7604,189,0,189,60,24,36,0,40.00000000,1
7605,135,0,135,66,26,40,0,39.39393939,1
7606,315,0,315,54,16,38,0,29.62962963,1
7607,225,0,225,58,22,36,0,37.93103448,1
7608,243,0,243,76,26,50,0,34.21052632,1
7609,225,0,225,64,24,40,0,37.50000000,1
7610,375,0,375,62,22,40,0,35.48387097,1
7611,225,0,225,56,22,34,0,39.28571429,1
7612,225,0,225,60,26,34,0,43.33333333,1
7613,189,0,189,64,24,40,0,37.50000000,1
7614,135,0,135,58,24,34,0,41.37931034,1
7615,315,0,315,60,18,42,0,30.00000000,1
7616,225,0,225,58,14,44,0,24.13793103,1
7617,315,0,315,58,18,40,0,31.03448276,1
7618,315,0,315,62,18,44,0,29.03225806,1
7619,225,0,225,62,22,40,0,35.48387097,1
7620,315,0,315,60,24,36,0,40.00000000,1
7621,375,0,375,62,16,46,0,25.80645161,1
7622,135,0,135,64,26,38,0,40.62500000,1
7623,225,0,225,66,30,36,0,45.45454545,1
7624,175,0,175,58,32,26,0,55.17241379,1
7625,175,0,175,86,20,66,0,23.25581395,1
7626,225,0,225,62,22,40,0,35.48387097,1
7627,715,0,715,328,164,164,0,50.00000000,1
7628,225,0,225,66,24,42,0,36.36363636,1
7629,175,0,175,86,18,68,0,20.93023256,1
7630,175,0,175,96,22,74,0,22.91666667,1
7631,315,0,315,66,22,44,0,33.33333333,1
7632,375,0,375,64,22,42,0,34.37500000,1
7633,225,0,225,64,24,40,0,37.50000000,1
7634,189,0,189,62,22,40,0,35.48387097,1
7635,243,0,243,60,24,36,0,40.00000000,1
7636,315,0,315,66,20,46,0,30.30303030,1
7637,135,0,135,62,20,42,0,32.25806452,1
7638,225,0,225,58,24,34,0,41.37931034,1
7639,175,0,175,56,30,26,0,53.57142857,1
7640,105,0,105,64,16,48,0,25.00000000,1
7641,315,0,315,142,72,70,0,50.70422535,1
7642,189,0,189,64,28,36,0,43.75000000,1
7643,315,0,315,50,28,22,0,56.00000000,1
7644,225,0,225,62,26,36,0,41.93548387,1
7645,189,0,189,52,12,40,0,23.07692308,1
7646,225,0,225,58,22,36,0,37.93103448,1
7647,225,0,225,68,24,44,0,35.29411765,1
7648,315,0,315,46,18,28,0,39.13043478,1
7649,375,0,375,62,24,38,0,38.70967742,1
7650,225,0,225,66,26,40,0,39.39393939,1
7651,375,0,375,52,16,36,0,30.76923077,1
7652,625,0,625,56,22,34,0,39.28571429,1
7653,375,0,375,58,28,30,0,48.27586207,1
7654,245,0,245,96,50,46,0,52.08333333,1
7655,189,0,189,56,18,38,0,32.14285714,1
7656,189,0,189,56,20,36,0,35.71428571,1
7657,225,0,225,70,30,40,0,42.85714286,1
7658,225,0,225,66,26,40,0,39.39393939,1
7659,135,0,135,64,26,38,0,40.62500000,1
7660,315,0,315,76,24,52,0,31.57894737,1
7661,243,0,243,62,26,36,0,41.93548387,1
7662,243,0,243,62,20,42,0,32.25806452,1
7663,189,0,189,64,24,40,0,37.50000000,1
7664,225,0,225,52,18,34,0,34.61538462,1
7665,225,0,225,58,20,38,0,34.48275862,1
7666,375,0,375,60,20,40,0,33.33333333,1
7667,81,0,81,52,14,38,0,26.92307692,1
7668,225,0,225,74,24,50,0,32.43243243,1
7669,405,0,405,56,24,32,0,42.85714286,1
7670,189,0,189,56,18,38,0,32.14285714,1
7671,225,0,225,68,30,38,0,44.11764706,1
7672,225,0,225,66,24,42,0,36.36363636,1
7673,225,0,225,70,24,46,0,34.28571429,1
7674,225,0,225,54,18,36,0,33.33333333,1
7675,99,0,99,56,28,28,0,50.00000000,1
7676,189,0,189,68,28,40,0,41.17647059,1
7677,125,0,125,70,18,52,0,25.71428571,1
7678,225,0,225,68,28,40,0,41.17647059,1
7679,225,0,225,72,28,44,0,38.88888889,1
7680,165,0,165,72,44,28,0,61.11111111,1
7681,225,0,225,62,26,36,0,41.93548387,1
7682,225,0,225,64,24,40,0,37.50000000,1
7683,135,0,135,66,26,40,0,39.39393939,1
7684,135,0,135,66,28,38,0,42.42424242,1
7685,375,0,375,62,26,36,0,41.93548387,1
7686,225,0,225,68,30,38,0,44.11764706,1
7687,225,0,225,60,18,42,0,30.00000000,1
7688,225,0,225,68,24,44,0,35.29411765,1
7689,315,0,315,60,26,34,0,43.33333333,1
7690,375,0,375,58,22,36,0,37.93103448,1
7691,171,0,171,58,30,28,0,51.72413793,1
7692,225,0,225,62,18,44,0,29.03225806,1
7693,225,0,225,62,18,44,0,29.03225806,1
7694,441,0,441,54,12,42,0,22.22222222,1
7695,225,0,225,64,26,38,0,40.62500000,1
7696,315,0,315,70,26,44,0,37.14285714,1
7697,225,0,225,64,22,42,0,34.37500000,1
7698,225,0,225,64,20,44,0,31.25000000,1
7699,375,0,375,74,28,46,0,37.83783784,1
7700,225,0,225,62,24,38,0,38.70967742,1
7701,375,0,375,58,20,38,0,34.48275862,1
7702,189,0,189,62,22,40,0,35.48387097,1
7703,225,0,225,56,26,30,0,46.42857143,1
7704,375,0,375,68,22,46,0,32.35294118,1
7705,225,0,225,70,22,48,0,31.42857143,1
7706,225,0,225,68,24,44,0,35.29411765,1
7707,225,0,225,68,26,42,0,38.23529412,1
7708,375,0,375,60,26,34,0,43.33333333,1
7709,225,0,225,64,26,38,0,40.62500000,1
7710,225,0,225,62,22,40,0,35.48387097,1
7711,225,0,225,66,26,40,0,39.39393939,1
7712,175,0,175,104,52,52,0,50.00000000,1
7713,225,0,225,62,18,44,0,29.03225806,1
7714,225,0,225,68,26,42,0,38.23529412,1
7715,225,0,225,52,24,28,0,46.15384615,1
7716,315,0,315,52,26,26,0,50.00000000,1
7717,405,0,405,58,24,34,0,41.37931034,1
7718,225,0,225,62,22,40,0,35.48387097,1
7719,225,0,225,70,26,44,0,37.14285714,1
7720,125,0,125,72,38,34,0,52.77777778,1
7721,225,0,225,64,28,36,0,43.75000000,1
7722,225,0,225,106,26,80,0,24.52830189,1
7723,135,0,135,68,24,44,0,35.29411765,1
7724,375,0,375,56,28,28,0,50.00000000,1
7725,175,0,175,60,30,30,0,50.00000000,1
7726,297,0,297,52,26,26,0,50.00000000,1
7727,225,0,225,70,26,44,0,37.14285714,1
7728,135,0,135,64,26,38,0,40.62500000,1
7729,225,0,225,64,24,40,0,37.50000000,1
7730,225,0,225,52,12,40,0,23.07692308,1
7731,225,0,225,64,28,36,0,43.75000000,1
7732,225,0,225,64,26,38,0,40.62500000,1
7733,189,0,189,74,26,48,0,35.13513514,1
7734,135,0,135,68,30,38,0,44.11764706,1
7735,125,0,125,68,18,50,0,26.47058824,1
7736,225,0,225,58,22,36,0,37.93103448,1
7737,375,0,375,54,26,28,0,48.14814815,1
7738,351,0,351,42,10,32,0,23.80952381,1
7739,351,0,351,46,22,24,0,47.82608696,1
7740,225,0,225,60,28,32,0,46.66666667,1
7741,147,0,147,68,16,52,0,23.52941176,1
7742,125,0,125,50,16,34,0,32.00000000,1
7743,135,0,135,62,24,38,0,38.70967742,1
7744,243,0,243,58,28,30,0,48.27586207,1
7745,375,0,375,60,22,38,0,36.66666667,1
7746,225,0,225,62,26,36,0,41.93548387,1
7747,245,0,245,98,44,54,0,44.89795918,1
7748,375,0,375,68,26,42,0,38.23529412,1
7749,189,0,189,70,26,44,0,37.14285714,1
7750,225,0,225,66,22,44,0,33.33333333,1
7751,135,0,135,64,26,38,0,40.62500000,1
7752,125,0,125,54,16,38,0,29.62962963,1
7753,105,0,105,58,30,28,0,51.72413793,1
7754,225,0,225,66,24,42,0,36.36363636,1
7755,225,0,225,60,24,36,0,40.00000000,1
7756,225,0,225,62,24,38,0,38.70967742,1
7757,175,0,175,52,12,40,0,23.07692308,1
7758,125,0,125,64,32,32,0,50.00000000,1
7759,125,0,125,82,20,62,0,24.39024390,1
7760,405,0,405,58,32,26,0,55.17241379,1
7761,375,0,375,56,16,40,0,28.57142857,1
7762,225,0,225,60,18,42,0,30.00000000,1
7763,315,0,315,58,30,28,0,51.72413793,1
7764,315,0,315,66,24,42,0,36.36363636,1
7765,375,0,375,54,18,36,0,33.33333333,1
7766,225,0,225,62,26,36,0,41.93548387,1
7767,375,0,375,56,26,30,0,46.42857143,1
7768,225,0,225,62,22,40,0,35.48387097,1
7769,135,0,135,64,28,36,0,43.75000000,1
7770,135,0,135,54,22,32,0,40.74074074,1
7771,375,0,375,54,24,30,0,44.44444444,1
7772,243,0,243,142,78,64,0,54.92957746,1
7773,525,0,525,54,26,28,0,48.14814815,1
7774,135,0,135,56,20,36,0,35.71428571,1
7775,225,0,225,70,26,44,0,37.14285714,1
7776,225,0,225,60,20,40,0,33.33333333,1
7777,125,0,125,56,14,42,0,25.00000000,1
7778,135,0,135,70,30,40,0,42.85714286,1
7779,189,0,189,62,24,38,0,38.70967742,1
7780,225,0,225,68,30,38,0,44.11764706,1
7781,125,0,125,70,36,34,0,51.42857143,1
7782,225,0,225,66,26,40,0,39.39393939,1
7783,375,0,375,50,16,34,0,32.00000000,1
7784,315,0,315,62,32,30,0,51.61290323,1
7785,225,0,225,70,22,48,0,31.42857143,1
7786,315,0,315,64,20,44,0,31.25000000,1
7787,189,0,189,44,24,20,0,54.54545455,1
7788,105,0,105,54,16,38,0,29.62962963,1
7789,189,0,189,44,10,34,0,22.72727273,1
7790,243,0,243,72,28,44,0,38.88888889,1
7791,315,0,315,64,28,36,0,43.75000000,1
7792,189,0,189,60,22,38,0,36.66666667,1
7793,175,0,175,56,32,24,0,57.14285714,1
7794,375,0,375,62,24,38,0,38.70967742,1
7795,243,0,243,64,32,32,0,50.00000000,1
7796,315,0,315,58,36,22,0,62.06896552,1
7797,225,0,225,62,24,38,0,38.70967742,1
7798,225,0,225,62,22,40,0,35.48387097,1
7799,225,0,225,68,24,44,0,35.29411765,1
7800,189,0,189,60,22,38,0,36.66666667,1
7801,625,0,625,52,20,32,0,38.46153846,1
7802,225,0,225,66,22,44,0,33.33333333,1
7803,315,0,315,56,18,38,0,32.14285714,1
7804,135,0,135,70,32,38,0,45.71428571,1
7805,315,0,315,64,26,38,0,40.62500000,1
7806,225,0,225,68,26,42,0,38.23529412,1
7807,375,0,375,62,24,38,0,38.70967742,1
7808,225,0,225,62,28,34,0,45.16129032,1
7809,175,0,175,68,34,34,0,50.00000000,1
7810,135,0,135,54,30,24,0,55.55555556,1
7811,225,0,225,62,16,46,0,25.80645161,1
7812,315,0,315,70,32,38,0,45.71428571,1
7813,375,0,375,58,26,32,0,44.82758621,1
7814,105,0,105,54,12,42,0,22.22222222,1
7815,315,0,315,58,26,32,0,44.82758621,1
7816,315,0,315,56,22,34,0,39.28571429,1
7817,189,0,189,64,20,44,0,31.25000000,1
7818,375,0,375,56,20,36,0,35.71428571,1
7819,315,0,315,60,16,44,0,26.66666667,1
7820,315,0,315,52,24,28,0,46.15384615,1
7821,225,0,225,60,26,34,0,43.33333333,1
7822,243,0,243,54,26,28,0,48.14814815,1
7823,225,0,225,62,24,38,0,38.70967742,1
7824,243,0,243,76,28,48,0,36.84210526,1
7825,225,0,225,60,18,42,0,30.00000000,1
7826,105,0,105,58,34,24,0,58.62068966,1
7827,225,0,225,58,22,36,0,37.93103448,1
7828,225,0,225,62,22,40,0,35.48387097,1
7829,315,0,315,54,12,42,0,22.22222222,1
7830,225,0,225,66,26,40,0,39.39393939,1
7831,225,0,225,70,26,44,0,37.14285714,1
7832,315,0,315,54,26,28,0,48.14814815,1
7833,375,0,375,62,24,38,0,38.70967742,1
7834,225,0,225,76,26,50,0,34.21052632,1
7835,125,0,125,48,26,22,0,54.16666667,1
7836,225,0,225,54,22,32,0,40.74074074,1
7837,225,0,225,58,26,32,0,44.82758621,1
7838,225,0,225,62,24,38,0,38.70967742,1
7839,225,0,225,58,28,30,0,48.27586207,1
7840,189,0,189,64,20,44,0,31.25000000,1
7841,315,0,315,62,24,38,0,38.70967742,1
7842,225,0,225,56,24,32,0,42.85714286,1
7843,225,0,225,64,26,38,0,40.62500000,1
7844,225,0,225,70,26,44,0,37.14285714,1
7845,225,0,225,62,26,36,0,41.93548387,1
7846,405,0,405,58,14,44,0,24.13793103,1
7847,135,0,135,78,16,62,0,20.51282051,1
7848,135,0,135,62,20,42,0,32.25806452,1
7849,297,0,297,62,20,42,0,32.25806452,1
7850,375,0,375,64,26,38,0,40.62500000,1
7851,375,0,375,66,28,38,0,42.42424242,1
7852,225,0,225,66,22,44,0,33.33333333,1
7853,315,0,315,160,78,82,0,48.75000000,1
7854,297,0,297,72,22,50,0,30.55555556,1
7855,225,0,225,62,24,38,0,38.70967742,1
7856,375,0,375,62,26,36,0,41.93548387,1
7857,135,0,135,64,26,38,0,40.62500000,1
7858,375,0,375,62,26,36,0,41.93548387,1
7859,225,0,225,60,18,42,0,30.00000000,1
7860,441,0,441,56,14,42,0,25.00000000,1
7861,225,0,225,64,26,38,0,40.62500000,1
7862,375,0,375,60,28,32,0,46.66666667,1
7863,225,0,225,62,22,40,0,35.48387097,1
7864,225,0,225,70,24,46,0,34.28571429,1
7865,375,0,375,62,22,40,0,35.48387097,1
7866,135,0,135,60,26,34,0,43.33333333,1
7867,225,0,225,60,18,42,0,30.00000000,1
7868,225,0,225,60,24,36,0,40.00000000,1
7869,225,0,225,68,28,40,0,41.17647059,1
7870,225,0,225,64,26,38,0,40.62500000,1
7871,225,0,225,68,26,42,0,38.23529412,1
7872,135,0,135,62,24,38,0,38.70967742,1
7873,125,0,125,74,36,38,0,48.64864865,1
7874,243,0,243,72,26,46,0,36.11111111,1
7875,315,0,315,56,26,30,0,46.42857143,1
7876,135,0,135,62,28,34,0,45.16129032,1
7877,315,0,315,64,24,40,0,37.50000000,1
7878,225,0,225,62,24,38,0,38.70967742,1
7879,225,0,225,64,26,38,0,40.62500000,1
7880,125,0,125,56,14,42,0,25.00000000,1
7881,225,0,225,64,24,40,0,37.50000000,1
7882,225,0,225,62,24,38,0,38.70967742,1
7883,375,0,375,56,20,36,0,35.71428571,1
7884,175,0,175,72,16,56,0,22.22222222,1
7885,225,0,225,68,28,40,0,41.17647059,1
7886,225,0,225,62,22,40,0,35.48387097,1
7887,81,0,81,54,14,40,0,25.92592593,1
7888,225,0,225,66,24,42,0,36.36363636,1
7889,375,0,375,56,16,40,0,28.57142857,1
7890,225,0,225,56,20,36,0,35.71428571,1
7891,225,0,225,58,22,36,0,37.93103448,1
7892,189,0,189,70,24,46,0,34.28571429,1
7893,225,0,225,64,26,38,0,40.62500000,1
7894,375,0,375,60,20,40,0,33.33333333,1
7895,225,0,225,58,20,38,0,34.48275862,1
7896,315,0,315,58,14,44,0,24.13793103,1
7897,135,0,135,96,48,48,0,50.00000000,1
7898,225,0,225,68,22,46,0,32.35294118,1
7899,135,0,135,66,30,36,0,45.45454545,1
7900,165,0,165,74,42,32,0,56.75675676,1
7901,125,0,125,54,28,26,0,51.85185185,1
7902,225,0,225,64,20,44,0,31.25000000,1
7903,225,0,225,64,24,40,0,37.50000000,1
7904,147,0,147,52,34,18,0,65.38461538,1
7905,245,0,245,98,56,42,0,57.14285714,1
7906,225,0,225,66,22,44,0,33.33333333,1
7907,135,0,135,72,16,56,0,22.22222222,1
7908,243,0,243,60,22,38,0,36.66666667,1
7909,135,0,135,60,22,38,0,36.66666667,1
7910,225,0,225,62,18,44,0,29.03225806,1
7911,315,0,315,62,18,44,0,29.03225806,1
7912,135,0,135,64,20,44,0,31.25000000,1
7913,315,0,315,52,26,26,0,50.00000000,1
7914,195,0,195,74,46,28,0,62.16216216,1
7915,225,0,225,60,24,36,0,40.00000000,1
7916,225,0,225,64,26,38,0,40.62500000,1
7917,125,0,125,62,30,32,0,48.38709677,1
7918,189,0,189,62,24,38,0,38.70967742,1
7919,315,0,315,52,14,38,0,26.92307692,1
7920,225,0,225,58,24,34,0,41.37931034,1
7921,315,0,315,56,28,28,0,50.00000000,1
7922,245,0,245,84,42,42,0,50.00000000,1
7923,375,0,375,54,26,28,0,48.14814815,1
7924,375,0,375,60,24,36,0,40.00000000,1
7925,189,0,189,60,24,36,0,40.00000000,1
7926,225,0,225,62,20,42,0,32.25806452,1
7927,225,0,225,68,26,42,0,38.23529412,1
7928,135,0,135,66,30,36,0,45.45454545,1
7929,375,0,375,60,20,40,0,33.33333333,1
7930,225,0,225,64,20,44,0,31.25000000,1
7931,171,0,171,46,10,36,0,21.73913043,1
7932,225,0,225,56,22,34,0,39.28571429,1
7933,225,0,225,70,24,46,0,34.28571429,1
7934,135,0,135,68,30,38,0,44.11764706,1
7935,225,0,225,64,24,40,0,37.50000000,1
7936,225,0,225,70,24,46,0,34.28571429,1
7937,315,0,315,64,18,46,0,28.12500000,1
7938,225,0,225,62,22,40,0,35.48387097,1
7939,375,0,375,50,28,22,0,56.00000000,1
7940,315,0,315,58,12,46,0,20.68965517,1
7941,165,0,165,64,28,36,0,43.75000000,1
7942,375,0,375,60,18,42,0,30.00000000,1
7943,189,0,189,60,26,34,0,43.33333333,1
7944,135,0,135,64,18,46,0,28.12500000,1
7945,225,0,225,70,22,48,0,31.42857143,1
7946,225,0,225,62,20,42,0,32.25806452,1
7947,135,0,135,64,28,36,0,43.75000000,1
7948,225,0,225,54,28,26,0,51.85185185,1
7949,175,0,175,86,22,64,0,25.58139535,1
7950,225,0,225,60,24,36,0,40.00000000,1
7951,375,0,375,54,20,34,0,37.03703704,1
7952,135,0,135,64,22,42,0,34.37500000,1
7953,225,0,225,54,22,32,0,40.74074074,1
7954,375,0,375,64,22,42,0,34.37500000,1
7955,315,0,315,60,18,42,0,30.00000000,1
7956,225,0,225,56,20,36,0,35.71428571,1
7957,147,0,147,74,36,38,0,48.64864865,1
7958,225,0,225,64,22,42,0,34.37500000,1
7959,195,0,195,42,12,30,0,28.57142857,1
7960,375,0,375,54,24,30,0,44.44444444,1
7961,225,0,225,68,30,38,0,44.11764706,1
7962,315,0,315,64,16,48,0,25.00000000,1
7963,225,0,225,52,10,42,0,19.23076923,1
7964,315,0,315,58,18,40,0,31.03448276,1
7965,315,0,315,60,22,38,0,36.66666667,1
7966,225,0,225,52,12,40,0,23.07692308,1
7967,189,0,189,68,22,46,0,32.35294118,1
7968,375,0,375,62,30,32,0,48.38709677,1
7969,375,0,375,58,30,28,0,51.72413793,1
7970,375,0,375,62,22,40,0,35.48387097,1
7971,315,0,315,64,18,46,0,28.12500000,1
7972,225,0,225,66,28,38,0,42.42424242,1
7973,189,0,189,70,26,44,0,37.14285714,1
7974,225,0,225,64,22,42,0,34.37500000,1
7975,375,0,375,60,22,38,0,36.66666667,1
7976,375,0,375,58,28,30,0,48.27586207,1
7977,225,0,225,60,20,40,0,33.33333333,1
7978,175,0,175,80,20,60,0,25.00000000,1
7979,225,0,225,62,28,34,0,45.16129032,1
7980,375,0,375,60,22,38,0,36.66666667,1
7981,63,0,63,50,14,36,0,28.00000000,1
7982,375,0,375,52,26,26,0,50.00000000,1
7983,189,0,189,58,16,42,0,27.58620690,1
7984,315,0,315,62,20,42,0,32.25806452,1
7985,135,0,135,72,26,46,0,36.11111111,1
7986,225,0,225,48,24,24,0,50.00000000,1
7987,375,0,375,66,28,38,0,42.42424242,1
7988,297,0,297,76,32,44,0,42.10526316,1
7989,315,0,315,60,28,32,0,46.66666667,1
7990,375,0,375,62,22,40,0,35.48387097,1
7991,225,0,225,60,28,32,0,46.66666667,1
7992,225,0,225,60,18,42,0,30.00000000,1
7993,225,0,225,66,28,38,0,42.42424242,1
7994,189,0,189,100,24,76,0,24.00000000,1
7995,189,0,189,50,38,12,0,76.00000000,1
7996,315,0,315,58,20,38,0,34.48275862,1
7997,225,0,225,66,26,40,0,39.39393939,1
7998,135,0,135,64,26,38,0,40.62500000,1
7999,135,0,135,60,22,38,0,36.66666667,1
8000,225,0,225,70,24,46,0,34.28571429,1
8001,315,0,315,56,24,32,0,42.85714286,1
8002,297,0,297,60,16,44,0,26.66666667,1
8003,315,0,315,70,22,48,0,31.42857143,1
8004,225,0,225,52,28,24,0,53.84615385,1
8005,297,0,297,56,28,28,0,50.00000000,1
8006,135,0,135,60,28,32,0,46.66666667,1
8007,225,0,225,64,24,40,0,37.50000000,1
8008,225,0,225,66,30,36,0,45.45454545,1
8009,375,0,375,60,20,40,0,33.33333333,1
8010,189,0,189,62,24,38,0,38.70967742,1
8011,225,0,225,56,14,42,0,25.00000000,1
8012,225,0,225,70,24,46,0,34.28571429,1
8013,405,0,405,54,28,26,0,51.85185185,1
8014,315,0,315,58,20,38,0,34.48275862,1
8015,125,0,125,66,34,32,0,51.51515152,1
8016,225,0,225,62,22,40,0,35.48387097,1
8017,189,0,189,64,24,40,0,37.50000000,1
8018,147,0,147,62,20,42,0,32.25806452,1
8019,315,0,315,68,28,40,0,41.17647059,1
8020,225,0,225,60,24,36,0,40.00000000,1
8021,375,0,375,52,14,38,0,26.92307692,1
8022,245,0,245,82,18,64,0,21.95121951,1
8023,315,0,315,56,22,34,0,39.28571429,1
8024,375,0,375,56,24,32,0,42.85714286,1
8025,135,0,135,66,26,40,0,39.39393939,1
8026,375,0,375,62,18,44,0,29.03225806,1
8027,405,0,405,42,24,18,0,57.14285714,1
8028,135,0,135,64,24,40,0,37.50000000,1
8029,225,0,225,60,18,42,0,30.00000000,1
8030,225,0,225,52,16,36,0,30.76923077,1
8031,105,0,105,62,16,46,0,25.80645161,1
8032,189,0,189,66,26,40,0,39.39393939,1
8033,135,0,135,56,28,28,0,50.00000000,1
8034,225,0,225,68,26,42,0,38.23529412,1
8035,225,0,225,60,20,40,0,33.33333333,1
8036,225,0,225,66,28,38,0,42.42424242,1
8037,225,0,225,60,20,40,0,33.33333333,1
8038,315,0,315,62,22,40,0,35.48387097,1
8039,105,0,105,62,16,46,0,25.80645161,1
8040,315,0,315,56,18,38,0,32.14285714,1
8041,375,0,375,60,22,38,0,36.66666667,1
8042,225,0,225,58,22,36,0,37.93103448,1
8043,375,0,375,64,28,36,0,43.75000000,1
8044,315,0,315,50,28,22,0,56.00000000,1
8045,225,0,225,54,14,40,0,25.92592593,1
8046,175,0,175,82,42,40,0,51.21951220,1
8047,225,0,225,58,20,38,0,34.48275862,1
8048,243,0,243,60,14,46,0,23.33333333,1
8049,225,0,225,68,26,42,0,38.23529412,1
8050,135,0,135,62,24,38,0,38.70967742,1
8051,375,0,375,60,26,34,0,43.33333333,1
8052,135,0,135,60,26,34,0,43.33333333,1
8053,135,0,135,58,24,34,0,41.37931034,1
8054,135,0,135,58,20,38,0,34.48275862,1
8055,225,0,225,70,26,44,0,37.14285714,1
8056,225,0,225,66,24,42,0,36.36363636,1
8057,225,0,225,72,24,48,0,33.33333333,1
8058,135,0,135,66,26,40,0,39.39393939,1
8059,225,0,225,72,30,42,0,41.66666667,1
8060,225,0,225,58,28,30,0,48.27586207,1
8061,375,0,375,64,20,44,0,31.25000000,1
8062,225,0,225,58,26,32,0,44.82758621,1
8063,243,0,243,58,26,32,0,44.82758621,1
8064,225,0,225,70,28,42,0,40.00000000,1
8065,189,0,189,66,26,40,0,39.39393939,1
8066,315,0,315,58,14,44,0,24.13793103,1
8067,105,0,105,64,14,50,0,21.87500000,1
8068,81,0,81,54,28,26,0,51.85185185,1
8069,225,0,225,60,22,38,0,36.66666667,1
8070,225,0,225,66,22,44,0,33.33333333,1
8071,225,0,225,66,24,42,0,36.36363636,1
8072,225,0,225,64,22,42,0,34.37500000,1
8073,225,0,225,58,28,30,0,48.27586207,1
8074,225,0,225,56,20,36,0,35.71428571,1
8075,189,0,189,66,28,38,0,42.42424242,1
8076,81,0,81,56,16,40,0,28.57142857,1
8077,225,0,225,50,24,26,0,48.00000000,1
8078,405,0,405,48,10,38,0,20.83333333,1
8079,189,0,189,68,28,40,0,41.17647059,1
8080,125,0,125,60,20,40,0,33.33333333,1
8081,225,0,225,60,26,34,0,43.33333333,1
8082,315,0,315,110,34,76,0,30.90909091,1
8083,225,0,225,62,18,44,0,29.03225806,1
8084,225,0,225,62,26,36,0,41.93548387,1
8085,189,0,189,68,26,42,0,38.23529412,1
8086,225,0,225,74,26,48,0,35.13513514,1
8087,225,0,225,62,16,46,0,25.80645161,1
8088,225,0,225,70,30,40,0,42.85714286,1
8089,189,0,189,70,28,42,0,40.00000000,1
8090,375,0,375,62,26,36,0,41.93548387,1
8091,231,0,231,108,54,54,0,50.00000000,1
8092,125,0,125,58,12,46,0,20.68965517,1
8093,135,0,135,66,22,44,0,33.33333333,1
8094,135,0,135,54,22,32,0,40.74074074,1
8095,375,0,375,66,28,38,0,42.42424242,1
8096,315,0,315,62,28,34,0,45.16129032,1
8097,189,0,189,68,24,44,0,35.29411765,1
8098,231,0,231,80,24,56,0,30.00000000,1
8099,135,0,135,64,24,40,0,37.50000000,1
8100,315,0,315,66,26,40,0,39.39393939,1
8101,225,0,225,64,24,40,0,37.50000000,1
8102,315,0,315,62,18,44,0,29.03225806,1
8103,225,0,225,62,24,38,0,38.70967742,1
8104,315,0,315,56,18,38,0,32.14285714,1
8105,135,0,135,64,22,42,0,34.37500000,1
8106,315,0,315,54,14,40,0,25.92592593,1
8107,225,0,225,60,24,36,0,40.00000000,1
8108,189,0,189,64,24,40,0,37.50000000,1
8109,225,0,225,64,22,42,0,34.37500000,1
8110,225,0,225,62,26,36,0,41.93548387,1
8111,225,0,225,58,22,36,0,37.93103448,1
8112,225,0,225,62,28,34,0,45.16129032,1
8113,225,0,225,56,28,28,0,50.00000000,1
8114,225,0,225,52,16,36,0,30.76923077,1
8115,225,0,225,56,22,34,0,39.28571429,1
8116,105,0,105,68,20,48,0,29.41176471,1
8117,375,0,375,66,26,40,0,39.39393939,1
8118,135,0,135,62,24,38,0,38.70967742,1
8119,225,0,225,58,22,36,0,37.93103448,1
8120,225,0,225,56,24,32,0,42.85714286,1
8121,225,0,225,66,28,38,0,42.42424242,1
8122,441,0,441,54,18,36,0,33.33333333,1
8123,225,0,225,64,20,44,0,31.25000000,1
8124,315,0,315,74,28,46,0,37.83783784,1
8125,225,0,225,64,26,38,0,40.62500000,1
8126,225,0,225,66,26,40,0,39.39393939,1
8127,225,0,225,66,22,44,0,33.33333333,1
8128,147,0,147,40,10,30,0,25.00000000,1
8129,225,0,225,60,22,38,0,36.66666667,1
8130,225,0,225,66,26,40,0,39.39393939,1
8131,225,0,225,56,24,32,0,42.85714286,1
8132,175,0,175,62,16,46,0,25.80645161,1
8133,135,0,135,70,34,36,0,48.57142857,1
8134,225,0,225,60,26,34,0,43.33333333,1
8135,189,0,189,66,26,40,0,39.39393939,1
8136,297,0,297,76,32,44,0,42.10526316,1
8137,189,0,189,58,26,32,0,44.82758621,1
8138,135,0,135,66,16,50,0,24.24242424,1
8139,135,0,135,66,28,38,0,42.42424242,1
8140,225,0,225,58,28,30,0,48.27586207,1
8141,225,0,225,54,16,38,0,29.62962963,1
8142,225,0,225,52,16,36,0,30.76923077,1
8143,315,0,315,56,14,42,0,25.00000000,1
8144,225,0,225,62,24,38,0,38.70967742,1
8145,135,0,135,60,22,38,0,36.66666667,1
8146,125,0,125,52,28,24,0,53.84615385,1
8147,315,0,315,52,16,36,0,30.76923077,1
8148,225,0,225,62,28,34,0,45.16129032,1
8149,225,0,225,70,24,46,0,34.28571429,1
8150,225,0,225,70,30,40,0,42.85714286,1
8151,405,0,405,62,28,34,0,45.16129032,1
8152,225,0,225,62,24,38,0,38.70967742,1
8153,135,0,135,70,28,42,0,40.00000000,1
8154,225,0,225,68,24,44,0,35.29411765,1
8155,375,0,375,62,24,38,0,38.70967742,1
8156,189,0,189,72,26,46,0,36.11111111,1
8157,147,0,147,64,34,30,0,53.12500000,1
8158,225,0,225,72,24,48,0,33.33333333,1
8159,225,0,225,64,28,36,0,43.75000000,1
8160,189,0,189,62,16,46,0,25.80645161,1
8161,225,0,225,60,24,36,0,40.00000000,1
8162,315,0,315,64,24,40,0,37.50000000,1
8163,225,0,225,66,26,40,0,39.39393939,1
8164,225,0,225,60,22,38,0,36.66666667,1
8165,225,0,225,66,26,40,0,39.39393939,1
8166,225,0,225,60,24,36,0,40.00000000,1
8167,225,0,225,78,30,48,0,38.46153846,1
8168,225,0,225,68,24,44,0,35.29411765,1
8169,175,0,175,66,18,48,0,27.27272727,1
8170,105,0,105,70,32,38,0,45.71428571,1
8171,225,0,225,70,26,44,0,37.14285714,1
8172,225,0,225,64,30,34,0,46.87500000,1
8173,225,0,225,64,26,38,0,40.62500000,1
8174,225,0,225,58,26,32,0,44.82758621,1
8175,225,0,225,66,26,40,0,39.39393939,1
8176,525,0,525,48,22,26,0,45.83333333,1
8177,225,0,225,70,34,36,0,48.57142857,1
8178,243,0,243,60,28,32,0,46.66666667,1
8179,375,0,375,54,14,40,0,25.92592593,1
8180,135,0,135,68,24,44,0,35.29411765,1
8181,125,0,125,78,18,60,0,23.07692308,1
8182,225,0,225,62,18,44,0,29.03225806,1
8183,375,0,375,54,20,34,0,37.03703704,1
8184,375,0,375,58,24,34,0,41.37931034,1
8185,225,0,225,62,26,36,0,41.93548387,1
8186,375,0,375,62,28,34,0,45.16129032,1
8187,375,0,375,64,20,44,0,31.25000000,1
8188,315,0,315,62,24,38,0,38.70967742,1
8189,105,0,105,58,14,44,0,24.13793103,1
8190,243,0,243,62,28,34,0,45.16129032,1
8191,105,0,105,50,20,30,0,40.00000000,1
8192,135,0,135,88,24,64,0,27.27272727,1
8193,189,0,189,62,28,34,0,45.16129032,1
8194,375,0,375,62,28,34,0,45.16129032,1
8195,225,0,225,64,26,38,0,40.62500000,1
8196,225,0,225,66,30,36,0,45.45454545,1
8197,225,0,225,62,28,34,0,45.16129032,1
8198,315,0,315,54,18,36,0,33.33333333,1
8199,225,0,225,60,28,32,0,46.66666667,1
8200,245,0,245,90,22,68,0,24.44444444,1
8201,375,0,375,62,18,44,0,29.03225806,1
8202,225,0,225,64,24,40,0,37.50000000,1
8203,225,0,225,60,24,36,0,40.00000000,1
8204,135,0,135,62,24,38,0,38.70967742,1
8205,375,0,375,58,28,30,0,48.27586207,1
8206,225,0,225,68,30,38,0,44.11764706,1
8207,315,0,315,56,16,40,0,28.57142857,1
8208,375,0,375,54,18,36,0,33.33333333,1
8209,375,0,375,68,30,38,0,44.11764706,1
8210,225,0,225,60,20,40,0,33.33333333,1
8211,189,0,189,66,26,40,0,39.39393939,1
8212,225,0,225,62,20,42,0,32.25806452,1
8213,225,0,225,58,22,36,0,37.93103448,1
8214,135,0,135,54,18,36,0,33.33333333,1
8215,315,0,315,62,24,38,0,38.70967742,1
8216,135,0,135,62,24,38,0,38.70967742,1
8217,243,0,243,64,34,30,0,53.12500000,1
8218,225,0,225,64,26,38,0,40.62500000,1
8219,225,0,225,58,30,28,0,51.72413793,1
8220,375,0,375,60,24,36,0,40.00000000,1
8221,351,0,351,74,34,40,0,45.94594595,1
8222,225,0,225,66,26,40,0,39.39393939,1
8223,297,0,297,68,30,38,0,44.11764706,1
8224,135,0,135,60,24,36,0,40.00000000,1
8225,375,0,375,60,20,40,0,33.33333333,1
8226,175,0,175,66,18,48,0,27.27272727,1
8227,225,0,225,64,28,36,0,43.75000000,1
8228,135,0,135,70,26,44,0,37.14285714,1
8229,375,0,375,60,20,40,0,33.33333333,1
8230,225,0,225,66,22,44,0,33.33333333,1
8231,105,0,105,64,16,48,0,25.00000000,1
8232,225,0,225,66,26,40,0,39.39393939,1
8233,375,0,375,62,22,40,0,35.48387097,1
8234,315,0,315,58,14,44,0,24.13793103,1
8235,175,0,175,76,18,58,0,23.68421053,1
8236,225,0,225,60,24,36,0,40.00000000,1
8237,225,0,225,62,32,30,0,51.61290323,1
8238,189,0,189,72,30,42,0,41.66666667,1
8239,375,0,375,66,20,46,0,30.30303030,1
8240,225,0,225,62,24,38,0,38.70967742,1
8241,135,0,135,60,16,44,0,26.66666667,1
8242,351,0,351,58,26,32,0,44.82758621,1
8243,375,0,375,64,18,46,0,28.12500000,1
8244,225,0,225,62,22,40,0,35.48387097,1
8245,375,0,375,64,24,40,0,37.50000000,1
8246,135,0,135,64,24,40,0,37.50000000,1
8247,375,0,375,58,20,38,0,34.48275862,1
8248,125,0,125,56,24,32,0,42.85714286,1
8249,315,0,315,62,30,32,0,48.38709677,1
8250,525,0,525,52,24,28,0,46.15384615,1
8251,175,0,175,84,20,64,0,23.80952381,1
8252,105,0,105,58,30,28,0,51.72413793,1
8253,135,0,135,68,26,42,0,38.23529412,1
8254,135,0,135,66,24,42,0,36.36363636,1
8255,125,0,125,70,16,54,0,22.85714286,1
8256,375,0,375,60,20,40,0,33.33333333,1
8257,125,0,125,78,38,40,0,48.71794872,1
8258,225,0,225,64,24,40,0,37.50000000,1
8259,189,0,189,98,28,70,0,28.57142857,1
8260,375,0,375,60,22,38,0,36.66666667,1
8261,225,0,225,66,24,42,0,36.36363636,1
8262,225,0,225,64,28,36,0,43.75000000,1
8263,225,0,225,46,20,26,0,43.47826087,1
8264,315,0,315,56,16,40,0,28.57142857,1
8265,375,0,375,64,24,40,0,37.50000000,1
8266,225,0,225,64,22,42,0,34.37500000,1
8267,225,0,225,68,28,40,0,41.17647059,1
8268,225,0,225,60,26,34,0,43.33333333,1
8269,225,0,225,64,26,38,0,40.62500000,1
8270,225,0,225,60,18,42,0,30.00000000,1
8271,225,0,225,68,24,44,0,35.29411765,1
8272,495,0,495,36,12,24,0,33.33333333,1
8273,175,0,175,78,40,38,0,51.28205128,1
8274,315,0,315,48,30,18,0,62.50000000,1
8275,135,0,135,64,20,44,0,31.25000000,1
8276,225,0,225,68,30,38,0,44.11764706,1
8277,147,0,147,64,18,46,0,28.12500000,1
8278,105,0,105,56,28,28,0,50.00000000,1
8279,135,0,135,58,20,38,0,34.48275862,1
8280,225,0,225,64,24,40,0,37.50000000,1
8281,225,0,225,66,24,42,0,36.36363636,1
8282,315,0,315,56,16,40,0,28.57142857,1
8283,315,0,315,54,18,36,0,33.33333333,1
8284,135,0,135,64,26,38,0,40.62500000,1
8285,105,0,105,66,36,30,0,54.54545455,1
8286,375,0,375,62,20,42,0,32.25806452,1
8287,315,0,315,68,28,40,0,41.17647059,1
8288,375,0,375,64,22,42,0,34.37500000,1
8289,315,0,315,62,24,38,0,38.70967742,1
8290,225,0,225,64,24,40,0,37.50000000,1
8291,315,0,315,60,18,42,0,30.00000000,1
8292,189,0,189,68,28,40,0,41.17647059,1
8293,315,0,315,62,28,34,0,45.16129032,1
8294,225,0,225,54,20,34,0,37.03703704,1
8295,225,0,225,64,24,40,0,37.50000000,1
8296,315,0,315,46,28,18,0,60.86956522,1
8297,375,0,375,62,20,42,0,32.25806452,1
8298,225,0,225,62,32,30,0,51.61290323,1
8299,375,0,375,56,20,36,0,35.71428571,1
8300,225,0,225,66,18,48,0,27.27272727,1
8301,375,0,375,56,28,28,0,50.00000000,1
8302,225,0,225,52,26,26,0,50.00000000,1
8303,225,0,225,64,28,36,0,43.75000000,1
8304,225,0,225,56,18,38,0,32.14285714,1
8305,225,0,225,66,28,38,0,42.42424242,1
8306,225,0,225,56,26,30,0,46.42857143,1
8307,105,0,105,52,28,24,0,53.84615385,1
8308,315,0,315,64,24,40,0,37.50000000,1
8309,189,0,189,66,28,38,0,42.42424242,1
8310,315,0,315,62,30,32,0,48.38709677,1
8311,375,0,375,70,32,38,0,45.71428571,1
8312,135,0,135,62,24,38,0,38.70967742,1
8313,225,0,225,58,14,44,0,24.13793103,1
8314,225,0,225,64,24,40,0,37.50000000,1
8315,189,0,189,68,28,40,0,41.17647059,1
8316,189,0,189,60,22,38,0,36.66666667,1
8317,225,0,225,62,22,40,0,35.48387097,1
8318,225,0,225,68,26,42,0,38.23529412,1
8319,135,0,135,62,20,42,0,32.25806452,1
8320,189,0,189,70,24,46,0,34.28571429,1
8321,105,0,105,62,32,30,0,51.61290323,1
8322,225,0,225,66,24,42,0,36.36363636,1
8323,225,0,225,60,22,38,0,36.66666667,1
8324,135,0,135,66,22,44,0,33.33333333,1
8325,225,0,225,58,18,40,0,31.03448276,1
8326,261,0,261,34,2,32,0,5.88235294,1
8327,225,0,225,64,20,44,0,31.25000000,1
8328,175,0,175,56,14,42,0,25.00000000,1
8329,225,0,225,58,26,32,0,44.82758621,1
8330,315,0,315,50,14,36,0,28.00000000,1
8331,135,0,135,64,26,38,0,40.62500000,1
8332,225,0,225,66,24,42,0,36.36363636,1
8333,189,0,189,64,32,32,0,50.00000000,1
8334,225,0,225,52,18,34,0,34.61538462,1
8335,189,0,189,70,28,42,0,40.00000000,1
8336,135,0,135,58,14,44,0,24.13793103,1
8337,135,0,135,66,30,36,0,45.45454545,1
8338,225,0,225,60,26,34,0,43.33333333,1
8339,315,0,315,56,12,44,0,21.42857143,1
8340,105,0,105,58,18,40,0,31.03448276,1
8341,225,0,225,58,22,36,0,37.93103448,1
8342,135,0,135,64,22,42,0,34.37500000,1
8343,375,0,375,64,24,40,0,37.50000000,1
8344,315,0,315,52,16,36,0,30.76923077,1
8345,225,0,225,62,24,38,0,38.70967742,1
8346,225,0,225,62,18,44,0,29.03225806,1
8347,225,0,225,58,20,38,0,34.48275862,1
8348,225,0,225,66,26,40,0,39.39393939,1
8349,375,0,375,66,22,44,0,33.33333333,1
8350,225,0,225,64,22,42,0,34.37500000,1
8351,315,0,315,68,24,44,0,35.29411765,1
8352,189,0,189,62,22,40,0,35.48387097,1
8353,225,0,225,54,18,36,0,33.33333333,1
8354,189,0,189,66,26,40,0,39.39393939,1
8355,225,0,225,64,20,44,0,31.25000000,1
8356,315,0,315,62,20,42,0,32.25806452,1
8357,225,0,225,72,24,48,0,33.33333333,1
8358,105,0,105,54,30,24,0,55.55555556,1
8359,125,0,125,54,14,40,0,25.92592593,1
8360,315,0,315,54,30,24,0,55.55555556,1
8361,105,0,105,60,28,32,0,46.66666667,1
8362,375,0,375,50,24,26,0,48.00000000,1
8363,135,0,135,66,18,48,0,27.27272727,1
8364,135,0,135,62,24,38,0,38.70967742,1
8365,315,0,315,54,18,36,0,33.33333333,1
8366,225,0,225,60,26,34,0,43.33333333,1
8367,225,0,225,62,20,42,0,32.25806452,1
8368,135,0,135,60,28,32,0,46.66666667,1
8369,225,0,225,58,22,36,0,37.93103448,1
8370,625,0,625,54,26,28,0,48.14814815,1
8371,75,0,75,54,18,36,0,33.33333333,1
8372,135,0,135,66,24,42,0,36.36363636,1
8373,135,0,135,62,20,42,0,32.25806452,1
8374,225,0,225,60,22,38,0,36.66666667,1
8375,225,0,225,64,24,40,0,37.50000000,1
8376,225,0,225,62,24,38,0,38.70967742,1
8377,315,0,315,56,14,42,0,25.00000000,1
8378,225,0,225,58,22,36,0,37.93103448,1
8379,135,0,135,66,26,40,0,39.39393939,1
8380,225,0,225,66,26,40,0,39.39393939,1
8381,375,0,375,64,24,40,0,37.50000000,1
8382,351,0,351,58,12,46,0,20.68965517,1
8383,351,0,351,56,22,34,0,39.28571429,1
8384,189,0,189,74,32,42,0,43.24324324,1
8385,175,0,175,92,22,70,0,23.91304348,1
8386,189,0,189,64,20,44,0,31.25000000,1
8387,225,0,225,70,24,46,0,34.28571429,1
8388,315,0,315,56,22,34,0,39.28571429,1
8389,105,0,105,60,34,26,0,56.66666667,1
8390,189,0,189,62,24,38,0,38.70967742,1
8391,625,0,625,56,18,38,0,32.14285714,1
8392,297,0,297,56,30,26,0,53.57142857,1
8393,405,0,405,56,18,38,0,32.14285714,1
8394,225,0,225,68,22,46,0,32.35294118,1
8395,225,0,225,56,28,28,0,50.00000000,1
8396,135,0,135,66,20,46,0,30.30303030,1
8397,315,0,315,62,20,42,0,32.25806452,1
8398,375,0,375,60,22,38,0,36.66666667,1
8399,243,0,243,52,12,40,0,23.07692308,1
8400,243,0,243,70,28,42,0,40.00000000,1
8401,105,0,105,66,14,52,0,21.21212121,1
8402,225,0,225,62,24,38,0,38.70967742,1
8403,225,0,225,58,20,38,0,34.48275862,1
8404,175,0,175,58,28,30,0,48.27586207,1
8405,189,0,189,60,24,36,0,40.00000000,1
8406,225,0,225,66,28,38,0,42.42424242,1
8407,225,0,225,64,24,40,0,37.50000000,1
8408,225,0,225,64,26,38,0,40.62500000,1
8409,243,0,243,54,16,38,0,29.62962963,1
8410,225,0,225,62,22,40,0,35.48387097,1
8411,225,0,225,58,16,42,0,27.58620690,1
8412,315,0,315,58,20,38,0,34.48275862,1
8413,243,0,243,76,6,70,0,7.89473684,1
8414,189,0,189,62,22,40,0,35.48387097,1
8415,225,0,225,66,26,40,0,39.39393939,1
8416,225,0,225,60,20,40,0,33.33333333,1
8417,315,0,315,60,20,40,0,33.33333333,1
8418,135,0,135,54,26,28,0,48.14814815,1
8419,315,0,315,64,26,38,0,40.62500000,1
8420,135,0,135,60,24,36,0,40.00000000,1
8421,135,0,135,40,8,32,0,20.00000000,1
8422,375,0,375,66,24,42,0,36.36363636,1
8423,189,0,189,56,24,32,0,42.85714286,1
8424,175,0,175,62,30,32,0,48.38709677,1
8425,405,0,405,56,30,26,0,53.57142857,1
8426,225,0,225,64,24,40,0,37.50000000,1
8427,243,0,243,52,18,34,0,34.61538462,1
8428,225,0,225,68,22,46,0,32.35294118,1
8429,375,0,375,62,26,36,0,41.93548387,1
8430,105,0,105,60,14,46,0,23.33333333,1
8431,225,0,225,68,28,40,0,41.17647059,1
8432,175,0,175,76,40,36,0,52.63157895,1
8433,175,0,175,68,36,32,0,52.94117647,1
8434,315,0,315,54,14,40,0,25.92592593,1
8435,315,0,315,62,18,44,0,29.03225806,1
8436,225,0,225,64,20,44,0,31.25000000,1
8437,135,0,135,62,26,36,0,41.93548387,1
8438,225,0,225,62,28,34,0,45.16129032,1
8439,225,0,225,58,24,34,0,41.37931034,1
8440,225,0,225,62,24,38,0,38.70967742,1
8441,189,0,189,70,30,40,0,42.85714286,1
8442,297,0,297,66,20,46,0,30.30303030,1
8443,189,0,189,64,20,44,0,31.25000000,1
8444,105,0,105,50,16,34,0,32.00000000,1
8445,315,0,315,60,26,34,0,43.33333333,1
8446,135,0,135,64,26,38,0,40.62500000,1
8447,245,0,245,114,58,56,0,50.87719298,1
8448,225,0,225,68,22,46,0,32.35294118,1
8449,315,0,315,58,28,30,0,48.27586207,1
8450,105,0,105,62,34,28,0,54.83870968,1
8451,225,0,225,64,22,42,0,34.37500000,1
8452,189,0,189,56,16,40,0,28.57142857,1
8453,297,0,297,44,16,28,0,36.36363636,1
8454,81,0,81,54,16,38,0,29.62962963,1
8455,375,0,375,54,24,30,0,44.44444444,1
8456,225,0,225,62,20,42,0,32.25806452,1
8457,375,0,375,64,24,40,0,37.50000000,1
8458,375,0,375,56,20,36,0,35.71428571,1
8459,405,0,405,52,12,40,0,23.07692308,1
8460,315,0,315,66,34,32,0,51.51515152,1
8461,225,0,225,66,28,38,0,42.42424242,1
8462,375,0,375,62,26,36,0,41.93548387,1
8463,225,0,225,66,26,40,0,39.39393939,1
8464,135,0,135,56,24,32,0,42.85714286,1
8465,189,0,189,60,22,38,0,36.66666667,1
8466,225,0,225,66,24,42,0,36.36363636,1
8467,375,0,375,66,26,40,0,39.39393939,1
8468,225,0,225,62,22,40,0,35.48387097,1
8469,189,0,189,48,30,18,0,62.50000000,1
8470,225,0,225,70,26,44,0,37.14285714,1
8471,315,0,315,58,16,42,0,27.58620690,1
8472,225,0,225,54,30,24,0,55.55555556,1
8473,175,0,175,70,16,54,0,22.85714286,1
8474,245,0,245,96,26,70,0,27.08333333,1
8475,225,0,225,66,24,42,0,36.36363636,1
8476,315,0,315,50,16,34,0,32.00000000,1
8477,243,0,243,64,22,42,0,34.37500000,1
8478,105,0,105,58,30,28,0,51.72413793,1
8479,567,0,567,250,126,124,0,50.40000000,1
8480,375,0,375,56,20,36,0,35.71428571,1
8481,405,0,405,52,20,32,0,38.46153846,1
8482,375,0,375,60,26,34,0,43.33333333,1
8483,135,0,135,62,28,34,0,45.16129032,1
8484,225,0,225,56,20,36,0,35.71428571,1
8485,375,0,375,66,28,38,0,42.42424242,1
8486,135,0,135,64,24,40,0,37.50000000,1
8487,225,0,225,58,26,32,0,44.82758621,1
8488,189,0,189,56,24,32,0,42.85714286,1
8489,225,0,225,60,14,46,0,23.33333333,1
8490,315,0,315,64,22,42,0,34.37500000,1
8491,135,0,135,72,22,50,0,30.55555556,1
8492,225,0,225,58,16,42,0,27.58620690,1
8493,225,0,225,64,32,32,0,50.00000000,1
8494,105,0,105,60,14,46,0,23.33333333,1
8495,225,0,225,56,16,40,0,28.57142857,1
8496,189,0,189,54,14,40,0,25.92592593,1
8497,175,0,175,72,14,58,0,19.44444444,1
8498,135,0,135,58,20,38,0,34.48275862,1
8499,375,0,375,62,26,36,0,41.93548387,1
8500,147,0,147,72,34,38,0,47.22222222,1
8501,225,0,225,60,24,36,0,40.00000000,1
8502,135,0,135,66,24,42,0,36.36363636,1
8503,225,0,225,64,22,42,0,34.37500000,1
8504,225,0,225,66,30,36,0,45.45454545,1
8505,225,0,225,62,24,38,0,38.70967742,1
8506,225,0,225,74,28,46,0,37.83783784,1
8507,225,0,225,56,24,32,0,42.85714286,1
8508,225,0,225,58,22,36,0,37.93103448,1
8509,225,0,225,66,20,46,0,30.30303030,1
8510,375,0,375,58,20,38,0,34.48275862,1
8511,225,0,225,68,30,38,0,44.11764706,1
8512,225,0,225,70,26,44,0,37.14285714,1
8513,225,0,225,62,22,40,0,35.48387097,1
8514,375,0,375,56,20,36,0,35.71428571,1
8515,189,0,189,70,28,42,0,40.00000000,1
8516,351,0,351,48,10,38,0,20.83333333,1
8517,225,0,225,62,22,40,0,35.48387097,1
8518,175,0,175,84,44,40,0,52.38095238,1
8519,375,0,375,64,28,36,0,43.75000000,1
8520,135,0,135,72,38,34,0,52.77777778,1
8521,189,0,189,64,30,34,0,46.87500000,1
8522,225,0,225,64,26,38,0,40.62500000,1
8523,243,0,243,64,16,48,0,25.00000000,1
8524,315,0,315,64,18,46,0,28.12500000,1
8525,375,0,375,64,22,42,0,34.37500000,1
8526,189,0,189,66,28,38,0,42.42424242,1
8527,375,0,375,68,28,40,0,41.17647059,1
8528,225,0,225,66,28,38,0,42.42424242,1
8529,135,0,135,66,22,44,0,33.33333333,1
8530,225,0,225,68,22,46,0,32.35294118,1
8531,605,0,605,322,82,240,0,25.46583851,1
8532,225,0,225,60,18,42,0,30.00000000,1
8533,225,0,225,62,20,42,0,32.25806452,1
8534,135,0,135,64,18,46,0,28.12500000,1
8535,81,0,81,58,20,38,0,34.48275862,1
8536,165,0,165,64,16,48,0,25.00000000,1
8537,175,0,175,56,32,24,0,57.14285714,1
8538,315,0,315,64,24,40,0,37.50000000,1
8539,189,0,189,50,18,32,0,36.00000000,1
8540,315,0,315,72,26,46,0,36.11111111,1
8541,225,0,225,60,20,40,0,33.33333333,1
8542,225,0,225,66,18,48,0,27.27272727,1
8543,375,0,375,54,18,36,0,33.33333333,1
8544,315,0,315,56,24,32,0,42.85714286,1
8545,225,0,225,64,24,40,0,37.50000000,1
8546,135,0,135,68,22,46,0,32.35294118,1
8547,375,0,375,64,24,40,0,37.50000000,1
8548,225,0,225,64,22,42,0,34.37500000,1
8549,243,0,243,54,26,28,0,48.14814815,1
8550,225,0,225,56,24,32,0,42.85714286,1
8551,375,0,375,58,20,38,0,34.48275862,1
8552,189,0,189,44,8,36,0,18.18181818,1
8553,225,0,225,70,22,48,0,31.42857143,1
8554,225,0,225,60,20,40,0,33.33333333,1
8555,105,0,105,52,26,26,0,50.00000000,1
8556,225,0,225,58,20,38,0,34.48275862,1
8557,225,0,225,58,26,32,0,44.82758621,1
8558,225,0,225,64,26,38,0,40.62500000,1
8559,225,0,225,66,22,44,0,33.33333333,1
8560,175,0,175,76,34,42,0,44.73684211,1
8561,225,0,225,60,20,40,0,33.33333333,1
8562,375,0,375,62,24,38,0,38.70967742,1
8563,135,0,135,60,22,38,0,36.66666667,1
8564,135,0,135,62,24,38,0,38.70967742,1
8565,189,0,189,58,26,32,0,44.82758621,1
8566,225,0,225,60,22,38,0,36.66666667,1
8567,225,0,225,58,26,32,0,44.82758621,1
8568,189,0,189,62,20,42,0,32.25806452,1
8569,225,0,225,58,22,36,0,37.93103448,1
8570,225,0,225,64,20,44,0,31.25000000,1
8571,225,0,225,64,20,44,0,31.25000000,1
8572,405,0,405,62,16,46,0,25.80645161,1
8573,375,0,375,58,18,40,0,31.03448276,1
8574,225,0,225,58,26,32,0,44.82758621,1
8575,225,0,225,70,30,40,0,42.85714286,1
8576,225,0,225,58,22,36,0,37.93103448,1
8577,117,0,117,62,16,46,0,25.80645161,1
8578,375,0,375,56,20,36,0,35.71428571,1
8579,375,0,375,54,16,38,0,29.62962963,1
8580,441,0,441,42,10,32,0,23.80952381,1
8581,225,0,225,68,22,46,0,32.35294118,1
8582,189,0,189,62,22,40,0,35.48387097,1
8583,351,0,351,68,36,32,0,52.94117647,1
8584,165,0,165,82,20,62,0,24.39024390,1
8585,189,0,189,102,28,74,0,27.45098039,1
8586,225,0,225,64,26,38,0,40.62500000,1
8587,135,0,135,60,20,40,0,33.33333333,1
8588,225,0,225,56,24,32,0,42.85714286,1
8589,243,0,243,62,22,40,0,35.48387097,1
8590,225,0,225,66,28,38,0,42.42424242,1
8591,225,0,225,64,20,44,0,31.25000000,1
8592,189,0,189,66,28,38,0,42.42424242,1
8593,243,0,243,56,30,26,0,53.57142857,1
8594,105,0,105,46,26,20,0,56.52173913,1
8595,225,0,225,60,22,38,0,36.66666667,1
8596,105,0,105,60,14,46,0,23.33333333,1
8597,225,0,225,62,24,38,0,38.70967742,1
8598,225,0,225,60,20,40,0,33.33333333,1
8599,225,0,225,54,32,22,0,59.25925926,1
8600,225,0,225,66,26,40,0,39.39393939,1
8601,375,0,375,56,30,26,0,53.57142857,1
8602,225,0,225,56,26,30,0,46.42857143,1
8603,135,0,135,64,22,42,0,34.37500000,1
8604,225,0,225,62,20,42,0,32.25806452,1
8605,315,0,315,62,30,32,0,48.38709677,1
8606,225,0,225,66,28,38,0,42.42424242,1
8607,315,0,315,64,30,34,0,46.87500000,1
8608,243,0,243,54,26,28,0,48.14814815,1
8609,175,0,175,58,30,28,0,51.72413793,1
8610,315,0,315,62,22,40,0,35.48387097,1
8611,225,0,225,56,26,30,0,46.42857143,1
8612,375,0,375,52,26,26,0,50.00000000,1
8613,225,0,225,62,26,36,0,41.93548387,1
8614,375,0,375,58,22,36,0,37.93103448,1
8615,225,0,225,64,26,38,0,40.62500000,1
8616,315,0,315,66,28,38,0,42.42424242,1
8617,135,0,135,68,26,42,0,38.23529412,1
8618,315,0,315,62,20,42,0,32.25806452,1
8619,375,0,375,54,26,28,0,48.14814815,1
8620,135,0,135,72,30,42,0,41.66666667,1
8621,225,0,225,58,24,34,0,41.37931034,1
8622,225,0,225,54,12,42,0,22.22222222,1
8623,175,0,175,68,20,48,0,29.41176471,1
8624,375,0,375,56,26,30,0,46.42857143,1
8625,375,0,375,64,28,36,0,43.75000000,1
8626,375,0,375,60,24,36,0,40.00000000,1
8627,225,0,225,56,22,34,0,39.28571429,1
8628,375,0,375,56,20,36,0,35.71428571,1
8629,225,0,225,68,28,40,0,41.17647059,1
8630,105,0,105,56,14,42,0,25.00000000,1
8631,225,0,225,62,28,34,0,45.16129032,1
8632,225,0,225,64,22,42,0,34.37500000,1
8633,225,0,225,60,26,34,0,43.33333333,1
8634,135,0,135,56,14,42,0,25.00000000,1
8635,85,0,85,72,36,36,0,50.00000000,1
8636,225,0,225,60,20,40,0,33.33333333,1
8637,315,0,315,64,30,34,0,46.87500000,1
8638,225,0,225,68,26,42,0,38.23529412,1
8639,225,0,225,68,26,42,0,38.23529412,1
8640,225,0,225,64,24,40,0,37.50000000,1
8641,225,0,225,64,20,44,0,31.25000000,1
8642,225,0,225,62,22,40,0,35.48387097,1
8643,125,0,125,54,10,44,0,18.51851852,1
8644,315,0,315,64,32,32,0,50.00000000,1
8645,315,0,315,60,20,40,0,33.33333333,1
8646,225,0,225,62,24,38,0,38.70967742,1
8647,405,0,405,48,8,40,0,16.66666667,1
8648,225,0,225,52,26,26,0,50.00000000,1
8649,189,0,189,70,26,44,0,37.14285714,1
8650,135,0,135,66,22,44,0,33.33333333,1
8651,225,0,225,68,24,44,0,35.29411765,1
8652,189,0,189,62,20,42,0,32.25806452,1
8653,135,0,135,60,20,40,0,33.33333333,1
8654,375,0,375,54,18,36,0,33.33333333,1
8655,375,0,375,64,28,36,0,43.75000000,1
8656,225,0,225,68,28,40,0,41.17647059,1
8657,135,0,135,70,28,42,0,40.00000000,1
8658,225,0,225,68,22,46,0,32.35294118,1
8659,225,0,225,62,22,40,0,35.48387097,1
8660,315,0,315,70,26,44,0,37.14285714,1
8661,225,0,225,70,30,40,0,42.85714286,1
8662,77,0,77,46,14,32,0,30.43478261,1
8663,135,0,135,56,12,44,0,21.42857143,1
8664,225,0,225,60,18,42,0,30.00000000,1
8665,225,0,225,68,28,40,0,41.17647059,1
8666,195,0,195,46,24,22,0,52.17391304,1
8667,225,0,225,56,16,40,0,28.57142857,1
8668,459,0,459,50,12,38,0,24.00000000,1
8669,105,0,105,60,16,44,0,26.66666667,1
8670,243,0,243,68,28,40,0,41.17647059,1
8671,105,0,105,58,28,30,0,48.27586207,1
8672,225,0,225,62,20,42,0,32.25806452,1
8673,125,0,125,60,30,30,0,50.00000000,1
8674,189,0,189,64,26,38,0,40.62500000,1
8675,375,0,375,70,32,38,0,45.71428571,1
8676,125,0,125,62,14,48,0,22.58064516,1
8677,225,0,225,72,28,44,0,38.88888889,1
8678,225,0,225,60,20,40,0,33.33333333,1
8679,225,0,225,56,22,34,0,39.28571429,1
8680,315,0,315,58,24,34,0,41.37931034,1
8681,315,0,315,58,14,44,0,24.13793103,1
8682,243,0,243,54,20,34,0,37.03703704,1
8683,315,0,315,66,24,42,0,36.36363636,1
8684,225,0,225,58,24,34,0,41.37931034,1
8685,315,0,315,60,18,42,0,30.00000000,1
8686,225,0,225,66,32,34,0,48.48484848,1
8687,135,0,135,54,20,34,0,37.03703704,1
8688,225,0,225,54,18,36,0,33.33333333,1
8689,225,0,225,66,22,44,0,33.33333333,1
8690,315,0,315,56,18,38,0,32.14285714,1
8691,315,0,315,52,22,30,0,42.30769231,1
8692,375,0,375,58,18,40,0,31.03448276,1
8693,375,0,375,62,28,34,0,45.16129032,1
8694,135,0,135,58,14,44,0,24.13793103,1
8695,175,0,175,102,24,78,0,23.52941176,1
8696,225,0,225,62,28,34,0,45.16129032,1
8697,375,0,375,64,26,38,0,40.62500000,1
8698,189,0,189,60,24,36,0,40.00000000,1
8699,375,0,375,54,24,30,0,44.44444444,1
8700,225,0,225,100,28,72,0,28.00000000,1
8701,135,0,135,62,24,38,0,38.70967742,1
8702,315,0,315,68,30,38,0,44.11764706,1
8703,225,0,225,62,24,38,0,38.70967742,1
8704,225,0,225,60,24,36,0,40.00000000,1
8705,315,0,315,58,18,40,0,31.03448276,1
8706,189,0,189,60,18,42,0,30.00000000,1
8707,225,0,225,60,22,38,0,36.66666667,1
8708,175,0,175,66,16,50,0,24.24242424,1
8709,315,0,315,60,18,42,0,30.00000000,1
8710,135,0,135,64,16,48,0,25.00000000,1
8711,225,0,225,56,24,32,0,42.85714286,1
8712,225,0,225,58,22,36,0,37.93103448,1
8713,135,0,135,64,26,38,0,40.62500000,1
8714,375,0,375,58,24,34,0,41.37931034,1
8715,135,0,135,64,26,38,0,40.62500000,1
8716,315,0,315,64,14,50,0,21.87500000,1
8717,189,0,189,72,28,44,0,38.88888889,1
8718,315,0,315,60,24,36,0,40.00000000,1
8719,375,0,375,60,24,36,0,40.00000000,1
8720,225,0,225,70,34,36,0,48.57142857,1
8721,225,0,225,58,22,36,0,37.93103448,1
8722,225,0,225,58,24,34,0,41.37931034,1
8723,225,0,225,68,26,42,0,38.23529412,1
8724,189,0,189,66,26,40,0,39.39393939,1
8725,147,0,147,56,30,26,0,53.57142857,1
8726,225,0,225,60,22,38,0,36.66666667,1
8727,375,0,375,64,26,38,0,40.62500000,1
8728,315,0,315,60,24,36,0,40.00000000,1
8729,189,0,189,66,26,40,0,39.39393939,1
8730,147,0,147,52,12,40,0,23.07692308,1
8731,135,0,135,60,28,32,0,46.66666667,1
8732,225,0,225,58,22,36,0,37.93103448,1
8733,297,0,297,62,14,48,0,22.58064516,1
8734,175,0,175,64,18,46,0,28.12500000,1
8735,189,0,189,72,34,38,0,47.22222222,1
8736,175,0,175,82,36,46,0,43.90243902,1
8737,135,0,135,68,30,38,0,44.11764706,1
8738,189,0,189,62,24,38,0,38.70967742,1
8739,125,0,125,56,10,46,0,17.85714286,1
8740,405,0,405,52,10,42,0,19.23076923,1
8741,225,0,225,66,26,40,0,39.39393939,1
8742,189,0,189,58,26,32,0,44.82758621,1
8743,225,0,225,64,26,38,0,40.62500000,1
8744,225,0,225,56,14,42,0,25.00000000,1
8745,135,0,135,60,24,36,0,40.00000000,1
8746,189,0,189,58,30,28,0,51.72413793,1
8747,315,0,315,52,14,38,0,26.92307692,1
8748,225,0,225,70,24,46,0,34.28571429,1
8749,225,0,225,66,24,42,0,36.36363636,1
8750,375,0,375,60,16,44,0,26.66666667,1
8751,375,0,375,64,26,38,0,40.62500000,1
8752,189,0,189,62,20,42,0,32.25806452,1
8753,225,0,225,68,28,40,0,41.17647059,1
8754,351,0,351,66,18,48,0,27.27272727,1
8755,225,0,225,68,24,44,0,35.29411765,1
8756,225,0,225,54,22,32,0,40.74074074,1
8757,225,0,225,60,22,38,0,36.66666667,1
8758,225,0,225,64,26,38,0,40.62500000,1
8759,135,0,135,56,22,34,0,39.28571429,1
8760,225,0,225,64,26,38,0,40.62500000,1
8761,375,0,375,58,20,38,0,34.48275862,1
8762,225,0,225,78,28,50,0,35.89743590,1
8763,189,0,189,66,28,38,0,42.42424242,1
8764,189,0,189,60,20,40,0,33.33333333,1
8765,105,0,105,62,34,28,0,54.83870968,1
8766,225,0,225,66,26,40,0,39.39393939,1
8767,135,0,135,56,18,38,0,32.14285714,1
8768,225,0,225,66,28,38,0,42.42424242,1
8769,135,0,135,80,40,40,0,50.00000000,1
8770,189,0,189,70,22,48,0,31.42857143,1
8771,225,0,225,62,28,34,0,45.16129032,1
8772,225,0,225,58,24,34,0,41.37931034,1
8773,315,0,315,64,24,40,0,37.50000000,1
8774,225,0,225,64,22,42,0,34.37500000,1
8775,243,0,243,68,26,42,0,38.23529412,1
8776,135,0,135,64,24,40,0,37.50000000,1
8777,135,0,135,60,24,36,0,40.00000000,1
8778,225,0,225,66,26,40,0,39.39393939,1
8779,375,0,375,62,26,36,0,41.93548387,1
8780,243,0,243,68,26,42,0,38.23529412,1
8781,243,0,243,62,22,40,0,35.48387097,1
8782,297,0,297,56,32,24,0,57.14285714,1
8783,297,0,297,74,30,44,0,40.54054054,1
8784,225,0,225,64,22,42,0,34.37500000,1
8785,225,0,225,66,24,42,0,36.36363636,1
8786,315,0,315,52,28,24,0,53.84615385,1
8787,225,0,225,70,30,40,0,42.85714286,1
8788,225,0,225,58,20,38,0,34.48275862,1
8789,375,0,375,62,28,34,0,45.16129032,1
8790,175,0,175,58,30,28,0,51.72413793,1
8791,315,0,315,60,14,46,0,23.33333333,1
8792,375,0,375,68,26,42,0,38.23529412,1
8793,375,0,375,58,22,36,0,37.93103448,1
8794,375,0,375,54,14,40,0,25.92592593,1
8795,225,0,225,70,28,42,0,40.00000000,1
8796,375,0,375,70,22,48,0,31.42857143,1
8797,225,0,225,60,16,44,0,26.66666667,1
8798,375,0,375,56,24,32,0,42.85714286,1
8799,225,0,225,66,22,44,0,33.33333333,1
8800,135,0,135,58,18,40,0,31.03448276,1
8801,225,0,225,62,20,42,0,32.25806452,1
8802,189,0,189,70,28,42,0,40.00000000,1
8803,375,0,375,70,28,42,0,40.00000000,1
8804,135,0,135,58,22,36,0,37.93103448,1
8805,225,0,225,64,24,40,0,37.50000000,1
8806,225,0,225,58,24,34,0,41.37931034,1
8807,225,0,225,68,26,42,0,38.23529412,1
8808,125,0,125,64,32,32,0,50.00000000,1
8809,375,0,375,62,20,42,0,32.25806452,1
8810,175,0,175,62,18,44,0,29.03225806,1
8811,225,0,225,68,24,44,0,35.29411765,1
8812,225,0,225,70,30,40,0,42.85714286,1
8813,225,0,225,64,24,40,0,37.50000000,1
8814,175,0,175,88,18,70,0,20.45454545,1
8815,243,0,243,56,30,26,0,53.57142857,1
8816,225,0,225,64,22,42,0,34.37500000,1
8817,375,0,375,64,22,42,0,34.37500000,1
8818,225,0,225,64,26,38,0,40.62500000,1
8819,375,0,375,60,26,34,0,43.33333333,1
8820,375,0,375,62,28,34,0,45.16129032,1
8821,225,0,225,62,26,36,0,41.93548387,1
8822,225,0,225,58,18,40,0,31.03448276,1
8823,225,0,225,64,24,40,0,37.50000000,1
8824,315,0,315,58,16,42,0,27.58620690,1
8825,225,0,225,62,26,36,0,41.93548387,1
8826,351,0,351,58,14,44,0,24.13793103,1
8827,225,0,225,58,18,40,0,31.03448276,1
8828,135,0,135,66,20,46,0,30.30303030,1
8829,315,0,315,60,24,36,0,40.00000000,1
8830,225,0,225,68,30,38,0,44.11764706,1
8831,375,0,375,60,28,32,0,46.66666667,1
8832,105,0,105,56,14,42,0,25.00000000,1
8833,225,0,225,64,22,42,0,34.37500000,1
8834,171,0,171,82,46,36,0,56.09756098,1
8835,245,0,245,66,32,34,0,48.48484848,1
8836,375,0,375,60,22,38,0,36.66666667,1
8837,225,0,225,64,28,36,0,43.75000000,1
8838,375,0,375,62,24,38,0,38.70967742,1
8839,225,0,225,66,24,42,0,36.36363636,1
8840,245,0,245,110,26,84,0,23.63636364,1
8841,225,0,225,64,24,40,0,37.50000000,1
8842,225,0,225,58,20,38,0,34.48275862,1
8843,225,0,225,66,24,42,0,36.36363636,1
8844,375,0,375,62,24,38,0,38.70967742,1
8845,225,0,225,70,22,48,0,31.42857143,1
8846,189,0,189,82,36,46,0,43.90243902,1
8847,315,0,315,52,18,34,0,34.61538462,1
8848,135,0,135,68,30,38,0,44.11764706,1
8849,243,0,243,58,18,40,0,31.03448276,1
8850,375,0,375,52,14,38,0,26.92307692,1
8851,125,0,125,64,30,34,0,46.87500000,1
8852,225,0,225,62,22,40,0,35.48387097,1
8853,189,0,189,64,20,44,0,31.25000000,1
8854,225,0,225,60,24,36,0,40.00000000,1
8855,225,0,225,54,24,30,0,44.44444444,1
8856,225,0,225,64,20,44,0,31.25000000,1
8857,135,0,135,68,24,44,0,35.29411765,1
8858,225,0,225,64,28,36,0,43.75000000,1
8859,225,0,225,56,20,36,0,35.71428571,1
8860,225,0,225,66,22,44,0,33.33333333,1
8861,243,0,243,74,22,52,0,29.72972973,1
8862,225,0,225,58,20,38,0,34.48275862,1
8863,315,0,315,66,24,42,0,36.36363636,1
8864,225,0,225,60,24,36,0,40.00000000,1
8865,189,0,189,66,28,38,0,42.42424242,1
8866,225,0,225,60,16,44,0,26.66666667,1
8867,375,0,375,58,26,32,0,44.82758621,1
8868,375,0,375,56,14,42,0,25.00000000,1
8869,105,0,105,66,32,34,0,48.48484848,1
8870,189,0,189,64,26,38,0,40.62500000,1
8871,225,0,225,62,24,38,0,38.70967742,1
8872,125,0,125,70,14,56,0,20.00000000,1
8873,225,0,225,56,22,34,0,39.28571429,1
8874,315,0,315,60,24,36,0,40.00000000,1
8875,225,0,225,62,24,38,0,38.70967742,1
8876,225,0,225,58,24,34,0,41.37931034,1
8877,135,0,135,66,24,42,0,36.36363636,1
8878,315,0,315,56,14,42,0,25.00000000,1
8879,135,0,135,64,22,42,0,34.37500000,1
8880,135,0,135,58,20,38,0,34.48275862,1
8881,375,0,375,58,18,40,0,31.03448276,1
8882,225,0,225,66,30,36,0,45.45454545,1
8883,225,0,225,62,28,34,0,45.16129032,1
8884,243,0,243,112,20,92,0,17.85714286,1
8885,225,0,225,70,28,42,0,40.00000000,1
8886,315,0,315,64,18,46,0,28.12500000,1
8887,225,0,225,58,24,34,0,41.37931034,1
8888,189,0,189,66,26,40,0,39.39393939,1
8889,585,0,585,40,8,32,0,20.00000000,1
8890,189,0,189,72,32,40,0,44.44444444,1
8891,375,0,375,58,28,30,0,48.27586207,1
8892,225,0,225,54,16,38,0,29.62962963,1
8893,225,0,225,68,30,38,0,44.11764706,1
8894,375,0,375,54,10,44,0,18.51851852,1
8895,189,0,189,70,28,42,0,40.00000000,1
8896,135,0,135,60,24,36,0,40.00000000,1
8897,225,0,225,60,26,34,0,43.33333333,1
8898,297,0,297,54,12,42,0,22.22222222,1
8899,375,0,375,62,20,42,0,32.25806452,1
8900,225,0,225,58,24,34,0,41.37931034,1
8901,225,0,225,54,16,38,0,29.62962963,1
8902,225,0,225,70,28,42,0,40.00000000,1
8903,375,0,375,60,28,32,0,46.66666667,1
8904,225,0,225,66,28,38,0,42.42424242,1
8905,225,0,225,64,28,36,0,43.75000000,1
8906,225,0,225,66,28,38,0,42.42424242,1
8907,225,0,225,60,20,40,0,33.33333333,1
8908,375,0,375,60,20,40,0,33.33333333,1
8909,225,0,225,56,14,42,0,25.00000000,1
8910,125,0,125,62,18,44,0,29.03225806,1
8911,225,0,225,68,28,40,0,41.17647059,1
8912,225,0,225,62,20,42,0,32.25806452,1
8913,135,0,135,64,26,38,0,40.62500000,1
8914,189,0,189,60,24,36,0,40.00000000,1
8915,325,0,325,198,46,152,0,23.23232323,1
8916,315,0,315,60,20,40,0,33.33333333,1
8917,243,0,243,72,30,42,0,41.66666667,1
8918,225,0,225,60,22,38,0,36.66666667,1
8919,375,0,375,62,24,38,0,38.70967742,1
8920,315,0,315,68,22,46,0,32.35294118,1
8921,225,0,225,64,22,42,0,34.37500000,1
8922,175,0,175,60,14,46,0,23.33333333,1
8923,225,0,225,54,28,26,0,51.85185185,1
8924,225,0,225,62,20,42,0,32.25806452,1
8925,105,0,105,58,12,46,0,20.68965517,1
8926,189,0,189,56,20,36,0,35.71428571,1
8927,405,0,405,60,30,30,0,50.00000000,1
8928,135,0,135,66,24,42,0,36.36363636,1
8929,225,0,225,60,28,32,0,46.66666667,1
8930,243,0,243,54,12,42,0,22.22222222,1
8931,135,0,135,68,26,42,0,38.23529412,1
8932,105,0,105,56,14,42,0,25.00000000,1
8933,225,0,225,64,24,40,0,37.50000000,1
8934,225,0,225,70,28,42,0,40.00000000,1
8935,315,0,315,60,20,40,0,33.33333333,1
8936,375,0,375,56,16,40,0,28.57142857,1
8937,225,0,225,106,26,80,0,24.52830189,1
8938,375,0,375,60,20,40,0,33.33333333,1
8939,225,0,225,62,20,42,0,32.25806452,1
8940,135,0,135,70,34,36,0,48.57142857,1
8941,189,0,189,58,26,32,0,44.82758621,1
8942,225,0,225,68,24,44,0,35.29411765,1
8943,243,0,243,50,30,20,0,60.00000000,1
8944,225,0,225,52,18,34,0,34.61538462,1
8945,135,0,135,62,26,36,0,41.93548387,1
8946,225,0,225,66,20,46,0,30.30303030,1
8947,243,0,243,64,18,46,0,28.12500000,1
8948,375,0,375,66,26,40,0,39.39393939,1
8949,135,0,135,62,22,40,0,35.48387097,1
8950,135,0,135,58,20,38,0,34.48275862,1
8951,175,0,175,88,22,66,0,25.00000000,1
8952,351,0,351,64,32,32,0,50.00000000,1
8953,315,0,315,68,26,42,0,38.23529412,1
8954,375,0,375,58,16,42,0,27.58620690,1
8955,225,0,225,68,26,42,0,38.23529412,1
8956,315,0,315,62,28,34,0,45.16129032,1
8957,225,0,225,66,24,42,0,36.36363636,1
8958,243,0,243,60,26,34,0,43.33333333,1
8959,189,0,189,58,20,38,0,34.48275862,1
8960,225,0,225,56,20,36,0,35.71428571,1
8961,225,0,225,62,22,40,0,35.48387097,1
8962,135,0,135,64,28,36,0,43.75000000,1
8963,225,0,225,62,22,40,0,35.48387097,1
8964,175,0,175,78,22,56,0,28.20512821,1
8965,147,0,147,68,34,34,0,50.00000000,1
8966,225,0,225,60,24,36,0,40.00000000,1
8967,315,0,315,52,28,24,0,53.84615385,1
8968,225,0,225,68,24,44,0,35.29411765,1
8969,375,0,375,58,22,36,0,37.93103448,1
8970,135,0,135,66,28,38,0,42.42424242,1
8971,315,0,315,64,28,36,0,43.75000000,1
8972,243,0,243,72,16,56,0,22.22222222,1
8973,135,0,135,58,22,36,0,37.93103448,1
8974,225,0,225,64,32,32,0,50.00000000,1
8975,135,0,135,66,28,38,0,42.42424242,1
8976,225,0,225,58,24,34,0,41.37931034,1
8977,125,0,125,64,16,48,0,25.00000000,1
8978,105,0,105,60,14,46,0,23.33333333,1
8979,135,0,135,68,34,34,0,50.00000000,1
8980,375,0,375,64,28,36,0,43.75000000,1
8981,225,0,225,60,26,34,0,43.33333333,1
8982,189,0,189,62,22,40,0,35.48387097,1
8983,375,0,375,52,20,32,0,38.46153846,1
8984,315,0,315,52,14,38,0,26.92307692,1
8985,135,0,135,62,24,38,0,38.70967742,1
8986,135,0,135,66,24,42,0,36.36363636,1
8987,315,0,315,52,14,38,0,26.92307692,1
8988,375,0,375,64,28,36,0,43.75000000,1
8989,225,0,225,66,24,42,0,36.36363636,1
8990,225,0,225,50,12,38,0,24.00000000,1
8991,243,0,243,52,20,32,0,38.46153846,1
8992,105,0,105,66,40,26,0,60.60606061,1
8993,135,0,135,66,14,52,0,21.21212121,1
8994,165,0,165,76,14,62,0,18.42105263,1
8995,135,0,135,56,26,30,0,46.42857143,1
8996,225,0,225,60,20,40,0,33.33333333,1
8997,225,0,225,58,18,40,0,31.03448276,1
8998,189,0,189,62,22,40,0,35.48387097,1
8999,225,0,225,68,24,44,0,35.29411765,1
9000,225,0,225,72,26,46,0,36.11111111,1
9001,375,0,375,46,26,20,0,56.52173913,1
9002,375,0,375,62,28,34,0,45.16129032,1
9003,105,0,105,64,18,46,0,28.12500000,1
9004,175,0,175,76,18,58,0,23.68421053,1
9005,315,0,315,66,26,40,0,39.39393939,1
9006,225,0,225,62,28,34,0,45.16129032,1
9007,135,0,135,54,16,38,0,29.62962963,1
9008,225,0,225,62,26,36,0,41.93548387,1
9009,153,0,153,44,0,44,0,0.00000000,1
9010,225,0,225,64,26,38,0,40.62500000,1
9011,189,0,189,68,26,42,0,38.23529412,1
9012,315,0,315,126,62,64,0,49.20634921,1
9013,225,0,225,66,24,42,0,36.36363636,1
9014,77,0,77,60,30,30,0,50.00000000,1
9015,135,0,135,68,32,36,0,47.05882353,1
9016,125,0,125,64,28,36,0,43.75000000,1
9017,225,0,225,128,64,64,0,50.00000000,1
9018,225,0,225,60,24,36,0,40.00000000,1
9019,225,0,225,98,28,70,0,28.57142857,1
9020,125,0,125,72,34,38,0,47.22222222,1
9021,189,0,189,68,22,46,0,32.35294118,1
9022,189,0,189,66,26,40,0,39.39393939,1
9023,375,0,375,60,24,36,0,40.00000000,1
9024,225,0,225,62,20,42,0,32.25806452,1
9025,135,0,135,70,24,46,0,34.28571429,1
9026,225,0,225,66,24,42,0,36.36363636,1
9027,225,0,225,66,28,38,0,42.42424242,1
9028,375,0,375,62,26,36,0,41.93548387,1
9029,315,0,315,58,22,36,0,37.93103448,1
9030,189,0,189,66,24,42,0,36.36363636,1
9031,175,0,175,64,32,32,0,50.00000000,1
9032,243,0,243,58,16,42,0,27.58620690,1
9033,375,0,375,56,22,34,0,39.28571429,1
9034,375,0,375,64,22,42,0,34.37500000,1
9035,147,0,147,62,30,32,0,48.38709677,1
9036,243,0,243,60,18,42,0,30.00000000,1
9037,315,0,315,60,18,42,0,30.00000000,1
9038,225,0,225,64,26,38,0,40.62500000,1
9039,315,0,315,56,22,34,0,39.28571429,1
9040,125,0,125,70,16,54,0,22.85714286,1
9041,315,0,315,54,30,24,0,55.55555556,1
9042,189,0,189,54,22,32,0,40.74074074,1
9043,225,0,225,64,28,36,0,43.75000000,1
9044,189,0,189,54,12,42,0,22.22222222,1
9045,405,0,405,68,28,40,0,41.17647059,1
9046,243,0,243,56,26,30,0,46.42857143,1
9047,225,0,225,66,30,36,0,45.45454545,1
9048,135,0,135,64,24,40,0,37.50000000,1
9049,375,0,375,64,12,52,0,18.75000000,1
9050,225,0,225,56,24,32,0,42.85714286,1
9051,375,0,375,54,20,34,0,37.03703704,1
9052,135,0,135,58,18,40,0,31.03448276,1
9053,225,0,225,58,22,36,0,37.93103448,1
9054,225,0,225,62,26,36,0,41.93548387,1
9055,189,0,189,52,28,24,0,53.84615385,1
9056,225,0,225,58,18,40,0,31.03448276,1
9057,297,0,297,50,12,38,0,24.00000000,1
9058,225,0,225,70,30,40,0,42.85714286,1
9059,189,0,189,68,30,38,0,44.11764706,1
9060,225,0,225,64,20,44,0,31.25000000,1
9061,135,0,135,60,14,46,0,23.33333333,1
9062,315,0,315,56,16,40,0,28.57142857,1
9063,225,0,225,76,28,48,0,36.84210526,1
9064,125,0,125,54,14,40,0,25.92592593,1
9065,175,0,175,114,26,88,0,22.80701754,1
9066,189,0,189,62,26,36,0,41.93548387,1
9067,405,0,405,56,14,42,0,25.00000000,1
9068,225,0,225,62,24,38,0,38.70967742,1
9069,375,0,375,56,16,40,0,28.57142857,1
9070,225,0,225,68,26,42,0,38.23529412,1
9071,189,0,189,60,22,38,0,36.66666667,1
9072,135,0,135,64,28,36,0,43.75000000,1
9073,225,0,225,58,18,40,0,31.03448276,1
9074,315,0,315,70,30,40,0,42.85714286,1
9075,315,0,315,54,20,34,0,37.03703704,1
9076,243,0,243,62,24,38,0,38.70967742,1
9077,225,0,225,56,30,26,0,53.57142857,1
9078,441,0,441,52,16,36,0,30.76923077,1
9079,225,0,225,64,28,36,0,43.75000000,1
9080,243,0,243,60,30,30,0,50.00000000,1
9081,315,0,315,68,28,40,0,41.17647059,1
9082,375,0,375,56,18,38,0,32.14285714,1
9083,315,0,315,62,22,40,0,35.48387097,1
9084,441,0,441,40,12,28,0,30.00000000,1
9085,225,0,225,62,26,36,0,41.93548387,1
9086,225,0,225,62,22,40,0,35.48387097,1
9087,225,0,225,60,24,36,0,40.00000000,1
9088,315,0,315,58,22,36,0,37.93103448,1
9089,225,0,225,52,14,38,0,26.92307692,1
9090,225,0,225,64,26,38,0,40.62500000,1
9091,225,0,225,76,30,46,0,39.47368421,1
9092,189,0,189,66,26,40,0,39.39393939,1
9093,225,0,225,60,20,40,0,33.33333333,1
9094,243,0,243,70,28,42,0,40.00000000,1
9095,243,0,243,72,30,42,0,41.66666667,1
9096,105,0,105,60,12,48,0,20.00000000,1
9097,375,0,375,64,20,44,0,31.25000000,1
9098,297,0,297,52,12,40,0,23.07692308,1
9099,315,0,315,68,28,40,0,41.17647059,1
9100,135,0,135,60,22,38,0,36.66666667,1
9101,315,0,315,48,24,24,0,50.00000000,1
9102,225,0,225,58,22,36,0,37.93103448,1
9103,81,0,81,58,0,58,0,0.00000000,1
9104,135,0,135,68,28,40,0,41.17647059,1
9105,189,0,189,58,22,36,0,37.93103448,1
9106,225,0,225,60,26,34,0,43.33333333,1
9107,225,0,225,62,20,42,0,32.25806452,1
9108,225,0,225,70,28,42,0,40.00000000,1
9109,441,0,441,52,6,46,0,11.53846154,1
9110,135,0,135,62,14,48,0,22.58064516,1
9111,135,0,135,64,28,36,0,43.75000000,1
9112,225,0,225,60,26,34,0,43.33333333,1
9113,225,0,225,58,22,36,0,37.93103448,1
9114,225,0,225,66,22,44,0,33.33333333,1
9115,225,0,225,64,28,36,0,43.75000000,1
9116,189,0,189,60,26,34,0,43.33333333,1
9117,105,0,105,56,26,30,0,46.42857143,1
9118,135,0,135,60,28,32,0,46.66666667,1
9119,225,0,225,64,30,34,0,46.87500000,1
9120,135,0,135,70,24,46,0,34.28571429,1
9121,243,0,243,58,16,42,0,27.58620690,1
9122,175,0,175,74,16,58,0,21.62162162,1
9123,135,0,135,66,20,46,0,30.30303030,1
9124,135,0,135,66,16,50,0,24.24242424,1
9125,243,0,243,72,28,44,0,38.88888889,1
9126,165,0,165,114,66,48,0,57.89473684,1
9127,81,0,81,56,12,44,0,21.42857143,1
9128,189,0,189,56,18,38,0,32.14285714,1
9129,225,0,225,60,24,36,0,40.00000000,1
9130,225,0,225,66,22,44,0,33.33333333,1
9131,225,0,225,62,24,38,0,38.70967742,1
9132,189,0,189,62,30,32,0,48.38709677,1
9133,225,0,225,52,26,26,0,50.00000000,1
9134,375,0,375,60,16,44,0,26.66666667,1
9135,243,0,243,72,26,46,0,36.11111111,1
9136,135,0,135,62,22,40,0,35.48387097,1
9137,135,0,135,60,24,36,0,40.00000000,1
9138,225,0,225,56,20,36,0,35.71428571,1
9139,225,0,225,62,26,36,0,41.93548387,1
9140,165,0,165,68,20,48,0,29.41176471,1
9141,135,0,135,58,22,36,0,37.93103448,1
9142,225,0,225,68,20,48,0,29.41176471,1
9143,225,0,225,60,24,36,0,40.00000000,1
9144,225,0,225,70,26,44,0,37.14285714,1
9145,147,0,147,82,44,38,0,53.65853659,1
9146,225,0,225,68,26,42,0,38.23529412,1
9147,135,0,135,68,26,42,0,38.23529412,1
9148,135,0,135,62,28,34,0,45.16129032,1
9149,99,0,99,56,32,24,0,57.14285714,1
9150,105,0,105,58,32,26,0,55.17241379,1
9151,225,0,225,68,28,40,0,41.17647059,1
9152,375,0,375,60,20,40,0,33.33333333,1
9153,375,0,375,54,20,34,0,37.03703704,1
9154,125,0,125,62,30,32,0,48.38709677,1
9155,225,0,225,54,16,38,0,29.62962963,1
9156,375,0,375,60,22,38,0,36.66666667,1
9157,135,0,135,66,16,50,0,24.24242424,1
9158,135,0,135,70,30,40,0,42.85714286,1
9159,225,0,225,64,26,38,0,40.62500000,1
9160,297,0,297,50,12,38,0,24.00000000,1
9161,375,0,375,62,28,34,0,45.16129032,1
9162,189,0,189,102,54,48,0,52.94117647,1
9163,225,0,225,64,26,38,0,40.62500000,1
9164,189,0,189,56,32,24,0,57.14285714,1
9165,297,0,297,56,14,42,0,25.00000000,1
9166,375,0,375,60,20,40,0,33.33333333,1
9167,225,0,225,70,22,48,0,31.42857143,1
9168,105,0,105,60,32,28,0,53.33333333,1
9169,125,0,125,54,16,38,0,29.62962963,1
9170,315,0,315,64,32,32,0,50.00000000,1
9171,225,0,225,60,26,34,0,43.33333333,1
9172,225,0,225,62,28,34,0,45.16129032,1
9173,297,0,297,78,30,48,0,38.46153846,1
9174,105,0,105,52,26,26,0,50.00000000,1
9175,189,0,189,58,18,40,0,31.03448276,1
9176,105,0,105,60,16,44,0,26.66666667,1
9177,315,0,315,74,28,46,0,37.83783784,1
9178,225,0,225,58,22,36,0,37.93103448,1
9179,375,0,375,60,26,34,0,43.33333333,1
9180,135,0,135,60,22,38,0,36.66666667,1
9181,225,0,225,66,30,36,0,45.45454545,1
9182,225,0,225,52,18,34,0,34.61538462,1
9183,225,0,225,66,28,38,0,42.42424242,1
9184,135,0,135,66,26,40,0,39.39393939,1
9185,225,0,225,66,26,40,0,39.39393939,1
9186,225,0,225,64,22,42,0,34.37500000,1
9187,315,0,315,56,20,36,0,35.71428571,1
9188,135,0,135,62,30,32,0,48.38709677,1
9189,375,0,375,62,26,36,0,41.93548387,1
9190,117,0,117,62,16,46,0,25.80645161,1
9191,99,0,99,56,30,26,0,53.57142857,1
9192,225,0,225,62,22,40,0,35.48387097,1
9193,225,0,225,64,26,38,0,40.62500000,1
9194,135,0,135,54,22,32,0,40.74074074,1
9195,225,0,225,62,24,38,0,38.70967742,1
9196,225,0,225,58,22,36,0,37.93103448,1
9197,375,0,375,50,14,36,0,28.00000000,1
9198,225,0,225,66,30,36,0,45.45454545,1
9199,105,0,105,60,18,42,0,30.00000000,1
9200,135,0,135,68,24,44,0,35.29411765,1
9201,225,0,225,66,26,40,0,39.39393939,1
9202,225,0,225,70,26,44,0,37.14285714,1
9203,135,0,135,44,8,36,0,18.18181818,1
9204,375,0,375,56,22,34,0,39.28571429,1
9205,245,0,245,82,20,62,0,24.39024390,1
9206,195,0,195,124,66,58,0,53.22580645,1
9207,315,0,315,58,12,46,0,20.68965517,1
9208,375,0,375,52,24,28,0,46.15384615,1
9209,375,0,375,62,20,42,0,32.25806452,1
9210,375,0,375,58,20,38,0,34.48275862,1
9211,375,0,375,52,10,42,0,19.23076923,1
9212,315,0,315,64,22,42,0,34.37500000,1
9213,315,0,315,68,18,50,0,26.47058824,1
9214,225,0,225,60,20,40,0,33.33333333,1
9215,375,0,375,64,26,38,0,40.62500000,1
9216,315,0,315,68,24,44,0,35.29411765,1
9217,135,0,135,64,28,36,0,43.75000000,1
9218,135,0,135,68,24,44,0,35.29411765,1
9219,189,0,189,66,28,38,0,42.42424242,1
9220,189,0,189,66,26,40,0,39.39393939,1
9221,225,0,225,62,24,38,0,38.70967742,1
9222,189,0,189,62,24,38,0,38.70967742,1
9223,225,0,225,60,16,44,0,26.66666667,1
9224,375,0,375,50,26,24,0,52.00000000,1
9225,225,0,225,60,26,34,0,43.33333333,1
9226,225,0,225,64,20,44,0,31.25000000,1
9227,225,0,225,66,18,48,0,27.27272727,1
9228,225,0,225,68,26,42,0,38.23529412,1
9229,225,0,225,58,20,38,0,34.48275862,1
9230,225,0,225,62,32,30,0,51.61290323,1
9231,195,0,195,64,18,46,0,28.12500000,1
9232,175,0,175,76,20,56,0,26.31578947,1
9233,315,0,315,56,24,32,0,42.85714286,1
9234,225,0,225,66,28,38,0,42.42424242,1
9235,375,0,375,54,28,26,0,51.85185185,1
9236,243,0,243,72,28,44,0,38.88888889,1
9237,225,0,225,62,26,36,0,41.93548387,1
9238,375,0,375,54,14,40,0,25.92592593,1
9239,225,0,225,58,26,32,0,44.82758621,1
9240,375,0,375,56,18,38,0,32.14285714,1
9241,375,0,375,58,28,30,0,48.27586207,1
9242,125,0,125,62,26,36,0,41.93548387,1
9243,225,0,225,54,18,36,0,33.33333333,1
9244,225,0,225,58,22,36,0,37.93103448,1
9245,225,0,225,58,18,40,0,31.03448276,1
9246,225,0,225,68,28,40,0,41.17647059,1
9247,441,0,441,52,26,26,0,50.00000000,1
9248,135,0,135,66,26,40,0,39.39393939,1
9249,375,0,375,64,28,36,0,43.75000000,1
9250,81,0,81,52,14,38,0,26.92307692,1
9251,105,0,105,62,32,30,0,51.61290323,1
9252,375,0,375,74,30,44,0,40.54054054,1
9253,225,0,225,66,28,38,0,42.42424242,1
9254,315,0,315,62,18,44,0,29.03225806,1
9255,225,0,225,54,22,32,0,40.74074074,1
9256,375,0,375,48,26,22,0,54.16666667,1
9257,175,0,175,82,24,58,0,29.26829268,1
9258,225,0,225,64,26,38,0,40.62500000,1
9259,315,0,315,50,26,24,0,52.00000000,1
9260,225,0,225,58,26,32,0,44.82758621,1
9261,375,0,375,56,20,36,0,35.71428571,1
9262,105,0,105,54,12,42,0,22.22222222,1
9263,147,0,147,66,34,32,0,51.51515152,1
9264,375,0,375,60,22,38,0,36.66666667,1
9265,375,0,375,52,18,34,0,34.61538462,1
9266,375,0,375,56,18,38,0,32.14285714,1
9267,147,0,147,66,30,36,0,45.45454545,1
9268,225,0,225,60,26,34,0,43.33333333,1
9269,189,0,189,60,22,38,0,36.66666667,1
9270,135,0,135,58,24,34,0,41.37931034,1
9271,225,0,225,64,20,44,0,31.25000000,1
9272,189,0,189,62,26,36,0,41.93548387,1
9273,315,0,315,68,26,42,0,38.23529412,1
9274,225,0,225,70,28,42,0,40.00000000,1
9275,315,0,315,56,28,28,0,50.00000000,1
9276,225,0,225,62,26,36,0,41.93548387,1
9277,225,0,225,66,22,44,0,33.33333333,1
9278,225,0,225,68,28,40,0,41.17647059,1
9279,135,0,135,66,32,34,0,48.48484848,1
9280,225,0,225,58,22,36,0,37.93103448,1
9281,225,0,225,68,28,40,0,41.17647059,1
9282,189,0,189,68,26,42,0,38.23529412,1
9283,315,0,315,50,10,40,0,20.00000000,1
9284,195,0,195,94,44,50,0,46.80851064,1
9285,375,0,375,58,24,34,0,41.37931034,1
9286,135,0,135,66,28,38,0,42.42424242,1
9287,441,0,441,58,14,44,0,24.13793103,1
9288,375,0,375,58,16,42,0,27.58620690,1
9289,315,0,315,60,20,40,0,33.33333333,1
9290,375,0,375,60,24,36,0,40.00000000,1
9291,189,0,189,62,24,38,0,38.70967742,1
9292,375,0,375,54,30,24,0,55.55555556,1
9293,225,0,225,68,32,36,0,47.05882353,1
9294,243,0,243,58,26,32,0,44.82758621,1
9295,175,0,175,86,20,66,0,23.25581395,1
9296,105,0,105,56,32,24,0,57.14285714,1
9297,225,0,225,58,22,36,0,37.93103448,1
9298,75,0,75,56,14,42,0,25.00000000,1
9299,135,0,135,70,32,38,0,45.71428571,1
9300,225,0,225,70,26,44,0,37.14285714,1
9301,69,0,69,54,28,26,0,51.85185185,1
9302,225,0,225,60,28,32,0,46.66666667,1
9303,245,0,245,86,18,68,0,20.93023256,1
9304,375,0,375,64,28,36,0,43.75000000,1
9305,315,0,315,60,26,34,0,43.33333333,1
9306,375,0,375,64,24,40,0,37.50000000,1
9307,225,0,225,62,20,42,0,32.25806452,1
9308,243,0,243,76,26,50,0,34.21052632,1
9309,189,0,189,76,28,48,0,36.84210526,1
9310,315,0,315,50,12,38,0,24.00000000,1
9311,135,0,135,62,22,40,0,35.48387097,1
9312,225,0,225,54,16,38,0,29.62962963,1
9313,225,0,225,62,22,40,0,35.48387097,1
9314,243,0,243,66,26,40,0,39.39393939,1
9315,225,0,225,58,28,30,0,48.27586207,1
9316,375,0,375,54,18,36,0,33.33333333,1
9317,125,0,125,66,32,34,0,48.48484848,1
9318,243,0,243,58,32,26,0,55.17241379,1
9319,225,0,225,56,24,32,0,42.85714286,1
9320,225,0,225,62,26,36,0,41.93548387,1
9321,225,0,225,56,22,34,0,39.28571429,1
9322,135,0,135,54,22,32,0,40.74074074,1
9323,189,0,189,66,24,42,0,36.36363636,1
9324,225,0,225,66,22,44,0,33.33333333,1
9325,175,0,175,62,32,30,0,51.61290323,1
9326,225,0,225,58,12,46,0,20.68965517,1
9327,135,0,135,58,18,40,0,31.03448276,1
9328,175,0,175,64,18,46,0,28.12500000,1
9329,105,0,105,62,14,48,0,22.58064516,1
9330,375,0,375,62,24,38,0,38.70967742,1
9331,135,0,135,62,22,40,0,35.48387097,1
9332,375,0,375,66,26,40,0,39.39393939,1
9333,243,0,243,54,32,22,0,59.25925926,1
9334,125,0,125,56,16,40,0,28.57142857,1
9335,99,0,99,54,32,22,0,59.25925926,1
9336,225,0,225,64,26,38,0,40.62500000,1
9337,225,0,225,54,22,32,0,40.74074074,1
9338,375,0,375,56,28,28,0,50.00000000,1
9339,225,0,225,56,28,28,0,50.00000000,1
9340,225,0,225,70,22,48,0,31.42857143,1
9341,243,0,243,66,26,40,0,39.39393939,1
9342,225,0,225,56,24,32,0,42.85714286,1
9343,147,0,147,62,32,30,0,51.61290323,1
9344,189,0,189,54,32,22,0,59.25925926,1
9345,135,0,135,64,30,34,0,46.87500000,1
9346,189,0,189,70,22,48,0,31.42857143,1
9347,225,0,225,62,22,40,0,35.48387097,1
9348,225,0,225,58,26,32,0,44.82758621,1
9349,105,0,105,56,12,44,0,21.42857143,1
9350,225,0,225,68,24,44,0,35.29411765,1
9351,75,0,75,52,26,26,0,50.00000000,1
9352,135,0,135,66,28,38,0,42.42424242,1
9353,189,0,189,62,32,30,0,51.61290323,1
9354,225,0,225,66,30,36,0,45.45454545,1
9355,225,0,225,62,26,36,0,41.93548387,1
9356,315,0,315,58,22,36,0,37.93103448,1
9357,105,0,105,74,14,60,0,18.91891892,1
9358,375,0,375,58,28,30,0,48.27586207,1
9359,189,0,189,66,24,42,0,36.36363636,1
9360,225,0,225,64,24,40,0,37.50000000,1
9361,165,0,165,66,12,54,0,18.18181818,1
9362,225,0,225,68,26,42,0,38.23529412,1
9363,315,0,315,60,16,44,0,26.66666667,1
9364,105,0,105,52,32,20,0,61.53846154,1
9365,225,0,225,60,26,34,0,43.33333333,1
9366,175,0,175,52,28,24,0,53.84615385,1
9367,225,0,225,66,28,38,0,42.42424242,1
9368,225,0,225,60,26,34,0,43.33333333,1
9369,375,0,375,58,26,32,0,44.82758621,1
9370,225,0,225,60,20,40,0,33.33333333,1
9371,105,0,105,54,14,40,0,25.92592593,1
9372,189,0,189,60,28,32,0,46.66666667,1
9373,189,0,189,56,18,38,0,32.14285714,1
9374,375,0,375,58,16,42,0,27.58620690,1
9375,189,0,189,60,22,38,0,36.66666667,1
9376,225,0,225,70,30,40,0,42.85714286,1
9377,315,0,315,60,22,38,0,36.66666667,1
9378,625,0,625,58,28,30,0,48.27586207,1
9379,105,0,105,60,12,48,0,20.00000000,1
9380,225,0,225,58,22,36,0,37.93103448,1
9381,375,0,375,60,24,36,0,40.00000000,1
9382,375,0,375,64,26,38,0,40.62500000,1
9383,225,0,225,60,26,34,0,43.33333333,1
9384,375,0,375,62,20,42,0,32.25806452,1
9385,225,0,225,54,22,32,0,40.74074074,1
9386,135,0,135,62,30,32,0,48.38709677,1
9387,135,0,135,62,26,36,0,41.93548387,1
9388,315,0,315,62,14,48,0,22.58064516,1
9389,225,0,225,66,30,36,0,45.45454545,1
9390,375,0,375,58,18,40,0,31.03448276,1
9391,125,0,125,56,18,38,0,32.14285714,1
9392,315,0,315,56,12,44,0,21.42857143,1
9393,117,0,117,72,24,48,0,33.33333333,1
9394,189,0,189,68,26,42,0,38.23529412,1
9395,99,0,99,68,16,52,0,23.52941176,1
9396,525,0,525,50,14,36,0,28.00000000,1
9397,225,0,225,58,24,34,0,41.37931034,1
9398,243,0,243,66,18,48,0,27.27272727,1
9399,75,0,75,48,26,22,0,54.16666667,1
9400,225,0,225,64,22,42,0,34.37500000,1
9401,165,0,165,54,30,24,0,55.55555556,1
9402,375,0,375,64,26,38,0,40.62500000,1
9403,315,0,315,58,16,42,0,27.58620690,1
9404,375,0,375,60,22,38,0,36.66666667,1
9405,225,0,225,64,20,44,0,31.25000000,1
9406,189,0,189,58,26,32,0,44.82758621,1
9407,375,0,375,64,24,40,0,37.50000000,1
9408,375,0,375,68,26,42,0,38.23529412,1
9409,343,0,343,150,36,114,0,24.00000000,1
9410,405,0,405,62,22,40,0,35.48387097,1
9411,105,0,105,70,38,32,0,54.28571429,1
9412,105,0,105,54,14,40,0,25.92592593,1
9413,375,0,375,54,26,28,0,48.14814815,1
9414,189,0,189,70,24,46,0,34.28571429,1
9415,135,0,135,68,28,40,0,41.17647059,1
9416,315,0,315,64,28,36,0,43.75000000,1
9417,225,0,225,60,26,34,0,43.33333333,1
9418,375,0,375,58,22,36,0,37.93103448,1
9419,135,0,135,62,28,34,0,45.16129032,1
9420,225,0,225,58,22,36,0,37.93103448,1
9421,315,0,315,58,14,44,0,24.13793103,1
9422,225,0,225,66,28,38,0,42.42424242,1
9423,225,0,225,60,24,36,0,40.00000000,1
9424,225,0,225,62,24,38,0,38.70967742,1
9425,231,0,231,98,26,72,0,26.53061224,1
9426,225,0,225,66,22,44,0,33.33333333,1
9427,225,0,225,60,24,36,0,40.00000000,1
9428,375,0,375,58,18,40,0,31.03448276,1
9429,135,0,135,62,26,36,0,41.93548387,1
9430,375,0,375,56,26,30,0,46.42857143,1
9431,225,0,225,66,22,44,0,33.33333333,1
9432,225,0,225,64,28,36,0,43.75000000,1
9433,315,0,315,78,24,54,0,30.76923077,1
9434,315,0,315,54,16,38,0,29.62962963,1
9435,225,0,225,66,22,44,0,33.33333333,1
9436,225,0,225,64,26,38,0,40.62500000,1
9437,195,0,195,126,60,66,0,47.61904762,1
9438,135,0,135,60,26,34,0,43.33333333,1
9439,225,0,225,68,24,44,0,35.29411765,1
9440,225,0,225,62,24,38,0,38.70967742,1
9441,225,0,225,62,24,38,0,38.70967742,1
9442,125,0,125,64,30,34,0,46.87500000,1
9443,225,0,225,58,24,34,0,41.37931034,1
9444,225,0,225,64,26,38,0,40.62500000,1
9445,315,0,315,58,14,44,0,24.13793103,1
9446,135,0,135,66,28,38,0,42.42424242,1
9447,441,0,441,56,26,30,0,46.42857143,1
9448,375,0,375,62,26,36,0,41.93548387,1
9449,375,0,375,54,26,28,0,48.14814815,1
9450,375,0,375,58,24,34,0,41.37931034,1
9451,225,0,225,68,26,42,0,38.23529412,1
9452,375,0,375,52,32,20,0,61.53846154,1
9453,225,0,225,60,28,32,0,46.66666667,1
9454,225,0,225,66,26,40,0,39.39393939,1
9455,225,0,225,62,20,42,0,32.25806452,1
9456,105,0,105,66,34,32,0,51.51515152,1
9457,225,0,225,62,22,40,0,35.48387097,1
9458,225,0,225,60,22,38,0,36.66666667,1
9459,225,0,225,56,22,34,0,39.28571429,1
9460,135,0,135,66,24,42,0,36.36363636,1
9461,375,0,375,64,24,40,0,37.50000000,1
9462,189,0,189,58,22,36,0,37.93103448,1
9463,225,0,225,64,22,42,0,34.37500000,1
9464,125,0,125,58,16,42,0,27.58620690,1
9465,225,0,225,60,26,34,0,43.33333333,1
9466,135,0,135,64,26,38,0,40.62500000,1
9467,375,0,375,56,28,28,0,50.00000000,1
9468,225,0,225,68,26,42,0,38.23529412,1
9469,135,0,135,70,30,40,0,42.85714286,1
9470,189,0,189,70,26,44,0,37.14285714,1
9471,375,0,375,56,18,38,0,32.14285714,1
9472,225,0,225,58,18,40,0,31.03448276,1
9473,375,0,375,54,28,26,0,51.85185185,1
9474,117,0,117,58,16,42,0,27.58620690,1
9475,405,0,405,60,22,38,0,36.66666667,1
9476,225,0,225,68,22,46,0,32.35294118,1
9477,243,0,243,64,22,42,0,34.37500000,1
9478,135,0,135,66,24,42,0,36.36363636,1
9479,175,0,175,52,12,40,0,23.07692308,1
9480,315,0,315,54,16,38,0,29.62962963,1
9481,189,0,189,64,20,44,0,31.25000000,1
9482,315,0,315,64,16,48,0,25.00000000,1
9483,225,0,225,60,18,42,0,30.00000000,1
9484,135,0,135,68,26,42,0,38.23529412,1
9485,189,0,189,66,32,34,0,48.48484848,1
9486,225,0,225,58,20,38,0,34.48275862,1
9487,189,0,189,64,26,38,0,40.62500000,1
9488,315,0,315,62,18,44,0,29.03225806,1
9489,225,0,225,68,22,46,0,32.35294118,1
9490,315,0,315,56,20,36,0,35.71428571,1
9491,297,0,297,60,18,42,0,30.00000000,1
9492,225,0,225,62,26,36,0,41.93548387,1
9493,225,0,225,70,22,48,0,31.42857143,1
9494,315,0,315,54,28,26,0,51.85185185,1
9495,225,0,225,60,36,24,0,60.00000000,1
9496,225,0,225,64,24,40,0,37.50000000,1
9497,135,0,135,64,32,32,0,50.00000000,1
9498,225,0,225,56,20,36,0,35.71428571,1
9499,225,0,225,70,24,46,0,34.28571429,1
9500,135,0,135,66,26,40,0,39.39393939,1
9501,125,0,125,62,18,44,0,29.03225806,1
9502,225,0,225,64,24,40,0,37.50000000,1
9503,225,0,225,68,28,40,0,41.17647059,1
9504,105,0,105,54,14,40,0,25.92592593,1
9505,315,0,315,52,22,30,0,42.30769231,1
9506,315,0,315,64,36,28,0,56.25000000,1
9507,147,0,147,80,22,58,0,27.50000000,1
9508,189,0,189,60,22,38,0,36.66666667,1
9509,225,0,225,58,16,42,0,27.58620690,1
9510,105,0,105,58,14,44,0,24.13793103,1
9511,225,0,225,68,24,44,0,35.29411765,1
9512,225,0,225,64,30,34,0,46.87500000,1
9513,315,0,315,66,22,44,0,33.33333333,1
9514,243,0,243,52,26,26,0,50.00000000,1
9515,315,0,315,56,14,42,0,25.00000000,1
9516,81,0,81,52,14,38,0,26.92307692,1
9517,147,0,147,68,38,30,0,55.88235294,1
9518,225,0,225,72,24,48,0,33.33333333,1
9519,225,0,225,58,18,40,0,31.03448276,1
9520,135,0,135,66,28,38,0,42.42424242,1
9521,225,0,225,66,30,36,0,45.45454545,1
9522,225,0,225,62,30,32,0,48.38709677,1
9523,243,0,243,74,26,48,0,35.13513514,1
9524,105,0,105,50,12,38,0,24.00000000,1
9525,225,0,225,66,34,32,0,51.51515152,1
9526,405,0,405,58,20,38,0,34.48275862,1
9527,375,0,375,58,26,32,0,44.82758621,1
9528,225,0,225,68,30,38,0,44.11764706,1
9529,225,0,225,62,24,38,0,38.70967742,1
9530,75,0,75,54,30,24,0,55.55555556,1
9531,135,0,135,58,28,30,0,48.27586207,1
9532,189,0,189,64,24,40,0,37.50000000,1
9533,375,0,375,68,26,42,0,38.23529412,1
9534,189,0,189,68,24,44,0,35.29411765,1
9535,189,0,189,64,20,44,0,31.25000000,1
9536,315,0,315,60,16,44,0,26.66666667,1
9537,225,0,225,56,22,34,0,39.28571429,1
9538,225,0,225,68,26,42,0,38.23529412,1
9539,225,0,225,64,20,44,0,31.25000000,1
9540,225,0,225,64,26,38,0,40.62500000,1
9541,315,0,315,68,24,44,0,35.29411765,1
9542,225,0,225,66,26,40,0,39.39393939,1
9543,189,0,189,66,26,40,0,39.39393939,1
9544,175,0,175,76,18,58,0,23.68421053,1
9545,135,0,135,62,22,40,0,35.48387097,1
9546,225,0,225,66,28,38,0,42.42424242,1
9547,175,0,175,90,22,68,0,24.44444444,1
9548,315,0,315,54,26,28,0,48.14814815,1
9549,225,0,225,58,18,40,0,31.03448276,1
9550,315,0,315,52,12,40,0,23.07692308,1
9551,135,0,135,60,28,32,0,46.66666667,1
9552,225,0,225,62,26,36,0,41.93548387,1
9553,225,0,225,60,26,34,0,43.33333333,1
9554,135,0,135,66,26,40,0,39.39393939,1
9555,225,0,225,58,26,32,0,44.82758621,1
9556,175,0,175,58,32,26,0,55.17241379,1
9557,135,0,135,70,18,52,0,25.71428571,1
9558,135,0,135,70,24,46,0,34.28571429,1
9559,189,0,189,66,24,42,0,36.36363636,1
9560,135,0,135,58,24,34,0,41.37931034,1
9561,225,0,225,64,24,40,0,37.50000000,1
9562,135,0,135,66,26,40,0,39.39393939,1
9563,125,0,125,54,12,42,0,22.22222222,1
9564,225,0,225,62,20,42,0,32.25806452,1
9565,225,0,225,60,26,34,0,43.33333333,1
9566,225,0,225,70,24,46,0,34.28571429,1
9567,225,0,225,66,26,40,0,39.39393939,1
9568,375,0,375,62,24,38,0,38.70967742,1
9569,135,0,135,58,22,36,0,37.93103448,1
9570,189,0,189,62,20,42,0,32.25806452,1
9571,315,0,315,50,14,36,0,28.00000000,1
9572,225,0,225,70,26,44,0,37.14285714,1
9573,315,0,315,60,24,36,0,40.00000000,1
9574,189,0,189,108,22,86,0,20.37037037,1
9575,375,0,375,66,26,40,0,39.39393939,1
9576,225,0,225,58,22,36,0,37.93103448,1
9577,189,0,189,54,24,30,0,44.44444444,1
9578,375,0,375,60,22,38,0,36.66666667,1
9579,315,0,315,58,20,38,0,34.48275862,1
9580,375,0,375,68,30,38,0,44.11764706,1
9581,135,0,135,68,24,44,0,35.29411765,1
9582,315,0,315,50,20,30,0,40.00000000,1
9583,225,0,225,68,28,40,0,41.17647059,1
9584,225,0,225,62,20,42,0,32.25806452,1
9585,315,0,315,70,28,42,0,40.00000000,1
9586,315,0,315,58,28,30,0,48.27586207,1
9587,225,0,225,72,22,50,0,30.55555556,1
9588,225,0,225,60,28,32,0,46.66666667,1
9589,315,0,315,54,14,40,0,25.92592593,1
9590,225,0,225,64,26,38,0,40.62500000,1
9591,225,0,225,52,14,38,0,26.92307692,1
9592,225,0,225,68,28,40,0,41.17647059,1
9593,495,0,495,54,14,40,0,25.92592593,1
9594,225,0,225,64,20,44,0,31.25000000,1
9595,225,0,225,64,22,42,0,34.37500000,1
9596,189,0,189,58,22,36,0,37.93103448,1
9597,189,0,189,58,20,38,0,34.48275862,1
9598,189,0,189,66,28,38,0,42.42424242,1
9599,315,0,315,66,30,36,0,45.45454545,1
9600,225,0,225,56,24,32,0,42.85714286,1
9601,225,0,225,70,28,42,0,40.00000000,1
9602,315,0,315,48,12,36,0,25.00000000,1
9603,375,0,375,56,26,30,0,46.42857143,1
9604,225,0,225,60,26,34,0,43.33333333,1
9605,135,0,135,60,24,36,0,40.00000000,1
9606,225,0,225,64,26,38,0,40.62500000,1
9607,135,0,135,66,26,40,0,39.39393939,1
9608,135,0,135,66,20,46,0,30.30303030,1
9609,189,0,189,66,26,40,0,39.39393939,1
9610,147,0,147,70,18,52,0,25.71428571,1
9611,315,0,315,62,28,34,0,45.16129032,1
9612,225,0,225,64,18,46,0,28.12500000,1
9613,315,0,315,64,20,44,0,31.25000000,1
9614,225,0,225,64,20,44,0,31.25000000,1
9615,441,0,441,60,24,36,0,40.00000000,1
9616,225,0,225,62,16,46,0,25.80645161,1
9617,375,0,375,58,26,32,0,44.82758621,1
9618,315,0,315,54,30,24,0,55.55555556,1
9619,225,0,225,64,26,38,0,40.62500000,1
9620,135,0,135,66,26,40,0,39.39393939,1
9621,135,0,135,60,22,38,0,36.66666667,1
9622,315,0,315,58,18,40,0,31.03448276,1
9623,225,0,225,62,24,38,0,38.70967742,1
9624,225,0,225,68,30,38,0,44.11764706,1
9625,189,0,189,60,24,36,0,40.00000000,1
9626,105,0,105,66,32,34,0,48.48484848,1
9627,135,0,135,62,22,40,0,35.48387097,1
9628,225,0,225,64,28,36,0,43.75000000,1
9629,189,0,189,60,20,40,0,33.33333333,1
9630,315,0,315,54,14,40,0,25.92592593,1
9631,315,0,315,64,16,48,0,25.00000000,1
9632,189,0,189,62,16,46,0,25.80645161,1
9633,375,0,375,62,26,36,0,41.93548387,1
9634,225,0,225,62,24,38,0,38.70967742,1
9635,225,0,225,60,22,38,0,36.66666667,1
9636,153,0,153,50,16,34,0,32.00000000,1
9637,225,0,225,60,18,42,0,30.00000000,1
9638,225,0,225,60,24,36,0,40.00000000,1
9639,225,0,225,60,24,36,0,40.00000000,1
9640,175,0,175,54,12,42,0,22.22222222,1
9641,175,0,175,58,34,24,0,58.62068966,1
9642,225,0,225,64,20,44,0,31.25000000,1
9643,189,0,189,76,36,40,0,47.36842105,1
9644,225,0,225,64,20,44,0,31.25000000,1
9645,225,0,225,64,26,38,0,40.62500000,1
9646,375,0,375,66,26,40,0,39.39393939,1
9647,375,0,375,60,30,30,0,50.00000000,1
9648,75,0,75,46,24,22,0,52.17391304,1
9649,225,0,225,66,30,36,0,45.45454545,1
9650,81,0,81,60,16,44,0,26.66666667,1
9651,375,0,375,54,22,32,0,40.74074074,1
9652,225,0,225,58,22,36,0,37.93103448,1
9653,225,0,225,58,24,34,0,41.37931034,1
9654,189,0,189,64,26,38,0,40.62500000,1
9655,225,0,225,58,16,42,0,27.58620690,1
9656,375,0,375,50,20,30,0,40.00000000,1
9657,375,0,375,58,26,32,0,44.82758621,1
9658,225,0,225,64,28,36,0,43.75000000,1
9659,225,0,225,54,12,42,0,22.22222222,1
9660,225,0,225,62,28,34,0,45.16129032,1
9661,189,0,189,66,28,38,0,42.42424242,1
9662,189,0,189,74,28,46,0,37.83783784,1
9663,315,0,315,60,32,28,0,53.33333333,1
9664,225,0,225,64,18,46,0,28.12500000,1
9665,375,0,375,64,22,42,0,34.37500000,1
9666,225,0,225,58,18,40,0,31.03448276,1
9667,175,0,175,66,16,50,0,24.24242424,1
9668,225,0,225,54,22,32,0,40.74074074,1
9669,225,0,225,54,12,42,0,22.22222222,1
9670,375,0,375,62,28,34,0,45.16129032,1
9671,225,0,225,70,24,46,0,34.28571429,1
9672,105,0,105,56,10,46,0,17.85714286,1
9673,225,0,225,66,24,42,0,36.36363636,1
9674,297,0,297,50,18,32,0,36.00000000,1
9675,225,0,225,60,28,32,0,46.66666667,1
9676,375,0,375,64,22,42,0,34.37500000,1
9677,375,0,375,60,26,34,0,43.33333333,1
9678,225,0,225,66,24,42,0,36.36363636,1
9679,147,0,147,112,0,112,0,0.00000000,1
9680,225,0,225,66,28,38,0,42.42424242,1
9681,175,0,175,74,18,56,0,24.32432432,1
9682,225,0,225,64,26,38,0,40.62500000,1
9683,135,0,135,60,34,26,0,56.66666667,1
9684,315,0,315,70,28,42,0,40.00000000,1
9685,135,0,135,62,24,38,0,38.70967742,1
9686,225,0,225,58,24,34,0,41.37931034,1
9687,225,0,225,66,28,38,0,42.42424242,1
9688,225,0,225,56,14,42,0,25.00000000,1
9689,225,0,225,68,24,44,0,35.29411765,1
9690,315,0,315,66,30,36,0,45.45454545,1
9691,225,0,225,60,16,44,0,26.66666667,1
9692,375,0,375,64,18,46,0,28.12500000,1
9693,315,0,315,54,24,30,0,44.44444444,1
9694,225,0,225,62,30,32,0,48.38709677,1
9695,315,0,315,68,20,48,0,29.41176471,1
9696,315,0,315,58,26,32,0,44.82758621,1
9697,225,0,225,78,30,48,0,38.46153846,1
9698,375,0,375,58,24,34,0,41.37931034,1
9699,225,0,225,68,22,46,0,32.35294118,1
9700,135,0,135,58,24,34,0,41.37931034,1
9701,105,0,105,58,18,40,0,31.03448276,1
9702,225,0,225,68,28,40,0,41.17647059,1
9703,225,0,225,66,26,40,0,39.39393939,1
9704,375,0,375,56,22,34,0,39.28571429,1
9705,315,0,315,54,24,30,0,44.44444444,1
9706,189,0,189,70,30,40,0,42.85714286,1
9707,225,0,225,62,20,42,0,32.25806452,1
9708,125,0,125,60,14,46,0,23.33333333,1
9709,135,0,135,60,22,38,0,36.66666667,1
9710,77,0,77,62,14,48,0,22.58064516,1
9711,135,0,135,60,24,36,0,40.00000000,1
9712,315,0,315,68,22,46,0,32.35294118,1
9713,135,0,135,58,24,34,0,41.37931034,1
9714,225,0,225,52,18,34,0,34.61538462,1
9715,243,0,243,64,22,42,0,34.37500000,1
9716,375,0,375,60,28,32,0,46.66666667,1
9717,189,0,189,66,30,36,0,45.45454545,1
9718,225,0,225,68,24,44,0,35.29411765,1
9719,225,0,225,64,20,44,0,31.25000000,1
9720,135,0,135,66,30,36,0,45.45454545,1
9721,225,0,225,70,26,44,0,37.14285714,1
9722,125,0,125,58,14,44,0,24.13793103,1
9723,225,0,225,60,24,36,0,40.00000000,1
9724,225,0,225,66,26,40,0,39.39393939,1
9725,225,0,225,52,12,40,0,23.07692308,1
9726,225,0,225,72,22,50,0,30.55555556,1
9727,315,0,315,60,22,38,0,36.66666667,1
9728,375,0,375,62,28,34,0,45.16129032,1
9729,135,0,135,68,26,42,0,38.23529412,1
9730,111,0,111,36,0,36,0,0.00000000,1
9731,375,0,375,60,28,32,0,46.66666667,1
9732,375,0,375,60,22,38,0,36.66666667,1
9733,315,0,315,70,30,40,0,42.85714286,1
9734,105,0,105,56,12,44,0,21.42857143,1
9735,125,0,125,54,16,38,0,29.62962963,1
9736,225,0,225,52,12,40,0,23.07692308,1
9737,225,0,225,66,28,38,0,42.42424242,1
9738,225,0,225,56,20,36,0,35.71428571,1
9739,225,0,225,64,26,38,0,40.62500000,1
9740,243,0,243,62,22,40,0,35.48387097,1
9741,225,0,225,62,26,36,0,41.93548387,1
9742,207,0,207,74,48,26,0,64.86486486,1
9743,225,0,225,66,24,42,0,36.36363636,1
9744,375,0,375,64,26,38,0,40.62500000,1
9745,225,0,225,56,14,42,0,25.00000000,1
9746,189,0,189,58,20,38,0,34.48275862,1
9747,225,0,225,62,24,38,0,38.70967742,1
9748,225,0,225,68,28,40,0,41.17647059,1
9749,225,0,225,56,20,36,0,35.71428571,1
9750,225,0,225,68,28,40,0,41.17647059,1
9751,189,0,189,66,26,40,0,39.39393939,1
9752,225,0,225,72,30,42,0,41.66666667,1
9753,375,0,375,60,24,36,0,40.00000000,1
9754,105,0,105,56,26,30,0,46.42857143,1
9755,243,0,243,56,14,42,0,25.00000000,1
9756,135,0,135,66,26,40,0,39.39393939,1
9757,225,0,225,60,18,42,0,30.00000000,1
9758,81,0,81,58,24,34,0,41.37931034,1
9759,273,0,273,144,32,112,0,22.22222222,1
9760,175,0,175,64,32,32,0,50.00000000,1
9761,225,0,225,72,20,52,0,27.77777778,1
9762,225,0,225,62,22,40,0,35.48387097,1
9763,225,0,225,60,24,36,0,40.00000000,1
9764,225,0,225,64,18,46,0,28.12500000,1
9765,225,0,225,68,28,40,0,41.17647059,1
9766,135,0,135,64,24,40,0,37.50000000,1
9767,175,0,175,52,28,24,0,53.84615385,1
9768,375,0,375,54,10,44,0,18.51851852,1
9769,135,0,135,64,28,36,0,43.75000000,1
9770,243,0,243,74,32,42,0,43.24324324,1
9771,225,0,225,64,22,42,0,34.37500000,1
9772,315,0,315,52,20,32,0,38.46153846,1
9773,225,0,225,64,22,42,0,34.37500000,1
9774,175,0,175,82,22,60,0,26.82926829,1
9775,225,0,225,68,20,48,0,29.41176471,1
9776,375,0,375,58,18,40,0,31.03448276,1
9777,225,0,225,70,28,42,0,40.00000000,1
9778,225,0,225,70,26,44,0,37.14285714,1
9779,135,0,135,56,26,30,0,46.42857143,1
9780,225,0,225,60,20,40,0,33.33333333,1
9781,375,0,375,48,12,36,0,25.00000000,1
9782,315,0,315,60,30,30,0,50.00000000,1
9783,189,0,189,64,22,42,0,34.37500000,1
9784,225,0,225,68,30,38,0,44.11764706,1
9785,245,0,245,72,16,56,0,22.22222222,1
9786,375,0,375,60,26,34,0,43.33333333,1
9787,225,0,225,66,26,40,0,39.39393939,1
9788,55,0,55,46,10,36,0,21.73913043,1
9789,315,0,315,56,14,42,0,25.00000000,1
9790,225,0,225,62,22,40,0,35.48387097,1
9791,135,0,135,64,22,42,0,34.37500000,1
9792,135,0,135,58,24,34,0,41.37931034,1
9793,225,0,225,64,24,40,0,37.50000000,1
9794,243,0,243,70,26,44,0,37.14285714,1
9795,225,0,225,66,20,46,0,30.30303030,1
9796,375,0,375,68,26,42,0,38.23529412,1
9797,135,0,135,62,18,44,0,29.03225806,1
9798,315,0,315,58,18,40,0,31.03448276,1
9799,175,0,175,62,20,42,0,32.25806452,1
9800,315,0,315,62,26,36,0,41.93548387,1
9801,225,0,225,66,22,44,0,33.33333333,1
9802,225,0,225,62,22,40,0,35.48387097,1
9803,125,0,125,62,34,28,0,54.83870968,1
9804,375,0,375,62,22,40,0,35.48387097,1
9805,189,0,189,52,12,40,0,23.07692308,1
9806,135,0,135,62,22,40,0,35.48387097,1
9807,189,0,189,72,28,44,0,38.88888889,1
9808,315,0,315,48,20,28,0,41.66666667,1
9809,225,0,225,64,24,40,0,37.50000000,1
9810,189,0,189,60,26,34,0,43.33333333,1
9811,351,0,351,66,18,48,0,27.27272727,1
9812,225,0,225,54,16,38,0,29.62962963,1
9813,105,0,105,50,12,38,0,24.00000000,1
9814,225,0,225,62,22,40,0,35.48387097,1
9815,375,0,375,60,18,42,0,30.00000000,1
9816,105,0,105,60,30,30,0,50.00000000,1
9817,225,0,225,64,24,40,0,37.50000000,1
9818,225,0,225,70,28,42,0,40.00000000,1
9819,225,0,225,60,20,40,0,33.33333333,1
9820,105,0,105,58,28,30,0,48.27586207,1
9821,135,0,135,60,20,40,0,33.33333333,1
9822,315,0,315,54,26,28,0,48.14814815,1
9823,189,0,189,66,28,38,0,42.42424242,1
9824,243,0,243,60,30,30,0,50.00000000,1
9825,375,0,375,62,24,38,0,38.70967742,1
9826,375,0,375,62,24,38,0,38.70967742,1
9827,175,0,175,66,36,30,0,54.54545455,1
9828,375,0,375,64,26,38,0,40.62500000,1
9829,189,0,189,54,28,26,0,51.85185185,1
9830,225,0,225,66,26,40,0,39.39393939,1
9831,375,0,375,58,26,32,0,44.82758621,1
9832,243,0,243,52,32,20,0,61.53846154,1
9833,225,0,225,64,26,38,0,40.62500000,1
9834,225,0,225,68,28,40,0,41.17647059,1
9835,225,0,225,58,24,34,0,41.37931034,1
9836,315,0,315,58,26,32,0,44.82758621,1
9837,225,0,225,62,24,38,0,38.70967742,1
9838,189,0,189,66,26,40,0,39.39393939,1
9839,315,0,315,68,30,38,0,44.11764706,1
9840,105,0,105,52,28,24,0,53.84615385,1
9841,225,0,225,60,22,38,0,36.66666667,1
9842,225,0,225,60,22,38,0,36.66666667,1
9843,375,0,375,52,28,24,0,53.84615385,1
9844,375,0,375,52,10,42,0,19.23076923,1
9845,135,0,135,60,24,36,0,40.00000000,1
9846,225,0,225,60,24,36,0,40.00000000,1
9847,135,0,135,58,24,34,0,41.37931034,1
9848,225,0,225,60,24,36,0,40.00000000,1
9849,225,0,225,70,30,40,0,42.85714286,1
9850,225,0,225,68,26,42,0,38.23529412,1
9851,189,0,189,66,26,40,0,39.39393939,1
9852,315,0,315,62,32,30,0,51.61290323,1
9853,315,0,315,56,26,30,0,46.42857143,1
9854,135,0,135,62,24,38,0,38.70967742,1
9855,225,0,225,54,26,28,0,48.14814815,1
9856,225,0,225,60,22,38,0,36.66666667,1
9857,245,0,245,70,20,50,0,28.57142857,1
9858,375,0,375,46,24,22,0,52.17391304,1
9859,375,0,375,52,22,30,0,42.30769231,1
9860,225,0,225,60,22,38,0,36.66666667,1
9861,225,0,225,70,28,42,0,40.00000000,1
9862,135,0,135,54,14,40,0,25.92592593,1
9863,315,0,315,72,28,44,0,38.88888889,1
9864,441,0,441,48,26,22,0,54.16666667,1
9865,225,0,225,52,16,36,0,30.76923077,1
9866,315,0,315,92,28,64,0,30.43478261,1
9867,225,0,225,72,26,46,0,36.11111111,1
9868,375,0,375,64,24,40,0,37.50000000,1
9869,315,0,315,114,66,48,0,57.89473684,1
9870,315,0,315,50,14,36,0,28.00000000,1
9871,225,0,225,68,24,44,0,35.29411765,1
9872,189,0,189,60,20,40,0,33.33333333,1
9873,375,0,375,66,26,40,0,39.39393939,1
9874,189,0,189,62,30,32,0,48.38709677,1
9875,375,0,375,64,22,42,0,34.37500000,1
9876,375,0,375,60,20,40,0,33.33333333,1
9877,225,0,225,64,26,38,0,40.62500000,1
9878,135,0,135,64,20,44,0,31.25000000,1
9879,225,0,225,56,12,44,0,21.42857143,1
9880,225,0,225,62,24,38,0,38.70967742,1
9881,189,0,189,58,24,34,0,41.37931034,1
9882,375,0,375,56,24,32,0,42.85714286,1
9883,225,0,225,56,22,34,0,39.28571429,1
9884,189,0,189,60,22,38,0,36.66666667,1
9885,135,0,135,64,28,36,0,43.75000000,1
9886,135,0,135,62,18,44,0,29.03225806,1
9887,375,0,375,56,18,38,0,32.14285714,1
9888,135,0,135,64,26,38,0,40.62500000,1
9889,225,0,225,66,22,44,0,33.33333333,1
9890,225,0,225,62,26,36,0,41.93548387,1
9891,225,0,225,66,30,36,0,45.45454545,1
9892,315,0,315,68,20,48,0,29.41176471,1
9893,225,0,225,56,26,30,0,46.42857143,1
9894,135,0,135,60,24,36,0,40.00000000,1
9895,225,0,225,62,30,32,0,48.38709677,1
9896,225,0,225,58,16,42,0,27.58620690,1
9897,225,0,225,70,24,46,0,34.28571429,1
9898,375,0,375,64,20,44,0,31.25000000,1
9899,225,0,225,68,28,40,0,41.17647059,1
9900,225,0,225,112,30,82,0,26.78571429,1
9901,315,0,315,56,30,26,0,53.57142857,1
9902,375,0,375,54,20,34,0,37.03703704,1
9903,315,0,315,56,12,44,0,21.42857143,1
9904,135,0,135,76,24,52,0,31.57894737,1
9905,225,0,225,66,22,44,0,33.33333333,1
9906,225,0,225,66,26,40,0,39.39393939,1
9907,455,0,455,238,118,120,0,49.57983193,1
9908,225,0,225,58,24,34,0,41.37931034,1
9909,175,0,175,86,24,62,0,27.90697674,1
9910,135,0,135,70,26,44,0,37.14285714,1
9911,135,0,135,54,28,26,0,51.85185185,1
9912,375,0,375,60,20,40,0,33.33333333,1
9913,225,0,225,62,26,36,0,41.93548387,1
9914,225,0,225,66,28,38,0,42.42424242,1
9915,135,0,135,62,24,38,0,38.70967742,1
9916,135,0,135,70,24,46,0,34.28571429,1
9917,225,0,225,64,26,38,0,40.62500000,1
9918,375,0,375,60,24,36,0,40.00000000,1
9919,243,0,243,88,42,46,0,47.72727273,1
9920,189,0,189,58,24,34,0,41.37931034,1
9921,99,0,99,66,14,52,0,21.21212121,1
9922,225,0,225,68,24,44,0,35.29411765,1
9923,225,0,225,64,26,38,0,40.62500000,1
9924,225,0,225,68,26,42,0,38.23529412,1
9925,189,0,189,68,24,44,0,35.29411765,1
9926,135,0,135,64,20,44,0,31.25000000,1
9927,225,0,225,62,24,38,0,38.70967742,1
9928,315,0,315,60,20,40,0,33.33333333,1
9929,175,0,175,94,22,72,0,23.40425532,1
9930,225,0,225,56,22,34,0,39.28571429,1
9931,225,0,225,54,20,34,0,37.03703704,1
9932,351,0,351,44,16,28,0,36.36363636,1
9933,189,0,189,52,12,40,0,23.07692308,1
9934,375,0,375,60,26,34,0,43.33333333,1
9935,315,0,315,62,26,36,0,41.93548387,1
9936,243,0,243,62,22,40,0,35.48387097,1
9937,195,0,195,80,18,62,0,22.50000000,1
9938,375,0,375,66,24,42,0,36.36363636,1
9939,375,0,375,56,22,34,0,39.28571429,1
9940,135,0,135,68,26,42,0,38.23529412,1
9941,189,0,189,64,30,34,0,46.87500000,1
9942,175,0,175,62,18,44,0,29.03225806,1
9943,189,0,189,60,24,36,0,40.00000000,1
9944,375,0,375,54,28,26,0,51.85185185,1
9945,375,0,375,64,26,38,0,40.62500000,1
9946,225,0,225,62,28,34,0,45.16129032,1
9947,441,0,441,62,20,42,0,32.25806452,1
9948,195,0,195,60,14,46,0,23.33333333,1
9949,315,0,315,52,30,22,0,57.69230769,1
9950,315,0,315,56,14,42,0,25.00000000,1
9951,165,0,165,86,18,68,0,20.93023256,1
9952,135,0,135,62,24,38,0,38.70967742,1
9953,351,0,351,62,22,40,0,35.48387097,1
9954,375,0,375,66,26,40,0,39.39393939,1
9955,135,0,135,68,28,40,0,41.17647059,1
9956,375,0,375,60,22,38,0,36.66666667,1
9957,225,0,225,66,26,40,0,39.39393939,1
9958,225,0,225,64,22,42,0,34.37500000,1
9959,225,0,225,66,34,32,0,51.51515152,1
9960,225,0,225,66,26,40,0,39.39393939,1
9961,375,0,375,60,20,40,0,33.33333333,1
9962,375,0,375,64,22,42,0,34.37500000,1
9963,315,0,315,54,14,40,0,25.92592593,1
9964,315,0,315,58,12,46,0,20.68965517,1
9965,225,0,225,66,26,40,0,39.39393939,1
9966,375,0,375,58,26,32,0,44.82758621,1
9967,297,0,297,60,32,28,0,53.33333333,1
9968,315,0,315,62,24,38,0,38.70967742,1
9969,315,0,315,54,18,36,0,33.33333333,1
9970,225,0,225,60,24,36,0,40.00000000,1
9971,225,0,225,62,28,34,0,45.16129032,1
9972,225,0,225,66,26,40,0,39.39393939,1
9973,225,0,225,62,26,36,0,41.93548387,1
9974,375,0,375,58,20,38,0,34.48275862,1
9975,375,0,375,62,20,42,0,32.25806452,1
9976,297,0,297,68,30,38,0,44.11764706,1
9977,225,0,225,60,16,44,0,26.66666667,1
9978,135,0,135,58,24,34,0,41.37931034,1
9979,375,0,375,62,24,38,0,38.70967742,1
9980,189,0,189,70,28,42,0,40.00000000,1
9981,225,0,225,64,28,36,0,43.75000000,1
9982,225,0,225,66,28,38,0,42.42424242,1
9983,243,0,243,56,28,28,0,50.00000000,1
9984,315,0,315,72,26,46,0,36.11111111,1
9985,225,0,225,70,28,42,0,40.00000000,1
9986,225,0,225,64,24,40,0,37.50000000,1
9987,315,0,315,58,20,38,0,34.48275862,1
9988,99,0,99,62,14,48,0,22.58064516,1
9989,225,0,225,68,28,40,0,41.17647059,1
9990,375,0,375,56,26,30,0,46.42857143,1
9991,243,0,243,58,22,36,0,37.93103448,1
9992,165,0,165,82,44,38,0,53.65853659,1
9993,225,0,225,52,28,24,0,53.84615385,1
9994,135,0,135,56,24,32,0,42.85714286,1
9995,135,0,135,62,30,32,0,48.38709677,1
9996,171,0,171,48,14,34,0,29.16666667,1
9997,189,0,189,58,22,36,0,37.93103448,1
9998,375,0,375,66,26,40,0,39.39393939,1
9999,175,0,175,60,12,48,0,20.00000000,1
# aggregate candidates=2363110 responses=633218 odd=237564 even=395654 invalid=0 odd_percent=37.51693729
