pair,total_responses,odd_responses,odd_responses/total_responses
0,66,22,0.3333333333
1,56,26,0.4642857143
2,68,18,0.2647058824
3,58,28,0.4827586207
4,70,24,0.3428571429
5,56,30,0.5357142857
6,60,20,0.3333333333
7,92,46,0.5000000000
8,66,26,0.3939393939
9,68,26,0.3823529412
10,54,18,0.3333333333
11,68,22,0.3235294118
12,66,26,0.3939393939
13,68,26,0.3823529412
14,50,28,0.5600000000
15,70,34,0.4857142857
16,64,26,0.4062500000
17,50,14,0.2800000000
18,58,22,0.3793103448
19,56,14,0.2500000000
20,60,22,0.3666666667
21,62,26,0.4193548387
22,62,26,0.4193548387
23,64,22,0.3437500000
24,64,22,0.3437500000
25,62,22,0.3548387097
26,54,18,0.3333333333
27,58,22,0.3793103448
28,66,28,0.4242424242
29,162,36,0.2222222222
30,70,38,0.5428571429
31,56,30,0.5357142857
32,58,18,0.3103448276
33,56,16,0.2857142857
34,62,26,0.4193548387
35,50,14,0.2800000000
36,64,22,0.3437500000
37,64,24,0.3750000000
38,60,24,0.4000000000
39,64,24,0.3750000000
40,58,20,0.3448275862
41,68,14,0.2058823529
42,60,24,0.4000000000
43,58,18,0.3103448276
44,56,20,0.3571428571
45,66,28,0.4242424242
46,62,26,0.4193548387
47,64,30,0.4687500000
48,58,16,0.2758620690
49,64,24,0.3750000000
50,60,32,0.5333333333
51,62,24,0.3870967742
52,64,30,0.4687500000
53,64,30,0.4687500000
54,58,18,0.3103448276
55,52,14,0.2692307692
56,72,26,0.3611111111
57,48,16,0.3333333333
58,58,20,0.3448275862
59,60,16,0.2666666667
60,62,22,0.3548387097
61,66,28,0.4242424242
62,66,28,0.4242424242
63,60,18,0.3000000000
64,66,22,0.3333333333
65,54,20,0.3703703704
66,68,24,0.3529411765
67,62,22,0.3548387097
68,58,22,0.3793103448
69,70,22,0.3142857143
70,72,20,0.2777777778
71,54,14,0.2592592593
72,62,32,0.5161290323
73,56,12,0.2142857143
74,116,56,0.4827586207
75,64,28,0.4375000000
76,64,24,0.3750000000
77,70,24,0.3428571429
78,62,22,0.3548387097
79,50,16,0.3200000000
80,54,16,0.2962962963
81,60,22,0.3666666667
82,92,28,0.3043478261
83,124,40,0.3225806452
84,62,26,0.4193548387
85,54,22,0.4074074074
86,66,24,0.3636363636
87,62,20,0.3225806452
88,76,30,0.3947368421
89,62,22,0.3548387097
90,64,24,0.3750000000
91,70,28,0.4000000000
92,62,22,0.3548387097
93,60,26,0.4333333333
94,64,22,0.3437500000
95,70,30,0.4285714286
96,62,28,0.4516129032
97,58,14,0.2413793103
98,68,30,0.4411764706
99,68,18,0.2647058824
100,56,20,0.3571428571
101,66,28,0.4242424242
102,64,18,0.2812500000
103,60,18,0.3000000000
104,60,22,0.3666666667
105,66,26,0.3939393939
106,46,2,0.0434782609
107,62,26,0.4193548387
108,58,14,0.2413793103
109,52,14,0.2692307692
110,64,22,0.3437500000
111,64,28,0.4375000000
112,52,12,0.2307692308
113,60,24,0.4000000000
114,46,4,0.0869565217
115,66,26,0.3939393939
116,62,26,0.4193548387
117,58,24,0.4137931034
118,60,14,0.2333333333
119,66,28,0.4242424242
120,56,28,0.5000000000
121,64,24,0.3750000000
122,66,28,0.4242424242
123,70,26,0.3714285714
124,68,28,0.4117647059
125,56,18,0.3214285714
126,68,24,0.3529411765
127,66,28,0.4242424242
128,56,30,0.5357142857
129,52,20,0.3846153846
130,64,24,0.3750000000
131,68,24,0.3529411765
132,66,28,0.4242424242
133,68,30,0.4411764706
134,62,24,0.3870967742
135,52,10,0.1923076923
136,178,46,0.2584269663
137,62,26,0.4193548387
138,44,6,0.1363636364
139,64,26,0.4062500000
140,64,28,0.4375000000
141,64,26,0.4062500000
142,62,30,0.4838709677
143,52,10,0.1923076923
144,102,52,0.5098039216
145,66,28,0.4242424242
146,70,24,0.3428571429
147,64,20,0.3125000000
148,64,22,0.3437500000
149,64,24,0.3750000000
150,64,30,0.4687500000
151,62,20,0.3225806452
152,62,28,0.4516129032
153,58,18,0.3103448276
154,66,16,0.2424242424
155,64,24,0.3750000000
156,104,30,0.2884615385
157,68,26,0.3823529412
158,54,18,0.3333333333
159,60,22,0.3666666667
160,58,22,0.3793103448
161,70,28,0.4000000000
162,58,22,0.3793103448
163,56,22,0.3928571429
164,60,24,0.4000000000
165,66,26,0.3939393939
166,72,16,0.2222222222
167,70,26,0.3714285714
168,64,26,0.4062500000
169,48,12,0.2500000000
170,104,46,0.4423076923
171,58,12,0.2068965517
172,62,18,0.2903225806
173,58,18,0.3103448276
174,64,30,0.4687500000
175,60,26,0.4333333333
176,64,22,0.3437500000
177,74,38,0.5135135135
178,56,26,0.4642857143
179,60,22,0.3666666667
180,58,16,0.2758620690
181,64,26,0.4062500000
182,62,22,0.3548387097
183,68,18,0.2647058824
184,58,12,0.2068965517
185,62,24,0.3870967742
186,62,26,0.4193548387
187,50,18,0.3600000000
188,54,14,0.2592592593
189,64,20,0.3125000000
190,66,24,0.3636363636
191,54,26,0.4814814815
192,58,16,0.2758620690
193,68,36,0.5294117647
194,56,22,0.3928571429
195,58,22,0.3793103448
196,60,26,0.4333333333
197,60,20,0.3333333333
198,64,22,0.3437500000
199,50,12,0.2400000000
200,56,20,0.3571428571
201,62,22,0.3548387097
202,52,18,0.3461538462
203,58,22,0.3793103448
204,80,34,0.4250000000
205,62,22,0.3548387097
206,62,22,0.3548387097
207,62,30,0.4838709677
208,64,24,0.3750000000
209,50,18,0.3600000000
210,62,20,0.3225806452
211,74,24,0.3243243243
212,62,24,0.3870967742
213,68,28,0.4117647059
214,60,22,0.3666666667
215,100,26,0.2600000000
216,66,26,0.3939393939
217,62,26,0.4193548387
218,56,22,0.3928571429
219,100,50,0.5000000000
220,68,30,0.4411764706
221,56,28,0.5000000000
222,58,24,0.4137931034
223,46,16,0.3478260870
224,64,24,0.3750000000
225,62,16,0.2580645161
226,56,14,0.2500000000
227,64,18,0.2812500000
228,68,32,0.4705882353
229,56,16,0.2857142857
230,68,26,0.3823529412
231,56,24,0.4285714286
232,50,12,0.2400000000
233,66,26,0.3939393939
234,66,24,0.3636363636
235,50,14,0.2800000000
236,64,24,0.3750000000
237,64,26,0.4062500000
238,62,22,0.3548387097
239,60,24,0.4000000000
240,56,24,0.4285714286
241,62,22,0.3548387097
242,54,30,0.5555555556
243,58,24,0.4137931034
244,64,24,0.3750000000
245,62,20,0.3225806452
246,174,44,0.2528735632
247,42,20,0.4761904762
248,68,30,0.4411764706
249,60,28,0.4666666667
250,66,36,0.5454545455
251,50,16,0.3200000000
252,68,32,0.4705882353
253,64,20,0.3125000000
254,60,16,0.2666666667
255,60,22,0.3666666667
256,72,24,0.3333333333
257,66,22,0.3333333333
258,60,14,0.2333333333
259,60,22,0.3666666667
260,60,16,0.2666666667
261,62,26,0.4193548387
262,58,20,0.3448275862
263,60,20,0.3333333333
264,62,28,0.4516129032
265,62,26,0.4193548387
266,52,24,0.4615384615
267,84,32,0.3809523810
268,66,22,0.3333333333
269,64,30,0.4687500000
270,62,26,0.4193548387
271,56,18,0.3214285714
272,58,20,0.3448275862
273,58,20,0.3448275862
274,56,26,0.4642857143
275,68,30,0.4411764706
276,66,28,0.4242424242
277,60,22,0.3666666667
278,50,16,0.3200000000
279,64,22,0.3437500000
280,60,32,0.5333333333
281,62,26,0.4193548387
282,60,24,0.4000000000
283,52,28,0.5384615385
284,54,26,0.4814814815
285,66,26,0.3939393939
286,54,28,0.5185185185
287,68,28,0.4117647059
288,68,26,0.3823529412
289,92,44,0.4782608696
290,58,30,0.5172413793
291,62,22,0.3548387097
292,62,24,0.3870967742
293,62,24,0.3870967742
294,66,28,0.4242424242
295,64,24,0.3750000000
296,54,12,0.2222222222
297,58,20,0.3448275862
298,64,22,0.3437500000
299,70,26,0.3714285714
300,56,22,0.3928571429
301,64,30,0.4687500000
302,68,24,0.3529411765
303,66,24,0.3636363636
304,58,26,0.4482758621
305,60,22,0.3666666667
306,58,20,0.3448275862
307,64,24,0.3750000000
308,62,22,0.3548387097
309,62,28,0.4516129032
310,62,24,0.3870967742
311,68,22,0.3235294118
312,62,26,0.4193548387
313,54,16,0.2962962963
314,60,24,0.4000000000
315,68,22,0.3235294118
316,64,26,0.4062500000
317,66,32,0.4848484848
318,74,28,0.3783783784
319,48,32,0.6666666667
320,56,20,0.3571428571
321,62,26,0.4193548387
322,54,20,0.3703703704
323,62,26,0.4193548387
324,48,14,0.2916666667
325,58,22,0.3793103448
326,60,26,0.4333333333
327,60,22,0.3666666667
328,62,26,0.4193548387
329,66,26,0.3939393939
330,60,24,0.4000000000
331,60,16,0.2666666667
332,50,14,0.2800000000
333,52,14,0.2692307692
334,80,20,0.2500000000
335,74,20,0.2702702703
336,60,36,0.6000000000
337,52,26,0.5000000000
338,52,26,0.5000000000
339,72,24,0.3333333333
340,54,28,0.5185185185
341,62,18,0.2903225806
342,60,20,0.3333333333
343,54,14,0.2592592593
344,56,24,0.4285714286
345,60,24,0.4000000000
346,64,30,0.4687500000
347,66,24,0.3636363636
348,62,30,0.4838709677
349,66,24,0.3636363636
350,52,12,0.2307692308
351,64,26,0.4062500000
352,60,26,0.4333333333
353,54,16,0.2962962963
354,54,14,0.2592592593
355,56,16,0.2857142857
356,60,20,0.3333333333
357,58,14,0.2413793103
358,52,22,0.4230769231
359,76,38,0.5000000000
360,58,26,0.4482758621
361,66,24,0.3636363636
362,62,26,0.4193548387
363,54,16,0.2962962963
364,62,28,0.4516129032
365,56,20,0.3571428571
366,70,26,0.3714285714
367,58,26,0.4482758621
368,68,26,0.3823529412
369,56,18,0.3214285714
370,56,26,0.4642857143
371,62,22,0.3548387097
372,60,14,0.2333333333
373,54,28,0.5185185185
374,74,20,0.2702702703
375,62,24,0.3870967742
376,64,22,0.3437500000
377,58,22,0.3793103448
378,54,14,0.2592592593
379,56,18,0.3214285714
380,60,24,0.4000000000
381,60,20,0.3333333333
382,58,20,0.3448275862
383,62,24,0.3870967742
384,62,20,0.3225806452
385,54,14,0.2592592593
386,62,14,0.2258064516
387,56,36,0.6428571429
388,60,16,0.2666666667
389,62,28,0.4516129032
390,66,28,0.4242424242
391,56,18,0.3214285714
392,52,24,0.4615384615
393,64,20,0.3125000000
394,50,14,0.2800000000
395,64,24,0.3750000000
396,44,12,0.2727272727
397,56,14,0.2500000000
398,68,30,0.4411764706
399,66,24,0.3636363636
400,66,28,0.4242424242
401,68,38,0.5588235294
402,62,24,0.3870967742
403,60,24,0.4000000000
404,56,8,0.1428571429
405,58,20,0.3448275862
406,76,18,0.2368421053
407,58,26,0.4482758621
408,62,24,0.3870967742
409,64,24,0.3750000000
410,72,24,0.3333333333
411,60,36,0.6000000000
412,58,28,0.4827586207
413,64,26,0.4062500000
414,52,14,0.2692307692
415,56,16,0.2857142857
416,64,16,0.2500000000
417,54,18,0.3333333333
418,60,22,0.3666666667
419,70,22,0.3142857143
420,62,16,0.2580645161
421,54,24,0.4444444444
422,76,40,0.5263157895
423,52,12,0.2307692308
424,64,28,0.4375000000
425,66,22,0.3333333333
426,60,14,0.2333333333
427,60,24,0.4000000000
428,58,18,0.3103448276
429,58,16,0.2758620690
430,76,40,0.5263157895
431,64,30,0.4687500000
432,52,20,0.3846153846
433,50,24,0.4800000000
434,60,22,0.3666666667
435,58,20,0.3448275862
436,58,24,0.4137931034
437,64,24,0.3750000000
438,64,18,0.2812500000
439,68,22,0.3235294118
440,78,20,0.2564102564
441,62,22,0.3548387097
442,56,28,0.5000000000
443,60,24,0.4000000000
444,58,20,0.3448275862
445,62,24,0.3870967742
446,52,12,0.2307692308
447,82,42,0.5121951220
448,58,22,0.3793103448
449,74,30,0.4054054054
450,72,24,0.3333333333
451,68,30,0.4411764706
452,44,14,0.3181818182
453,72,28,0.3888888889
454,62,26,0.4193548387
455,62,22,0.3548387097
456,70,20,0.2857142857
457,60,30,0.5000000000
458,60,16,0.2666666667
459,60,24,0.4000000000
460,52,12,0.2307692308
461,64,26,0.4062500000
462,60,20,0.3333333333
463,62,36,0.5806451613
464,64,26,0.4062500000
465,64,26,0.4062500000
466,56,14,0.2500000000
467,60,22,0.3666666667
468,60,22,0.3666666667
469,64,22,0.3437500000
470,56,26,0.4642857143
471,58,28,0.4827586207
472,64,20,0.3125000000
473,68,28,0.4117647059
474,58,18,0.3103448276
475,70,22,0.3142857143
476,58,22,0.3793103448
477,66,20,0.3030303030
478,54,26,0.4814814815
479,60,22,0.3666666667
480,58,22,0.3793103448
481,66,28,0.4242424242
482,50,16,0.3200000000
483,60,22,0.3666666667
484,58,18,0.3103448276
485,72,30,0.4166666667
486,68,22,0.3235294118
487,58,22,0.3793103448
488,54,24,0.4444444444
489,60,28,0.4666666667
490,62,26,0.4193548387
491,60,16,0.2666666667
492,54,30,0.5555555556
493,62,0,0.0000000000
494,72,26,0.3611111111
495,60,24,0.4000000000
496,76,30,0.3947368421
497,52,10,0.1923076923
498,60,22,0.3666666667
499,60,14,0.2333333333
500,66,20,0.3030303030
501,54,16,0.2962962963
502,54,20,0.3703703704
503,62,22,0.3548387097
504,60,18,0.3000000000
505,68,24,0.3529411765
506,64,18,0.2812500000
507,60,12,0.2000000000
508,54,14,0.2592592593
509,66,16,0.2424242424
510,68,26,0.3823529412
511,48,14,0.2916666667
512,66,26,0.3939393939
513,58,20,0.3448275862
514,60,18,0.3000000000
515,62,22,0.3548387097
516,66,26,0.3939393939
517,62,20,0.3225806452
518,46,24,0.5217391304
519,58,24,0.4137931034
520,58,22,0.3793103448
521,70,22,0.3142857143
522,64,26,0.4062500000
523,66,28,0.4242424242
524,62,22,0.3548387097
525,70,26,0.3714285714
526,58,28,0.4827586207
527,56,24,0.4285714286
528,56,18,0.3214285714
529,76,0,0.0000000000
530,56,18,0.3214285714
531,94,46,0.4893617021
532,64,26,0.4062500000
533,58,22,0.3793103448
534,62,26,0.4193548387
535,60,20,0.3333333333
536,42,8,0.1904761905
537,60,16,0.2666666667
538,56,14,0.2500000000
539,68,28,0.4117647059
540,66,18,0.2727272727
541,52,28,0.5384615385
542,46,12,0.2608695652
543,62,22,0.3548387097
544,56,16,0.2857142857
545,70,30,0.4285714286
546,64,24,0.3750000000
547,56,22,0.3928571429
548,66,22,0.3333333333
549,62,24,0.3870967742
550,60,14,0.2333333333
551,70,26,0.3714285714
552,56,22,0.3928571429
553,78,20,0.2564102564
554,62,22,0.3548387097
555,62,24,0.3870967742
556,48,26,0.5416666667
557,68,22,0.3235294118
558,70,28,0.4000000000
559,62,32,0.5161290323
560,52,14,0.2692307692
561,70,24,0.3428571429
562,52,26,0.5000000000
563,62,26,0.4193548387
564,64,26,0.4062500000
565,62,22,0.3548387097
566,70,26,0.3714285714
567,70,20,0.2857142857
568,88,44,0.5000000000
569,66,28,0.4242424242
570,68,26,0.3823529412
571,62,28,0.4516129032
572,90,22,0.2444444444
573,52,20,0.3846153846
574,66,36,0.5454545455
575,60,26,0.4333333333
576,66,28,0.4242424242
577,242,60,0.2479338843
578,56,28,0.5000000000
579,64,18,0.2812500000
580,70,28,0.4000000000
581,64,24,0.3750000000
582,94,24,0.2553191489
583,66,28,0.4242424242
584,64,22,0.3437500000
585,62,20,0.3225806452
586,62,20,0.3225806452
587,68,26,0.3823529412
588,52,12,0.2307692308
589,58,30,0.5172413793
590,64,24,0.3750000000
591,62,22,0.3548387097
592,70,22,0.3142857143
593,74,30,0.4054054054
594,66,26,0.3939393939
595,68,36,0.5294117647
596,64,18,0.2812500000
597,64,22,0.3437500000
598,68,22,0.3235294118
599,60,18,0.3000000000
600,98,24,0.2448979592
601,58,14,0.2413793103
602,68,26,0.3823529412
603,66,24,0.3636363636
604,64,14,0.2187500000
605,70,30,0.4285714286
606,64,26,0.4062500000
607,104,26,0.2500000000
608,66,22,0.3333333333
609,74,36,0.4864864865
610,60,16,0.2666666667
611,106,28,0.2641509434
612,62,18,0.2903225806
613,58,28,0.4827586207
614,52,26,0.5000000000
615,58,20,0.3448275862
616,56,30,0.5357142857
617,64,24,0.3750000000
618,64,28,0.4375000000
619,56,14,0.2500000000
620,60,22,0.3666666667
621,60,20,0.3333333333
622,64,22,0.3437500000
623,70,26,0.3714285714
624,96,42,0.4375000000
625,58,26,0.4482758621
626,64,20,0.3125000000
627,60,24,0.4000000000
628,68,18,0.2647058824
629,54,18,0.3333333333
630,58,22,0.3793103448
631,58,24,0.4137931034
632,70,24,0.3428571429
633,58,20,0.3448275862
634,62,18,0.2903225806
635,70,26,0.3714285714
636,60,22,0.3666666667
637,66,28,0.4242424242
638,70,24,0.3428571429
639,60,26,0.4333333333
640,62,28,0.4516129032
641,50,22,0.4400000000
642,62,24,0.3870967742
643,64,34,0.5312500000
644,58,20,0.3448275862
645,64,24,0.3750000000
646,74,26,0.3513513514
647,62,26,0.4193548387
648,62,24,0.3870967742
649,62,20,0.3225806452
650,58,18,0.3103448276
651,64,22,0.3437500000
652,56,18,0.3214285714
653,70,28,0.4000000000
654,58,18,0.3103448276
655,56,22,0.3928571429
656,66,26,0.3939393939
657,60,26,0.4333333333
658,58,20,0.3448275862
659,54,18,0.3333333333
660,60,16,0.2666666667
661,62,16,0.2580645161
662,58,24,0.4137931034
663,64,32,0.5000000000
664,60,24,0.4000000000
665,66,18,0.2727272727
666,54,26,0.4814814815
667,60,24,0.4000000000
668,66,30,0.4545454545
669,52,14,0.2692307692
670,56,24,0.4285714286
671,62,24,0.3870967742
672,64,26,0.4062500000
673,52,28,0.5384615385
674,64,24,0.3750000000
675,56,14,0.2500000000
676,60,18,0.3000000000
677,66,26,0.3939393939
678,66,28,0.4242424242
679,58,36,0.6206896552
680,66,22,0.3333333333
681,56,28,0.5000000000
682,56,20,0.3571428571
683,60,16,0.2666666667
684,60,28,0.4666666667
685,56,22,0.3928571429
686,58,20,0.3448275862
687,64,24,0.3750000000
688,68,26,0.3823529412
689,58,26,0.4482758621
690,56,20,0.3571428571
691,70,28,0.4000000000
692,58,26,0.4482758621
693,64,22,0.3437500000
694,68,32,0.4705882353
695,60,22,0.3666666667
696,60,24,0.4000000000
697,70,28,0.4000000000
698,52,22,0.4230769231
699,56,20,0.3571428571
700,60,20,0.3333333333
701,68,28,0.4117647059
702,64,26,0.4062500000
703,66,26,0.3939393939
704,72,22,0.3055555556
705,60,22,0.3666666667
706,66,20,0.3030303030
707,68,36,0.5294117647
708,62,30,0.4838709677
709,66,28,0.4242424242
710,66,28,0.4242424242
711,66,24,0.3636363636
712,58,24,0.4137931034
713,60,22,0.3666666667
714,58,20,0.3448275862
715,74,32,0.4324324324
716,60,26,0.4333333333
717,48,22,0.4583333333
718,60,30,0.5000000000
719,54,18,0.3333333333
720,62,28,0.4516129032
721,56,26,0.4642857143
722,64,26,0.4062500000
723,60,26,0.4333333333
724,82,46,0.5609756098
725,62,18,0.2903225806
726,66,26,0.3939393939
727,62,18,0.2903225806
728,62,18,0.2903225806
729,62,26,0.4193548387
730,56,16,0.2857142857
731,64,28,0.4375000000
732,56,24,0.4285714286
733,64,22,0.3437500000
734,66,0,0.0000000000
735,68,32,0.4705882353
736,60,26,0.4333333333
737,62,30,0.4838709677
738,88,46,0.5227272727
739,64,20,0.3125000000
740,52,22,0.4230769231
741,54,26,0.4814814815
742,74,18,0.2432432432
743,50,26,0.5200000000
744,78,24,0.3076923077
745,60,22,0.3666666667
746,64,24,0.3750000000
747,60,18,0.3000000000
748,62,18,0.2903225806
749,60,24,0.4000000000
750,66,26,0.3939393939
751,68,26,0.3823529412
752,68,28,0.4117647059
753,58,22,0.3793103448
754,68,26,0.3823529412
755,58,24,0.4137931034
756,60,26,0.4333333333
757,68,26,0.3823529412
758,52,26,0.5000000000
759,56,10,0.1785714286
760,56,22,0.3928571429
761,58,20,0.3448275862
762,66,20,0.3030303030
763,68,26,0.3823529412
764,58,28,0.4827586207
765,58,18,0.3103448276
766,64,20,0.3125000000
767,58,28,0.4827586207
768,62,28,0.4516129032
769,58,20,0.3448275862
770,60,26,0.4333333333
771,66,22,0.3333333333
772,62,22,0.3548387097
773,66,24,0.3636363636
774,54,14,0.2592592593
775,54,30,0.5555555556
776,70,28,0.4000000000
777,64,22,0.3437500000
778,58,20,0.3448275862
779,50,24,0.4800000000
780,58,24,0.4137931034
781,64,18,0.2812500000
782,58,20,0.3448275862
783,58,24,0.4137931034
784,62,22,0.3548387097
785,78,22,0.2820512821
786,62,26,0.4193548387
787,56,22,0.3928571429
788,80,20,0.2500000000
789,66,32,0.4848484848
790,70,30,0.4285714286
791,56,22,0.3928571429
792,70,28,0.4000000000
793,58,28,0.4827586207
794,66,26,0.3939393939
795,62,20,0.3225806452
796,62,22,0.3548387097
797,70,26,0.3714285714
798,68,24,0.3529411765
799,54,16,0.2962962963
800,58,20,0.3448275862
801,62,34,0.5483870968
802,64,26,0.4062500000
803,66,26,0.3939393939
804,68,24,0.3529411765
805,62,26,0.4193548387
806,64,28,0.4375000000
807,66,22,0.3333333333
808,62,22,0.3548387097
809,68,28,0.4117647059
810,62,26,0.4193548387
811,62,26,0.4193548387
812,64,22,0.3437500000
813,54,14,0.2592592593
814,58,28,0.4827586207
815,54,24,0.4444444444
816,50,18,0.3600000000
817,56,22,0.3928571429
818,56,16,0.2857142857
819,68,22,0.3235294118
820,62,24,0.3870967742
821,70,26,0.3714285714
822,50,10,0.2000000000
823,68,20,0.2941176471
824,78,36,0.4615384615
825,58,20,0.3448275862
826,56,24,0.4285714286
827,276,70,0.2536231884
828,84,20,0.2380952381
829,66,26,0.3939393939
830,60,28,0.4666666667
831,68,16,0.2352941176
832,70,24,0.3428571429
833,62,28,0.4516129032
834,70,30,0.4285714286
835,54,16,0.2962962963
836,64,24,0.3750000000
837,74,32,0.4324324324
838,64,22,0.3437500000
839,68,30,0.4411764706
840,58,18,0.3103448276
841,68,16,0.2352941176
842,64,30,0.4687500000
843,38,0,0.0000000000
844,76,42,0.5526315789
845,62,28,0.4516129032
846,60,22,0.3666666667
847,54,26,0.4814814815
848,58,22,0.3793103448
849,56,18,0.3214285714
850,168,40,0.2380952381
851,58,20,0.3448275862
852,66,26,0.3939393939
853,62,26,0.4193548387
854,66,26,0.3939393939
855,52,26,0.5000000000
856,66,26,0.3939393939
857,48,26,0.5416666667
858,66,26,0.3939393939
859,62,18,0.2903225806
860,58,20,0.3448275862
861,68,28,0.4117647059
862,64,26,0.4062500000
863,66,22,0.3333333333
864,64,26,0.4062500000
865,60,20,0.3333333333
866,60,32,0.5333333333
867,62,28,0.4516129032
868,68,32,0.4705882353
869,62,24,0.3870967742
870,66,34,0.5151515152
871,70,22,0.3142857143
872,62,24,0.3870967742
873,62,24,0.3870967742
874,56,26,0.4642857143
875,66,32,0.4848484848
876,62,18,0.2903225806
877,66,28,0.4242424242
878,64,26,0.4062500000
879,46,22,0.4782608696
880,62,24,0.3870967742
881,60,28,0.4666666667
882,70,26,0.3714285714
883,68,30,0.4411764706
884,60,26,0.4333333333
885,64,24,0.3750000000
886,62,18,0.2903225806
887,58,24,0.4137931034
888,68,28,0.4117647059
889,64,22,0.3437500000
890,54,0,0.0000000000
891,62,12,0.1935483871
892,66,26,0.3939393939
893,62,26,0.4193548387
894,66,28,0.4242424242
895,52,14,0.2692307692
896,54,28,0.5185185185
897,62,20,0.3225806452
898,56,30,0.5357142857
899,48,28,0.5833333333
900,134,40,0.2985074627
901,54,18,0.3333333333
902,58,22,0.3793103448
903,62,24,0.3870967742
904,64,28,0.4375000000
905,62,24,0.3870967742
906,64,24,0.3750000000
907,60,22,0.3666666667
908,62,20,0.3225806452
909,64,18,0.2812500000
910,66,26,0.3939393939
911,60,26,0.4333333333
912,74,20,0.2702702703
913,62,22,0.3548387097
914,62,24,0.3870967742
915,60,26,0.4333333333
916,58,22,0.3793103448
917,72,32,0.4444444444
918,64,16,0.2500000000
919,66,22,0.3333333333
920,56,22,0.3928571429
921,66,16,0.2424242424
922,70,26,0.3714285714
923,68,24,0.3529411765
924,62,26,0.4193548387
925,68,32,0.4705882353
926,90,28,0.3111111111
927,56,30,0.5357142857
928,60,20,0.3333333333
929,64,22,0.3437500000
930,60,18,0.3000000000
931,58,14,0.2413793103
932,62,26,0.4193548387
933,62,24,0.3870967742
934,74,26,0.3513513514
935,52,10,0.1923076923
936,64,20,0.3125000000
937,64,26,0.4062500000
938,62,20,0.3225806452
939,58,24,0.4137931034
940,58,22,0.3793103448
941,68,22,0.3235294118
942,54,24,0.4444444444
943,88,42,0.4772727273
944,70,28,0.4000000000
945,56,16,0.2857142857
946,60,18,0.3000000000
947,64,24,0.3750000000
948,68,24,0.3529411765
949,60,24,0.4000000000
950,68,24,0.3529411765
951,54,24,0.4444444444
952,84,40,0.4761904762
953,64,26,0.4062500000
954,68,32,0.4705882353
955,60,24,0.4000000000
956,62,22,0.3548387097
957,58,22,0.3793103448
958,50,12,0.2400000000
959,64,22,0.3437500000
960,90,26,0.2888888889
961,60,22,0.3666666667
962,62,18,0.2903225806
963,70,26,0.3714285714
964,70,28,0.4000000000
965,68,22,0.3235294118
966,64,24,0.3750000000
967,58,20,0.3448275862
968,60,26,0.4333333333
969,60,32,0.5333333333
970,68,28,0.4117647059
971,62,22,0.3548387097
972,62,20,0.3225806452
973,62,20,0.3225806452
974,78,34,0.4358974359
975,56,20,0.3571428571
976,58,28,0.4827586207
977,58,22,0.3793103448
978,66,18,0.2727272727
979,60,24,0.4000000000
980,64,28,0.4375000000
981,62,26,0.4193548387
982,66,20,0.3030303030
983,60,26,0.4333333333
984,94,0,0.0000000000
985,106,24,0.2264150943
986,54,16,0.2962962963
987,62,22,0.3548387097
988,72,26,0.3611111111
989,68,28,0.4117647059
990,78,22,0.2820512821
991,64,22,0.3437500000
992,58,18,0.3103448276
993,54,8,0.1481481481
994,66,24,0.3636363636
995,66,32,0.4848484848
996,84,40,0.4761904762
997,58,20,0.3448275862
998,62,32,0.5161290323
999,52,18,0.3461538462
1000,72,24,0.3333333333
1001,78,44,0.5641025641
1002,62,28,0.4516129032
1003,58,20,0.3448275862
1004,60,20,0.3333333333
1005,62,28,0.4516129032
1006,62,22,0.3548387097
1007,64,18,0.2812500000
1008,64,20,0.3125000000
1009,68,16,0.2352941176
1010,56,20,0.3571428571
1011,66,20,0.3030303030
1012,56,26,0.4642857143
1013,58,14,0.2413793103
1014,62,36,0.5806451613
1015,64,22,0.3437500000
1016,70,22,0.3142857143
1017,54,26,0.4814814815
1018,54,22,0.4074074074
1019,64,22,0.3437500000
1020,64,14,0.2187500000
1021,60,26,0.4333333333
1022,62,24,0.3870967742
1023,76,40,0.5263157895
1024,70,30,0.4285714286
1025,66,24,0.3636363636
1026,46,12,0.2608695652
1027,66,22,0.3333333333
1028,62,24,0.3870967742
1029,56,32,0.5714285714
1030,50,24,0.4800000000
1031,56,22,0.3928571429
1032,62,20,0.3225806452
1033,62,22,0.3548387097
1034,58,26,0.4482758621
1035,60,26,0.4333333333
1036,70,22,0.3142857143
1037,56,22,0.3928571429
1038,62,28,0.4516129032
1039,60,24,0.4000000000
1040,56,16,0.2857142857
1041,68,24,0.3529411765
1042,62,24,0.3870967742
1043,58,20,0.3448275862
1044,56,16,0.2857142857
1045,60,24,0.4000000000
1046,78,20,0.2564102564
1047,60,16,0.2666666667
1048,68,24,0.3529411765
1049,58,22,0.3793103448
1050,64,26,0.4062500000
1051,58,26,0.4482758621
1052,60,28,0.4666666667
1053,66,28,0.4242424242
1054,70,28,0.4000000000
1055,56,22,0.3928571429
1056,64,32,0.5000000000
1057,60,30,0.5000000000
1058,62,22,0.3548387097
1059,68,26,0.3823529412
1060,62,26,0.4193548387
1061,58,14,0.2413793103
1062,62,20,0.3225806452
1063,66,28,0.4242424242
1064,62,34,0.5483870968
1065,58,14,0.2413793103
1066,66,26,0.3939393939
1067,60,22,0.3666666667
1068,62,24,0.3870967742
1069,60,16,0.2666666667
1070,68,28,0.4117647059
1071,70,28,0.4000000000
1072,66,22,0.3333333333
1073,56,26,0.4642857143
1074,62,24,0.3870967742
1075,64,26,0.4062500000
1076,66,24,0.3636363636
1077,60,28,0.4666666667
1078,58,14,0.2413793103
1079,54,18,0.3333333333
1080,56,26,0.4642857143
1081,46,8,0.1739130435
1082,52,16,0.3076923077
1083,58,24,0.4137931034
1084,70,22,0.3142857143
1085,58,24,0.4137931034
1086,66,22,0.3333333333
1087,48,8,0.1666666667
1088,64,26,0.4062500000
1089,60,20,0.3333333333
1090,54,20,0.3703703704
1091,70,30,0.4285714286
1092,64,26,0.4062500000
1093,68,32,0.4705882353
1094,62,22,0.3548387097
1095,62,22,0.3548387097
1096,60,14,0.2333333333
1097,80,46,0.5750000000
1098,64,24,0.3750000000
1099,58,24,0.4137931034
1100,70,28,0.4000000000
1101,68,22,0.3235294118
1102,54,26,0.4814814815
1103,58,24,0.4137931034
1104,54,18,0.3333333333
1105,50,8,0.1600000000
1106,64,20,0.3125000000
1107,60,16,0.2666666667
1108,60,24,0.4000000000
1109,64,22,0.3437500000
1110,70,16,0.2285714286
1111,66,26,0.3939393939
1112,54,22,0.4074074074
1113,88,48,0.5454545455
1114,60,30,0.5000000000
1115,60,14,0.2333333333
1116,58,24,0.4137931034
1117,60,24,0.4000000000
1118,64,26,0.4062500000
1119,66,26,0.3939393939
1120,66,26,0.3939393939
1121,54,12,0.2222222222
1122,56,18,0.3214285714
1123,66,26,0.3939393939
1124,66,20,0.3030303030
1125,60,16,0.2666666667
1126,66,20,0.3030303030
1127,68,26,0.3823529412
1128,64,22,0.3437500000
1129,64,24,0.3750000000
1130,62,34,0.5483870968
1131,52,26,0.5000000000
1132,50,26,0.5200000000
1133,54,12,0.2222222222
1134,60,24,0.4000000000
1135,60,18,0.3000000000
1136,54,20,0.3703703704
1137,56,22,0.3928571429
1138,62,30,0.4838709677
1139,52,14,0.2692307692
1140,66,16,0.2424242424
1141,60,20,0.3333333333
1142,60,24,0.4000000000
1143,64,22,0.3437500000
1144,66,26,0.3939393939
1145,78,20,0.2564102564
1146,64,24,0.3750000000
1147,68,26,0.3823529412
1148,64,22,0.3437500000
1149,60,20,0.3333333333
1150,58,24,0.4137931034
1151,60,18,0.3000000000
1152,68,36,0.5294117647
1153,62,26,0.4193548387
1154,58,22,0.3793103448
1155,64,26,0.4062500000
1156,56,28,0.5000000000
1157,66,30,0.4545454545
1158,72,30,0.4166666667
1159,66,28,0.4242424242
1160,68,32,0.4705882353
1161,68,24,0.3529411765
1162,64,28,0.4375000000
1163,66,26,0.3939393939
1164,56,22,0.3928571429
1165,64,22,0.3437500000
1166,60,22,0.3666666667
1167,54,18,0.3333333333
1168,64,22,0.3437500000
1169,68,26,0.3823529412
1170,58,26,0.4482758621
1171,66,26,0.3939393939
1172,64,22,0.3437500000
1173,56,22,0.3928571429
1174,96,24,0.2500000000
1175,56,26,0.4642857143
1176,60,22,0.3666666667
1177,68,24,0.3529411765
1178,64,22,0.3437500000
1179,62,22,0.3548387097
1180,62,28,0.4516129032
1181,66,24,0.3636363636
1182,44,14,0.3181818182
1183,66,26,0.3939393939
1184,64,22,0.3437500000
1185,52,14,0.2692307692
1186,66,32,0.4848484848
1187,52,22,0.4230769231
1188,90,32,0.3555555556
1189,54,26,0.4814814815
1190,62,24,0.3870967742
1191,64,26,0.4062500000
1192,52,16,0.3076923077
1193,62,30,0.4838709677
1194,66,28,0.4242424242
1195,66,26,0.3939393939
1196,58,22,0.3793103448
1197,68,26,0.3823529412
1198,62,24,0.3870967742
1199,68,26,0.3823529412
1200,64,22,0.3437500000
1201,74,36,0.4864864865
1202,56,16,0.2857142857
1203,60,16,0.2666666667
1204,70,34,0.4857142857
1205,62,16,0.2580645161
1206,58,16,0.2758620690
1207,62,30,0.4838709677
1208,66,22,0.3333333333
1209,58,22,0.3793103448
1210,66,28,0.4242424242
1211,72,22,0.3055555556
1212,68,26,0.3823529412
1213,66,30,0.4545454545
1214,48,12,0.2500000000
1215,54,24,0.4444444444
1216,64,20,0.3125000000
1217,64,24,0.3750000000
1218,66,26,0.3939393939
1219,72,26,0.3611111111
1220,54,22,0.4074074074
1221,60,16,0.2666666667
1222,68,26,0.3823529412
1223,64,22,0.3437500000
1224,64,22,0.3437500000
1225,48,14,0.2916666667
1226,70,30,0.4285714286
1227,108,28,0.2592592593
1228,62,26,0.4193548387
1229,164,88,0.5365853659
1230,64,22,0.3437500000
1231,64,28,0.4375000000
1232,58,26,0.4482758621
1233,68,26,0.3823529412
1234,62,32,0.5161290323
1235,68,22,0.3235294118
1236,66,22,0.3333333333
1237,68,32,0.4705882353
1238,74,16,0.2162162162
1239,66,24,0.3636363636
1240,66,26,0.3939393939
1241,62,22,0.3548387097
1242,58,20,0.3448275862
1243,68,28,0.4117647059
1244,62,18,0.2903225806
1245,62,24,0.3870967742
1246,54,14,0.2592592593
1247,64,26,0.4062500000
1248,66,18,0.2727272727
1249,42,16,0.3809523810
1250,60,22,0.3666666667
1251,178,44,0.2471910112
1252,64,20,0.3125000000
1253,70,26,0.3714285714
1254,52,20,0.3846153846
1255,62,28,0.4516129032
1256,62,24,0.3870967742
1257,64,26,0.4062500000
1258,64,24,0.3750000000
1259,70,28,0.4000000000
1260,68,28,0.4117647059
1261,68,36,0.5294117647
1262,64,30,0.4687500000
1263,62,28,0.4516129032
1264,74,20,0.2702702703
1265,56,20,0.3571428571
1266,64,24,0.3750000000
1267,64,26,0.4062500000
1268,60,14,0.2333333333
1269,58,22,0.3793103448
1270,64,26,0.4062500000
1271,66,22,0.3333333333
1272,64,24,0.3750000000
1273,62,36,0.5806451613
1274,66,22,0.3333333333
1275,60,22,0.3666666667
1276,60,24,0.4000000000
1277,88,44,0.5000000000
1278,70,32,0.4571428571
1279,62,22,0.3548387097
1280,64,20,0.3125000000
1281,56,16,0.2857142857
1282,66,30,0.4545454545
1283,66,26,0.3939393939
1284,56,8,0.1428571429
1285,68,20,0.2941176471
1286,68,28,0.4117647059
1287,50,26,0.5200000000
1288,58,16,0.2758620690
1289,70,26,0.3714285714
1290,58,26,0.4482758621
1291,74,16,0.2162162162
1292,62,24,0.3870967742
1293,60,30,0.5000000000
1294,62,20,0.3225806452
1295,56,12,0.2142857143
1296,62,22,0.3548387097
1297,68,28,0.4117647059
1298,64,20,0.3125000000
1299,66,28,0.4242424242
1300,60,20,0.3333333333
1301,56,30,0.5357142857
1302,60,22,0.3666666667
1303,60,12,0.2000000000
1304,54,18,0.3333333333
1305,54,16,0.2962962963
1306,58,20,0.3448275862
1307,54,24,0.4444444444
1308,66,24,0.3636363636
1309,62,20,0.3225806452
1310,58,14,0.2413793103
1311,58,26,0.4482758621
1312,66,20,0.3030303030
1313,62,24,0.3870967742
1314,56,32,0.5714285714
1315,60,18,0.3000000000
1316,56,22,0.3928571429
1317,62,24,0.3870967742
1318,58,28,0.4827586207
1319,62,16,0.2580645161
1320,46,14,0.3043478261
1321,68,34,0.5000000000
1322,54,12,0.2222222222
1323,52,26,0.5000000000
1324,66,18,0.2727272727
1325,62,16,0.2580645161
1326,134,38,0.2835820896
1327,60,22,0.3666666667
1328,66,22,0.3333333333
1329,70,28,0.4000000000
1330,62,30,0.4838709677
1331,56,26,0.4642857143
1332,52,22,0.4230769231
1333,60,26,0.4333333333
1334,62,26,0.4193548387
1335,66,28,0.4242424242
1336,62,26,0.4193548387
1337,56,12,0.2142857143
1338,80,40,0.5000000000
1339,60,20,0.3333333333
1340,70,24,0.3428571429
1341,66,30,0.4545454545
1342,68,26,0.3823529412
1343,72,26,0.3611111111
1344,72,28,0.3888888889
1345,60,30,0.5000000000
1346,62,22,0.3548387097
1347,64,20,0.3125000000
1348,64,28,0.4375000000
1349,156,80,0.5128205128
1350,84,16,0.1904761905
1351,52,24,0.4615384615
1352,64,22,0.3437500000
1353,64,26,0.4062500000
1354,62,16,0.2580645161
1355,62,18,0.2903225806
1356,62,26,0.4193548387
1357,64,24,0.3750000000
1358,56,24,0.4285714286
1359,68,26,0.3823529412
1360,58,16,0.2758620690
1361,60,20,0.3333333333
1362,68,28,0.4117647059
1363,60,20,0.3333333333
1364,62,22,0.3548387097
1365,70,28,0.4000000000
1366,62,22,0.3548387097
1367,64,26,0.4062500000
1368,66,24,0.3636363636
1369,60,18,0.3000000000
1370,66,26,0.3939393939
1371,58,14,0.2413793103
1372,58,28,0.4827586207
1373,64,30,0.4687500000
1374,58,24,0.4137931034
1375,66,26,0.3939393939
1376,118,30,0.2542372881
1377,62,26,0.4193548387
1378,68,22,0.3235294118
1379,62,22,0.3548387097
1380,66,36,0.5454545455
1381,62,28,0.4516129032
1382,122,34,0.2786885246
1383,48,26,0.5416666667
1384,64,28,0.4375000000
1385,56,16,0.2857142857
1386,58,22,0.3793103448
1387,56,34,0.6071428571
1388,76,26,0.3421052632
1389,62,24,0.3870967742
1390,66,26,0.3939393939
1391,66,30,0.4545454545
1392,66,20,0.3030303030
1393,54,16,0.2962962963
1394,56,26,0.4642857143
1395,64,22,0.3437500000
1396,66,16,0.2424242424
1397,62,18,0.2903225806
1398,60,22,0.3666666667
1399,60,22,0.3666666667
1400,68,30,0.4411764706
1401,68,24,0.3529411765
1402,56,16,0.2857142857
1403,62,20,0.3225806452
1404,74,26,0.3513513514
1405,60,22,0.3666666667
1406,68,32,0.4705882353
1407,64,24,0.3750000000
1408,60,20,0.3333333333
1409,104,26,0.2500000000
1410,66,24,0.3636363636
1411,64,24,0.3750000000
1412,64,20,0.3125000000
1413,52,14,0.2692307692
1414,56,28,0.5000000000
1415,62,18,0.2903225806
1416,70,40,0.5714285714
1417,68,36,0.5294117647
1418,70,28,0.4000000000
1419,58,30,0.5172413793
1420,62,28,0.4516129032
1421,60,16,0.2666666667
1422,68,24,0.3529411765
1423,102,54,0.5294117647
1424,68,28,0.4117647059
1425,60,22,0.3666666667
1426,62,16,0.2580645161
1427,56,18,0.3214285714
1428,62,30,0.4838709677
1429,52,24,0.4615384615
1430,68,22,0.3235294118
1431,72,30,0.4166666667
1432,66,26,0.3939393939
1433,58,22,0.3793103448
1434,50,4,0.0800000000
1435,60,26,0.4333333333
1436,68,24,0.3529411765
1437,62,24,0.3870967742
1438,62,18,0.2903225806
1439,58,26,0.4482758621
1440,66,22,0.3333333333
1441,58,28,0.4827586207
1442,58,22,0.3793103448
1443,52,12,0.2307692308
1444,62,24,0.3870967742
1445,64,28,0.4375000000
1446,62,22,0.3548387097
1447,70,28,0.4000000000
1448,58,24,0.4137931034
1449,58,18,0.3103448276
1450,64,26,0.4062500000
1451,50,10,0.2000000000
1452,56,14,0.2500000000
1453,66,26,0.3939393939
1454,68,22,0.3235294118
1455,60,22,0.3666666667
1456,60,24,0.4000000000
1457,64,24,0.3750000000
1458,60,22,0.3666666667
1459,64,26,0.4062500000
1460,64,20,0.3125000000
1461,96,50,0.5208333333
1462,58,28,0.4827586207
1463,62,18,0.2903225806
1464,66,28,0.4242424242
1465,62,18,0.2903225806
1466,50,22,0.4400000000
1467,72,28,0.3888888889
1468,54,18,0.3333333333
1469,66,30,0.4545454545
1470,62,22,0.3548387097
1471,58,28,0.4827586207
1472,64,26,0.4062500000
1473,62,18,0.2903225806
1474,70,26,0.3714285714
1475,52,10,0.1923076923
1476,64,26,0.4062500000
1477,124,26,0.2096774194
1478,60,20,0.3333333333
1479,66,20,0.3030303030
1480,64,16,0.2500000000
1481,60,28,0.4666666667
1482,60,24,0.4000000000
1483,72,20,0.2777777778
1484,60,30,0.5000000000
1485,66,28,0.4242424242
1486,54,18,0.3333333333
1487,66,20,0.3030303030
1488,62,36,0.5806451613
1489,74,20,0.2702702703
1490,66,24,0.3636363636
1491,56,22,0.3928571429
1492,70,28,0.4000000000
1493,76,16,0.2105263158
1494,52,14,0.2692307692
1495,58,16,0.2758620690
1496,64,14,0.2187500000
1497,58,22,0.3793103448
1498,58,18,0.3103448276
1499,60,32,0.5333333333
1500,52,12,0.2307692308
1501,68,26,0.3823529412
1502,72,0,0.0000000000
1503,56,28,0.5000000000
1504,62,22,0.3548387097
1505,60,18,0.3000000000
1506,56,34,0.6071428571
1507,64,22,0.3437500000
1508,60,28,0.4666666667
1509,58,22,0.3793103448
1510,60,32,0.5333333333
1511,64,26,0.4062500000
1512,66,24,0.3636363636
1513,64,22,0.3437500000
1514,62,26,0.4193548387
1515,56,18,0.3214285714
1516,64,24,0.3750000000
1517,62,22,0.3548387097
1518,58,18,0.3103448276
1519,54,12,0.2222222222
1520,62,30,0.4838709677
1521,58,18,0.3103448276
1522,64,28,0.4375000000
1523,66,28,0.4242424242
1524,78,16,0.2051282051
1525,68,36,0.5294117647
1526,52,14,0.2692307692
1527,68,26,0.3823529412
1528,64,22,0.3437500000
1529,72,24,0.3333333333
1530,66,22,0.3333333333
1531,66,24,0.3636363636
1532,58,14,0.2413793103
1533,64,28,0.4375000000
1534,64,20,0.3125000000
1535,60,22,0.3666666667
1536,62,22,0.3548387097
1537,64,22,0.3437500000
1538,56,20,0.3571428571
1539,68,30,0.4411764706
1540,56,28,0.5000000000
1541,62,20,0.3225806452
1542,78,18,0.2307692308
1543,60,16,0.2666666667
1544,56,24,0.4285714286
1545,58,24,0.4137931034
1546,58,22,0.3793103448
1547,60,18,0.3000000000
1548,50,24,0.4800000000
1549,58,16,0.2758620690
1550,64,28,0.4375000000
1551,50,14,0.2800000000
1552,82,42,0.5121951220
1553,60,30,0.5000000000
1554,88,24,0.2727272727
1555,64,24,0.3750000000
1556,70,30,0.4285714286
1557,90,48,0.5333333333
1558,68,22,0.3235294118
1559,60,24,0.4000000000
1560,64,20,0.3125000000
1561,68,28,0.4117647059
1562,58,20,0.3448275862
1563,62,28,0.4516129032
1564,62,26,0.4193548387
1565,60,24,0.4000000000
1566,66,28,0.4242424242
1567,66,20,0.3030303030
1568,58,24,0.4137931034
1569,68,26,0.3823529412
1570,64,28,0.4375000000
1571,58,22,0.3793103448
1572,56,32,0.5714285714
1573,54,16,0.2962962963
1574,66,22,0.3333333333
1575,68,32,0.4705882353
1576,62,22,0.3548387097
1577,64,24,0.3750000000
1578,60,18,0.3000000000
1579,60,24,0.4000000000
1580,56,18,0.3214285714
1581,72,30,0.4166666667
1582,60,24,0.4000000000
1583,64,22,0.3437500000
1584,56,28,0.5000000000
1585,56,26,0.4642857143
1586,54,18,0.3333333333
1587,64,28,0.4375000000
1588,60,24,0.4000000000
1589,62,22,0.3548387097
1590,62,20,0.3225806452
1591,66,22,0.3333333333
1592,60,20,0.3333333333
1593,60,14,0.2333333333
1594,62,28,0.4516129032
1595,58,28,0.4827586207
1596,68,30,0.4411764706
1597,60,20,0.3333333333
1598,56,12,0.2142857143
1599,58,14,0.2413793103
1600,64,28,0.4375000000
1601,62,28,0.4516129032
1602,56,16,0.2857142857
1603,54,12,0.2222222222
1604,64,26,0.4062500000
1605,54,28,0.5185185185
1606,64,26,0.4062500000
1607,64,30,0.4687500000
1608,66,26,0.3939393939
1609,66,24,0.3636363636
1610,64,24,0.3750000000
1611,66,26,0.3939393939
1612,66,24,0.3636363636
1613,48,12,0.2500000000
1614,66,30,0.4545454545
1615,62,26,0.4193548387
1616,82,20,0.2439024390
1617,54,30,0.5555555556
1618,62,28,0.4516129032
1619,60,38,0.6333333333
1620,82,20,0.2439024390
1621,174,94,0.5402298851
1622,66,24,0.3636363636
1623,60,20,0.3333333333
1624,58,18,0.3103448276
1625,58,32,0.5517241379
1626,54,14,0.2592592593
1627,46,10,0.2173913043
1628,56,24,0.4285714286
1629,74,22,0.2972972973
1630,60,22,0.3666666667
1631,60,20,0.3333333333
1632,68,28,0.4117647059
1633,42,12,0.2857142857
1634,42,16,0.3809523810
1635,72,26,0.3611111111
1636,68,16,0.2352941176
1637,54,28,0.5185185185
1638,62,26,0.4193548387
1639,68,26,0.3823529412
1640,56,18,0.3214285714
1641,60,28,0.4666666667
1642,64,16,0.2500000000
1643,64,24,0.3750000000
1644,58,20,0.3448275862
1645,56,22,0.3928571429
1646,62,24,0.3870967742
1647,60,22,0.3666666667
1648,56,12,0.2142857143
1649,58,24,0.4137931034
1650,54,22,0.4074074074
1651,72,18,0.2500000000
1652,64,24,0.3750000000
1653,56,18,0.3214285714
1654,60,22,0.3666666667
1655,64,24,0.3750000000
1656,64,18,0.2812500000
1657,50,20,0.4000000000
1658,58,16,0.2758620690
1659,68,26,0.3823529412
1660,60,24,0.4000000000
1661,50,16,0.3200000000
1662,66,22,0.3333333333
1663,64,22,0.3437500000
1664,58,16,0.2758620690
1665,60,20,0.3333333333
1666,62,14,0.2258064516
1667,64,22,0.3437500000
1668,60,28,0.4666666667
1669,60,24,0.4000000000
1670,62,24,0.3870967742
1671,66,28,0.4242424242
1672,60,14,0.2333333333
1673,60,26,0.4333333333
1674,66,26,0.3939393939
1675,52,16,0.3076923077
1676,78,36,0.4615384615
1677,66,22,0.3333333333
1678,54,12,0.2222222222
1679,56,12,0.2142857143
1680,74,28,0.3783783784
1681,64,28,0.4375000000
1682,54,28,0.5185185185
1683,56,30,0.5357142857
1684,64,24,0.3750000000
1685,60,28,0.4666666667
1686,118,58,0.4915254237
1687,78,42,0.5384615385
1688,62,22,0.3548387097
1689,42,12,0.2857142857
1690,58,16,0.2758620690
1691,54,24,0.4444444444
1692,56,12,0.2142857143
1693,70,16,0.2285714286
1694,66,24,0.3636363636
1695,60,24,0.4000000000
1696,56,26,0.4642857143
1697,58,22,0.3793103448
1698,68,16,0.2352941176
1699,86,22,0.2558139535
1700,70,28,0.4000000000
1701,60,18,0.3000000000
1702,54,24,0.4444444444
1703,62,22,0.3548387097
1704,64,18,0.2812500000
1705,62,20,0.3225806452
1706,66,18,0.2727272727
1707,62,30,0.4838709677
1708,58,24,0.4137931034
1709,68,24,0.3529411765
1710,86,26,0.3023255814
1711,68,28,0.4117647059
1712,68,26,0.3823529412
1713,58,12,0.2068965517
1714,64,28,0.4375000000
1715,58,30,0.5172413793
1716,64,26,0.4062500000
1717,58,18,0.3103448276
1718,60,26,0.4333333333
1719,64,30,0.4687500000
1720,66,26,0.3939393939
1721,64,30,0.4687500000
1722,66,26,0.3939393939
1723,54,16,0.2962962963
1724,52,14,0.2692307692
1725,64,26,0.4062500000
1726,70,28,0.4000000000
1727,66,36,0.5454545455
1728,64,24,0.3750000000
1729,60,24,0.4000000000
1730,60,20,0.3333333333
1731,56,20,0.3571428571
1732,54,20,0.3703703704
1733,62,24,0.3870967742
1734,84,28,0.3333333333
1735,70,28,0.4000000000
1736,64,26,0.4062500000
1737,62,28,0.4516129032
1738,62,30,0.4838709677
1739,60,32,0.5333333333
1740,64,30,0.4687500000
1741,58,20,0.3448275862
1742,62,24,0.3870967742
1743,56,22,0.3928571429
1744,62,28,0.4516129032
1745,62,24,0.3870967742
1746,68,32,0.4705882353
1747,54,14,0.2592592593
1748,74,24,0.3243243243
1749,60,24,0.4000000000
1750,56,28,0.5000000000
1751,60,22,0.3666666667
1752,54,16,0.2962962963
1753,66,28,0.4242424242
1754,68,24,0.3529411765
1755,62,26,0.4193548387
1756,64,22,0.3437500000
1757,62,22,0.3548387097
1758,58,22,0.3793103448
1759,66,22,0.3333333333
1760,60,18,0.3000000000
1761,58,32,0.5517241379
1762,60,22,0.3666666667
1763,60,24,0.4000000000
1764,60,26,0.4333333333
1765,44,10,0.2272727273
1766,68,22,0.3235294118
1767,66,22,0.3333333333
1768,60,22,0.3666666667
1769,68,22,0.3235294118
1770,60,14,0.2333333333
1771,70,26,0.3714285714
1772,58,14,0.2413793103
1773,60,22,0.3666666667
1774,62,26,0.4193548387
1775,60,24,0.4000000000
1776,68,28,0.4117647059
1777,70,30,0.4285714286
1778,66,22,0.3333333333
1779,54,20,0.3703703704
1780,58,22,0.3793103448
1781,62,26,0.4193548387
1782,68,34,0.5000000000
1783,64,22,0.3437500000
1784,60,16,0.2666666667
1785,64,24,0.3750000000
1786,62,20,0.3225806452
1787,60,20,0.3333333333
1788,58,18,0.3103448276
1789,46,24,0.5217391304
1790,60,24,0.4000000000
1791,78,16,0.2051282051
1792,62,20,0.3225806452
1793,68,28,0.4117647059
1794,68,22,0.3235294118
1795,58,34,0.5862068966
1796,58,28,0.4827586207
1797,60,22,0.3666666667
1798,66,24,0.3636363636
1799,68,24,0.3529411765
1800,66,26,0.3939393939
1801,64,28,0.4375000000
1802,68,32,0.4705882353
1803,58,22,0.3793103448
1804,58,24,0.4137931034
1805,64,26,0.4062500000
1806,72,28,0.3888888889
1807,62,22,0.3548387097
1808,62,26,0.4193548387
1809,76,30,0.3947368421
1810,52,28,0.5384615385
1811,58,24,0.4137931034
1812,52,30,0.5769230769
1813,60,26,0.4333333333
1814,62,24,0.3870967742
1815,60,18,0.3000000000
1816,60,26,0.4333333333
1817,66,26,0.3939393939
1818,60,22,0.3666666667
1819,46,0,0.0000000000
1820,64,20,0.3125000000
1821,62,20,0.3225806452
1822,66,22,0.3333333333
1823,66,24,0.3636363636
1824,54,12,0.2222222222
1825,58,26,0.4482758621
1826,60,22,0.3666666667
1827,60,22,0.3666666667
1828,66,24,0.3636363636
1829,62,26,0.4193548387
1830,62,26,0.4193548387
1831,60,22,0.3666666667
1832,70,30,0.4285714286
1833,62,16,0.2580645161
1834,54,16,0.2962962963
1835,74,20,0.2702702703
1836,62,24,0.3870967742
1837,62,26,0.4193548387
1838,92,24,0.2608695652
1839,74,36,0.4864864865
1840,68,30,0.4411764706
1841,72,34,0.4722222222
1842,68,26,0.3823529412
1843,56,26,0.4642857143
1844,56,20,0.3571428571
1845,70,34,0.4857142857
1846,68,26,0.3823529412
1847,60,26,0.4333333333
1848,64,26,0.4062500000
1849,60,22,0.3666666667
1850,52,14,0.2692307692
1851,66,24,0.3636363636
1852,64,22,0.3437500000
1853,58,16,0.2758620690
1854,62,28,0.4516129032
1855,64,22,0.3437500000
1856,70,26,0.3714285714
1857,68,22,0.3235294118
1858,60,26,0.4333333333
1859,62,22,0.3548387097
1860,48,22,0.4583333333
1861,58,18,0.3103448276
1862,56,30,0.5357142857
1863,94,42,0.4468085106
1864,68,38,0.5588235294
1865,70,30,0.4285714286
1866,58,22,0.3793103448
1867,62,26,0.4193548387
1868,60,26,0.4333333333
1869,76,18,0.2368421053
1870,62,30,0.4838709677
1871,64,22,0.3437500000
1872,62,28,0.4516129032
1873,66,24,0.3636363636
1874,58,16,0.2758620690
1875,60,28,0.4666666667
1876,58,22,0.3793103448
1877,64,24,0.3750000000
1878,68,24,0.3529411765
1879,58,24,0.4137931034
1880,64,16,0.2500000000
1881,56,22,0.3928571429
1882,64,20,0.3125000000
1883,62,22,0.3548387097
1884,54,14,0.2592592593
1885,62,26,0.4193548387
1886,56,20,0.3571428571
1887,64,26,0.4062500000
1888,62,30,0.4838709677
1889,58,32,0.5517241379
1890,62,24,0.3870967742
1891,52,14,0.2692307692
1892,62,22,0.3548387097
1893,56,14,0.2500000000
1894,64,28,0.4375000000
1895,58,16,0.2758620690
1896,64,24,0.3750000000
1897,56,24,0.4285714286
1898,64,24,0.3750000000
1899,72,28,0.3888888889
1900,62,22,0.3548387097
1901,64,18,0.2812500000
1902,58,24,0.4137931034
1903,58,20,0.3448275862
1904,60,16,0.2666666667
1905,70,36,0.5142857143
1906,54,26,0.4814814815
1907,60,24,0.4000000000
1908,66,24,0.3636363636
1909,58,18,0.3103448276
1910,58,20,0.3448275862
1911,58,18,0.3103448276
1912,70,28,0.4000000000
1913,58,22,0.3793103448
1914,58,28,0.4827586207
1915,64,20,0.3125000000
1916,66,32,0.4848484848
1917,66,28,0.4242424242
1918,52,24,0.4615384615
1919,64,32,0.5000000000
1920,62,24,0.3870967742
1921,66,14,0.2121212121
1922,62,28,0.4516129032
1923,56,22,0.3928571429
1924,64,32,0.5000000000
1925,66,30,0.4545454545
1926,64,22,0.3437500000
1927,56,14,0.2500000000
1928,74,28,0.3783783784
1929,68,24,0.3529411765
1930,64,28,0.4375000000
1931,62,20,0.3225806452
1932,58,12,0.2068965517
1933,62,24,0.3870967742
1934,62,32,0.5161290323
1935,66,30,0.4545454545
1936,56,16,0.2857142857
1937,54,24,0.4444444444
1938,66,24,0.3636363636
1939,66,26,0.3939393939
1940,60,26,0.4333333333
1941,56,24,0.4285714286
1942,68,26,0.3823529412
1943,64,24,0.3750000000
1944,66,26,0.3939393939
1945,64,26,0.4062500000
1946,66,28,0.4242424242
1947,60,20,0.3333333333
1948,66,20,0.3030303030
1949,62,20,0.3225806452
1950,58,28,0.4827586207
1951,64,26,0.4062500000
1952,76,18,0.2368421053
1953,70,28,0.4000000000
1954,70,26,0.3714285714
1955,60,18,0.3000000000
1956,56,26,0.4642857143
1957,56,24,0.4285714286
1958,58,14,0.2413793103
1959,58,12,0.2068965517
1960,68,24,0.3529411765
1961,66,22,0.3333333333
1962,62,26,0.4193548387
1963,38,0,0.0000000000
1964,64,20,0.3125000000
1965,70,22,0.3142857143
1966,52,22,0.4230769231
1967,60,18,0.3000000000
1968,72,18,0.2500000000
1969,72,20,0.2777777778
1970,66,20,0.3030303030
1971,56,28,0.5000000000
1972,60,24,0.4000000000
1973,64,22,0.3437500000
1974,54,28,0.5185185185
1975,70,28,0.4000000000
1976,66,22,0.3333333333
1977,66,26,0.3939393939
1978,68,24,0.3529411765
1979,64,28,0.4375000000
1980,68,24,0.3529411765
1981,54,12,0.2222222222
1982,56,26,0.4642857143
1983,60,24,0.4000000000
1984,80,42,0.5250000000
1985,62,22,0.3548387097
1986,60,26,0.4333333333
1987,54,26,0.4814814815
1988,58,26,0.4482758621
1989,64,22,0.3437500000
1990,70,24,0.3428571429
1991,60,14,0.2333333333
1992,70,18,0.2571428571
1993,58,30,0.5172413793
1994,58,20,0.3448275862
1995,66,26,0.3939393939
1996,60,24,0.4000000000
1997,70,18,0.2571428571
1998,60,18,0.3000000000
1999,64,28,0.4375000000
2000,62,22,0.3548387097
2001,56,28,0.5000000000
2002,68,20,0.2941176471
2003,66,26,0.3939393939
2004,116,48,0.4137931034
2005,70,32,0.4571428571
2006,56,26,0.4642857143
2007,58,18,0.3103448276
2008,58,26,0.4482758621
2009,70,22,0.3142857143
2010,60,24,0.4000000000
2011,56,22,0.3928571429
2012,64,24,0.3750000000
2013,58,28,0.4827586207
2014,62,26,0.4193548387
2015,50,14,0.2800000000
2016,52,26,0.5000000000
2017,72,28,0.3888888889
2018,60,22,0.3666666667
2019,70,36,0.5142857143
2020,60,26,0.4333333333
2021,58,28,0.4827586207
2022,60,22,0.3666666667
2023,74,40,0.5405405405
2024,70,26,0.3714285714
2025,54,22,0.4074074074
2026,60,26,0.4333333333
2027,64,24,0.3750000000
2028,56,16,0.2857142857
2029,66,22,0.3333333333
2030,62,20,0.3225806452
2031,66,28,0.4242424242
2032,60,28,0.4666666667
2033,62,22,0.3548387097
2034,58,18,0.3103448276
2035,52,16,0.3076923077
2036,52,12,0.2307692308
2037,60,22,0.3666666667
2038,66,28,0.4242424242
2039,66,32,0.4848484848
2040,60,14,0.2333333333
2041,60,16,0.2666666667
2042,50,12,0.2400000000
2043,62,20,0.3225806452
2044,56,24,0.4285714286
2045,62,20,0.3225806452
2046,62,26,0.4193548387
2047,66,24,0.3636363636
2048,52,24,0.4615384615
2049,58,26,0.4482758621
2050,58,12,0.2068965517
2051,62,22,0.3548387097
2052,54,14,0.2592592593
2053,50,26,0.5200000000
2054,56,22,0.3928571429
2055,78,42,0.5384615385
2056,74,28,0.3783783784
2057,64,30,0.4687500000
2058,66,24,0.3636363636
2059,64,22,0.3437500000
2060,64,26,0.4062500000
2061,64,24,0.3750000000
2062,58,10,0.1724137931
2063,64,24,0.3750000000
2064,66,24,0.3636363636
2065,54,24,0.4444444444
2066,50,18,0.3600000000
2067,52,18,0.3461538462
2068,68,28,0.4117647059
2069,58,16,0.2758620690
2070,68,26,0.3823529412
2071,64,22,0.3437500000
2072,66,24,0.3636363636
2073,68,26,0.3823529412
2074,64,24,0.3750000000
2075,60,24,0.4000000000
2076,64,24,0.3750000000
2077,64,28,0.4375000000
2078,62,24,0.3870967742
2079,58,30,0.5172413793
2080,62,18,0.2903225806
2081,60,24,0.4000000000
2082,62,32,0.5161290323
2083,54,24,0.4444444444
2084,68,26,0.3823529412
2085,64,30,0.4687500000
2086,64,20,0.3125000000
2087,58,22,0.3793103448
2088,170,80,0.4705882353
2089,64,22,0.3437500000
2090,62,28,0.4516129032
2091,64,18,0.2812500000
2092,68,28,0.4117647059
2093,60,28,0.4666666667
2094,46,16,0.3478260870
2095,68,26,0.3823529412
2096,50,10,0.2000000000
2097,62,18,0.2903225806
2098,128,34,0.2656250000
2099,54,22,0.4074074074
2100,48,10,0.2083333333
2101,70,16,0.2285714286
2102,62,30,0.4838709677
2103,64,26,0.4062500000
2104,56,22,0.3928571429
2105,64,26,0.4062500000
2106,66,30,0.4545454545
2107,58,16,0.2758620690
2108,54,30,0.5555555556
2109,66,18,0.2727272727
2110,62,26,0.4193548387
2111,56,22,0.3928571429
2112,60,28,0.4666666667
2113,58,26,0.4482758621
2114,62,16,0.2580645161
2115,60,20,0.3333333333
2116,64,24,0.3750000000
2117,50,10,0.2000000000
2118,58,24,0.4137931034
2119,78,14,0.1794871795
2120,66,24,0.3636363636
2121,58,24,0.4137931034
2122,66,24,0.3636363636
2123,62,24,0.3870967742
2124,62,24,0.3870967742
2125,60,24,0.4000000000
2126,62,28,0.4516129032
2127,60,18,0.3000000000
2128,66,22,0.3333333333
2129,68,24,0.3529411765
2130,66,20,0.3030303030
2131,66,26,0.3939393939
2132,62,20,0.3225806452
2133,58,24,0.4137931034
2134,60,14,0.2333333333
2135,66,24,0.3636363636
2136,38,0,0.0000000000
2137,66,28,0.4242424242
2138,56,16,0.2857142857
2139,56,14,0.2500000000
2140,64,24,0.3750000000
2141,60,20,0.3333333333
2142,68,26,0.3823529412
2143,66,24,0.3636363636
2144,58,20,0.3448275862
2145,64,18,0.2812500000
2146,70,28,0.4000000000
2147,66,24,0.3636363636
2148,74,30,0.4054054054
2149,64,26,0.4062500000
2150,58,28,0.4827586207
2151,68,32,0.4705882353
2152,66,30,0.4545454545
2153,88,46,0.5227272727
2154,56,24,0.4285714286
2155,70,18,0.2571428571
2156,62,16,0.2580645161
2157,60,26,0.4333333333
2158,54,28,0.5185185185
2159,58,12,0.2068965517
2160,66,28,0.4242424242
2161,66,26,0.3939393939
2162,60,24,0.4000000000
2163,58,24,0.4137931034
2164,66,24,0.3636363636
2165,66,24,0.3636363636
2166,54,20,0.3703703704
2167,64,26,0.4062500000
2168,56,26,0.4642857143
2169,56,12,0.2142857143
2170,46,16,0.3478260870
2171,62,30,0.4838709677
2172,64,26,0.4062500000
2173,56,26,0.4642857143
2174,66,28,0.4242424242
2175,56,26,0.4642857143
2176,64,30,0.4687500000
2177,50,24,0.4800000000
2178,58,24,0.4137931034
2179,64,18,0.2812500000
2180,62,28,0.4516129032
2181,62,20,0.3225806452
2182,60,16,0.2666666667
2183,54,14,0.2592592593
2184,68,16,0.2352941176
2185,64,24,0.3750000000
2186,60,24,0.4000000000
2187,68,26,0.3823529412
2188,54,26,0.4814814815
2189,64,16,0.2500000000
2190,64,20,0.3125000000
2191,62,16,0.2580645161
2192,62,22,0.3548387097
2193,62,26,0.4193548387
2194,70,26,0.3714285714
2195,62,20,0.3225806452
2196,58,22,0.3793103448
2197,64,20,0.3125000000
2198,62,20,0.3225806452
2199,60,14,0.2333333333
2200,60,24,0.4000000000
2201,58,26,0.4482758621
2202,64,28,0.4375000000
2203,52,12,0.2307692308
2204,64,22,0.3437500000
2205,58,16,0.2758620690
2206,60,20,0.3333333333
2207,60,22,0.3666666667
2208,66,28,0.4242424242
2209,62,0,0.0000000000
2210,50,30,0.6000000000
2211,68,20,0.2941176471
2212,66,28,0.4242424242
2213,62,18,0.2903225806
2214,62,22,0.3548387097
2215,66,26,0.3939393939
2216,64,20,0.3125000000
2217,68,26,0.3823529412
2218,54,18,0.3333333333
2219,72,22,0.3055555556
2220,62,32,0.5161290323
2221,64,28,0.4375000000
2222,66,26,0.3939393939
2223,60,24,0.4000000000
2224,58,22,0.3793103448
2225,88,22,0.2500000000
2226,64,26,0.4062500000
2227,58,20,0.3448275862
2228,66,22,0.3333333333
2229,58,14,0.2413793103
2230,56,12,0.2142857143
2231,60,28,0.4666666667
2232,48,14,0.2916666667
2233,68,28,0.4117647059
2234,50,10,0.2000000000
2235,64,24,0.3750000000
2236,70,24,0.3428571429
2237,60,12,0.2000000000
2238,60,30,0.5000000000
2239,68,28,0.4117647059
2240,52,16,0.3076923077
2241,60,20,0.3333333333
2242,76,38,0.5000000000
2243,64,24,0.3750000000
2244,70,38,0.5428571429
2245,62,28,0.4516129032
2246,68,26,0.3823529412
2247,64,22,0.3437500000
2248,72,28,0.3888888889
2249,66,32,0.4848484848
2250,84,26,0.3095238095
2251,64,28,0.4375000000
2252,62,22,0.3548387097
2253,54,20,0.3703703704
2254,68,28,0.4117647059
2255,72,28,0.3888888889
2256,60,24,0.4000000000
2257,58,22,0.3793103448
2258,58,30,0.5172413793
2259,72,28,0.3888888889
2260,66,24,0.3636363636
2261,64,24,0.3750000000
2262,54,26,0.4814814815
2263,56,10,0.1785714286
2264,70,28,0.4000000000
2265,66,28,0.4242424242
2266,36,0,0.0000000000
2267,62,16,0.2580645161
2268,62,36,0.5806451613
2269,58,20,0.3448275862
2270,68,20,0.2941176471
2271,52,14,0.2692307692
2272,62,26,0.4193548387
2273,66,28,0.4242424242
2274,58,18,0.3103448276
2275,56,20,0.3571428571
2276,92,24,0.2608695652
2277,60,22,0.3666666667
2278,66,28,0.4242424242
2279,60,34,0.5666666667
2280,76,28,0.3684210526
2281,62,26,0.4193548387
2282,58,20,0.3448275862
2283,60,24,0.4000000000
2284,64,18,0.2812500000
2285,68,34,0.5000000000
2286,66,26,0.3939393939
2287,58,30,0.5172413793
2288,66,22,0.3333333333
2289,64,24,0.3750000000
2290,64,16,0.2500000000
2291,66,26,0.3939393939
2292,74,26,0.3513513514
2293,68,24,0.3529411765
2294,60,18,0.3000000000
2295,52,24,0.4615384615
2296,60,22,0.3666666667
2297,64,24,0.3750000000
2298,54,12,0.2222222222
2299,116,32,0.2758620690
2300,64,22,0.3437500000
2301,56,16,0.2857142857
2302,70,32,0.4571428571
2303,62,28,0.4516129032
2304,58,18,0.3103448276
2305,62,18,0.2903225806
2306,66,22,0.3333333333
2307,58,20,0.3448275862
2308,60,28,0.4666666667
2309,54,16,0.2962962963
2310,64,24,0.3750000000
2311,48,22,0.4583333333
2312,64,26,0.4062500000
2313,66,20,0.3030303030
2314,64,28,0.4375000000
2315,62,28,0.4516129032
2316,62,26,0.4193548387
2317,58,18,0.3103448276
2318,66,24,0.3636363636
2319,64,34,0.5312500000
2320,56,18,0.3214285714
2321,52,14,0.2692307692
2322,50,16,0.3200000000
2323,62,14,0.2258064516
2324,60,24,0.4000000000
2325,62,24,0.3870967742
2326,78,18,0.2307692308
2327,68,26,0.3823529412
2328,62,24,0.3870967742
2329,94,26,0.2765957447
2330,56,18,0.3214285714
2331,60,22,0.3666666667
2332,70,28,0.4000000000
2333,66,26,0.3939393939
2334,62,24,0.3870967742
2335,62,26,0.4193548387
2336,74,38,0.5135135135
2337,70,24,0.3428571429
2338,60,18,0.3000000000
2339,54,16,0.2962962963
2340,60,24,0.4000000000
2341,56,22,0.3928571429
2342,52,14,0.2692307692
2343,60,18,0.3000000000
2344,64,20,0.3125000000
2345,54,16,0.2962962963
2346,66,22,0.3333333333
2347,68,22,0.3235294118
2348,66,30,0.4545454545
2349,66,28,0.4242424242
2350,70,26,0.3714285714
2351,56,16,0.2857142857
2352,62,24,0.3870967742
2353,58,24,0.4137931034
2354,86,18,0.2093023256
2355,58,20,0.3448275862
2356,50,12,0.2400000000
2357,44,20,0.4545454545
2358,60,26,0.4333333333
2359,70,26,0.3714285714
2360,58,18,0.3103448276
2361,70,28,0.4000000000
2362,60,22,0.3666666667
2363,64,22,0.3437500000
2364,64,28,0.4375000000
2365,60,26,0.4333333333
2366,60,28,0.4666666667
2367,62,26,0.4193548387
2368,58,24,0.4137931034
2369,68,24,0.3529411765
2370,68,24,0.3529411765
2371,58,26,0.4482758621
2372,62,26,0.4193548387
2373,62,24,0.3870967742
2374,58,28,0.4827586207
2375,52,24,0.4615384615
2376,70,16,0.2285714286
2377,68,18,0.2647058824
2378,88,24,0.2727272727
2379,62,26,0.4193548387
2380,56,20,0.3571428571
2381,62,26,0.4193548387
2382,58,26,0.4482758621
2383,62,28,0.4516129032
2384,66,32,0.4848484848
2385,54,22,0.4074074074
2386,62,28,0.4516129032
2387,68,28,0.4117647059
2388,66,32,0.4848484848
2389,62,24,0.3870967742
2390,68,22,0.3235294118
2391,62,22,0.3548387097
2392,62,26,0.4193548387
2393,62,24,0.3870967742
2394,68,22,0.3235294118
2395,60,22,0.3666666667
2396,66,24,0.3636363636
2397,50,8,0.1600000000
2398,60,18,0.3000000000
2399,60,22,0.3666666667
2400,62,24,0.3870967742
2401,66,26,0.3939393939
2402,80,38,0.4750000000
2403,62,24,0.3870967742
2404,56,28,0.5000000000
2405,56,16,0.2857142857
2406,62,20,0.3225806452
2407,60,22,0.3666666667
2408,56,24,0.4285714286
2409,64,24,0.3750000000
2410,68,28,0.4117647059
2411,60,28,0.4666666667
2412,66,28,0.4242424242
2413,60,18,0.3000000000
2414,68,24,0.3529411765
2415,54,14,0.2592592593
2416,68,20,0.2941176471
2417,44,10,0.2272727273
2418,60,18,0.3000000000
2419,70,34,0.4857142857
2420,66,24,0.3636363636
2421,66,20,0.3030303030
2422,52,16,0.3076923077
2423,62,28,0.4516129032
2424,118,60,0.5084745763
2425,68,24,0.3529411765
2426,66,28,0.4242424242
2427,66,26,0.3939393939
2428,60,26,0.4333333333
2429,60,22,0.3666666667
2430,64,32,0.5000000000
2431,70,18,0.2571428571
2432,58,18,0.3103448276
2433,66,24,0.3636363636
2434,60,22,0.3666666667
2435,60,20,0.3333333333
2436,66,28,0.4242424242
2437,64,24,0.3750000000
2438,62,24,0.3870967742
2439,66,34,0.5151515152
2440,64,26,0.4062500000
2441,54,12,0.2222222222
2442,52,14,0.2692307692
2443,54,16,0.2962962963
2444,60,20,0.3333333333
2445,56,24,0.4285714286
2446,60,38,0.6333333333
2447,68,18,0.2647058824
2448,60,24,0.4000000000
2449,64,24,0.3750000000
2450,58,20,0.3448275862
2451,74,22,0.2972972973
2452,62,32,0.5161290323
2453,70,26,0.3714285714
2454,64,20,0.3125000000
2455,60,20,0.3333333333
2456,54,12,0.2222222222
2457,68,28,0.4117647059
2458,56,30,0.5357142857
2459,54,16,0.2962962963
2460,68,18,0.2647058824
2461,56,22,0.3928571429
2462,56,20,0.3571428571
2463,60,24,0.4000000000
2464,64,22,0.3437500000
2465,68,26,0.3823529412
2466,58,24,0.4137931034
2467,68,26,0.3823529412
2468,64,14,0.2187500000
2469,122,32,0.2622950820
2470,66,26,0.3939393939
2471,68,26,0.3823529412
2472,76,32,0.4210526316
2473,64,24,0.3750000000
2474,68,26,0.3823529412
2475,66,24,0.3636363636
2476,62,24,0.3870967742
2477,58,24,0.4137931034
2478,70,28,0.4000000000
2479,48,14,0.2916666667
2480,62,18,0.2903225806
2481,54,20,0.3703703704
2482,58,24,0.4137931034
2483,40,12,0.3000000000
2484,58,14,0.2413793103
2485,56,26,0.4642857143
2486,66,14,0.2121212121
2487,60,24,0.4000000000
2488,62,26,0.4193548387
2489,58,26,0.4482758621
2490,64,26,0.4062500000
2491,60,26,0.4333333333
2492,58,20,0.3448275862
2493,68,32,0.4705882353
2494,60,26,0.4333333333
2495,56,18,0.3214285714
2496,66,30,0.4545454545
2497,62,30,0.4838709677
2498,60,24,0.4000000000
2499,64,26,0.4062500000
2500,56,12,0.2142857143
2501,108,54,0.5000000000
2502,78,16,0.2051282051
2503,70,28,0.4000000000
2504,66,32,0.4848484848
2505,62,20,0.3225806452
2506,58,18,0.3103448276
2507,62,24,0.3870967742
2508,62,28,0.4516129032
2509,68,30,0.4411764706
2510,56,20,0.3571428571
2511,64,28,0.4375000000
2512,62,24,0.3870967742
2513,130,34,0.2615384615
2514,68,26,0.3823529412
2515,80,42,0.5250000000
2516,86,40,0.4651162791
2517,74,18,0.2432432432
2518,58,26,0.4482758621
2519,70,32,0.4571428571
2520,58,24,0.4137931034
2521,64,20,0.3125000000
2522,56,18,0.3214285714
2523,50,10,0.2000000000
2524,62,28,0.4516129032
2525,56,16,0.2857142857
2526,68,24,0.3529411765
2527,52,20,0.3846153846
2528,58,16,0.2758620690
2529,74,38,0.5135135135
2530,66,24,0.3636363636
2531,68,26,0.3823529412
2532,50,22,0.4400000000
2533,54,12,0.2222222222
2534,74,26,0.3513513514
2535,62,22,0.3548387097
2536,46,10,0.2173913043
2537,62,22,0.3548387097
2538,62,22,0.3548387097
2539,62,24,0.3870967742
2540,60,30,0.5000000000
2541,60,18,0.3000000000
2542,62,18,0.2903225806
2543,68,16,0.2352941176
2544,60,16,0.2666666667
2545,54,24,0.4444444444
2546,66,22,0.3333333333
2547,60,24,0.4000000000
2548,66,28,0.4242424242
2549,62,24,0.3870967742
2550,64,28,0.4375000000
2551,72,40,0.5555555556
2552,56,26,0.4642857143
2553,60,20,0.3333333333
2554,84,22,0.2619047619
2555,58,16,0.2758620690
2556,106,26,0.2452830189
2557,54,30,0.5555555556
2558,60,28,0.4666666667
2559,60,20,0.3333333333
2560,60,18,0.3000000000
2561,56,22,0.3928571429
2562,48,28,0.5833333333
2563,68,26,0.3823529412
2564,56,22,0.3928571429
2565,60,24,0.4000000000
2566,66,22,0.3333333333
2567,60,22,0.3666666667
2568,68,28,0.4117647059
2569,70,22,0.3142857143
2570,60,26,0.4333333333
2571,68,20,0.2941176471
2572,58,16,0.2758620690
2573,54,12,0.2222222222
2574,56,26,0.4642857143
2575,58,20,0.3448275862
2576,66,24,0.3636363636
2577,60,20,0.3333333333
2578,56,18,0.3214285714
2579,66,22,0.3333333333
2580,58,28,0.4827586207
2581,76,34,0.4473684211
2582,56,26,0.4642857143
2583,54,28,0.5185185185
2584,50,26,0.5200000000
2585,62,28,0.4516129032
2586,62,24,0.3870967742
2587,64,30,0.4687500000
2588,58,14,0.2413793103
2589,62,26,0.4193548387
2590,70,28,0.4000000000
2591,58,14,0.2413793103
2592,62,24,0.3870967742
2593,62,20,0.3225806452
2594,70,26,0.3714285714
2595,70,30,0.4285714286
2596,60,22,0.3666666667
2597,62,20,0.3225806452
2598,66,30,0.4545454545
2599,58,18,0.3103448276
2600,62,22,0.3548387097
2601,96,50,0.5208333333
2602,52,20,0.3846153846
2603,54,12,0.2222222222
2604,56,24,0.4285714286
2605,64,22,0.3437500000
2606,66,22,0.3333333333
2607,62,22,0.3548387097
2608,60,16,0.2666666667
2609,60,18,0.3000000000
2610,56,20,0.3571428571
2611,56,32,0.5714285714
2612,64,26,0.4062500000
2613,62,22,0.3548387097
2614,64,22,0.3437500000
2615,64,28,0.4375000000
2616,60,22,0.3666666667
2617,68,26,0.3823529412
2618,64,34,0.5312500000
2619,68,26,0.3823529412
2620,46,18,0.3913043478
2621,60,20,0.3333333333
2622,64,26,0.4062500000
2623,66,26,0.3939393939
2624,78,18,0.2307692308
2625,68,26,0.3823529412
2626,66,28,0.4242424242
2627,64,26,0.4062500000
2628,64,24,0.3750000000
2629,58,20,0.3448275862
2630,58,12,0.2068965517
2631,64,30,0.4687500000
2632,88,20,0.2272727273
2633,54,18,0.3333333333
2634,62,30,0.4838709677
2635,72,26,0.3611111111
2636,56,26,0.4642857143
2637,62,26,0.4193548387
2638,62,28,0.4516129032
2639,58,24,0.4137931034
2640,50,26,0.5200000000
2641,58,26,0.4482758621
2642,64,16,0.2500000000
2643,60,18,0.3000000000
2644,60,24,0.4000000000
2645,74,28,0.3783783784
2646,60,26,0.4333333333
2647,62,26,0.4193548387
2648,56,22,0.3928571429
2649,60,18,0.3000000000
2650,68,26,0.3823529412
2651,56,26,0.4642857143
2652,60,22,0.3666666667
2653,58,26,0.4482758621
2654,66,26,0.3939393939
2655,52,22,0.4230769231
2656,56,24,0.4285714286
2657,64,20,0.3125000000
2658,64,22,0.3437500000
2659,54,16,0.2962962963
2660,68,26,0.3823529412
2661,62,26,0.4193548387
2662,58,24,0.4137931034
2663,78,42,0.5384615385
2664,78,30,0.3846153846
2665,62,16,0.2580645161
2666,68,30,0.4411764706
2667,64,28,0.4375000000
2668,60,18,0.3000000000
2669,58,22,0.3793103448
2670,74,36,0.4864864865
2671,60,30,0.5000000000
2672,58,22,0.3793103448
2673,60,18,0.3000000000
2674,60,22,0.3666666667
2675,54,14,0.2592592593
2676,92,22,0.2391304348
2677,56,22,0.3928571429
2678,54,32,0.5925925926
2679,62,24,0.3870967742
2680,66,26,0.3939393939
2681,60,18,0.3000000000
2682,58,30,0.5172413793
2683,56,20,0.3571428571
2684,54,18,0.3333333333
2685,60,4,0.0666666667
2686,62,28,0.4516129032
2687,66,30,0.4545454545
2688,64,28,0.4375000000
2689,66,26,0.3939393939
2690,46,16,0.3478260870
2691,66,24,0.3636363636
2692,64,30,0.4687500000
2693,60,30,0.5000000000
2694,56,26,0.4642857143
2695,60,18,0.3000000000
2696,62,24,0.3870967742
2697,68,22,0.3235294118
2698,56,16,0.2857142857
2699,56,26,0.4642857143
2700,70,30,0.4285714286
2701,66,24,0.3636363636
2702,60,20,0.3333333333
2703,62,22,0.3548387097
2704,54,26,0.4814814815
2705,66,36,0.5454545455
2706,52,14,0.2692307692
2707,70,24,0.3428571429
2708,58,16,0.2758620690
2709,52,16,0.3076923077
2710,56,16,0.2857142857
2711,50,16,0.3200000000
2712,60,18,0.3000000000
2713,58,22,0.3793103448
2714,66,24,0.3636363636
2715,66,22,0.3333333333
2716,58,22,0.3793103448
2717,56,16,0.2857142857
2718,56,10,0.1785714286
2719,64,26,0.4062500000
2720,52,24,0.4615384615
2721,52,24,0.4615384615
2722,58,20,0.3448275862
2723,54,20,0.3703703704
2724,60,20,0.3333333333
2725,54,24,0.4444444444
2726,60,22,0.3666666667
2727,60,16,0.2666666667
2728,68,26,0.3823529412
2729,60,20,0.3333333333
2730,62,28,0.4516129032
2731,62,12,0.1935483871
2732,66,30,0.4545454545
2733,64,32,0.5000000000
2734,60,24,0.4000000000
2735,68,26,0.3823529412
2736,58,18,0.3103448276
2737,62,32,0.5161290323
2738,60,26,0.4333333333
2739,70,24,0.3428571429
2740,52,18,0.3461538462
2741,54,26,0.4814814815
2742,66,26,0.3939393939
2743,110,26,0.2363636364
2744,66,24,0.3636363636
2745,60,26,0.4333333333
2746,62,26,0.4193548387
2747,68,34,0.5000000000
2748,90,52,0.5777777778
2749,48,16,0.3333333333
2750,66,28,0.4242424242
2751,78,40,0.5128205128
2752,54,30,0.5555555556
2753,60,24,0.4000000000
2754,114,64,0.5614035088
2755,62,24,0.3870967742
2756,62,20,0.3225806452
2757,64,24,0.3750000000
2758,62,22,0.3548387097
2759,60,22,0.3666666667
2760,52,18,0.3461538462
2761,60,20,0.3333333333
2762,56,28,0.5000000000
2763,70,26,0.3714285714
2764,60,18,0.3000000000
2765,54,14,0.2592592593
2766,54,24,0.4444444444
2767,64,26,0.4062500000
2768,64,30,0.4687500000
2769,60,30,0.5000000000
2770,64,24,0.3750000000
2771,46,22,0.4782608696
2772,70,26,0.3714285714
2773,68,26,0.3823529412
2774,66,22,0.3333333333
2775,66,22,0.3333333333
2776,56,30,0.5357142857
2777,58,32,0.5517241379
2778,52,10,0.1923076923
2779,64,22,0.3437500000
2780,74,8,0.1081081081
2781,66,18,0.2727272727
2782,54,24,0.4444444444
2783,56,22,0.3928571429
2784,90,46,0.5111111111
2785,60,18,0.3000000000
2786,60,26,0.4333333333
2787,64,22,0.3437500000
2788,56,18,0.3214285714
2789,134,30,0.2238805970
2790,66,30,0.4545454545
2791,60,14,0.2333333333
2792,64,22,0.3437500000
2793,58,30,0.5172413793
2794,62,20,0.3225806452
2795,68,24,0.3529411765
2796,70,26,0.3714285714
2797,58,26,0.4482758621
2798,62,26,0.4193548387
2799,60,16,0.2666666667
2800,62,28,0.4516129032
2801,60,20,0.3333333333
2802,58,24,0.4137931034
2803,72,26,0.3611111111
2804,62,24,0.3870967742
2805,60,30,0.5000000000
2806,58,16,0.2758620690
2807,64,22,0.3437500000
2808,72,22,0.3055555556
2809,64,22,0.3437500000
2810,60,28,0.4666666667
2811,58,16,0.2758620690
2812,56,24,0.4285714286
2813,52,32,0.6153846154
2814,56,22,0.3928571429
2815,64,18,0.2812500000
2816,66,26,0.3939393939
2817,66,24,0.3636363636
2818,68,28,0.4117647059
2819,68,24,0.3529411765
2820,62,24,0.3870967742
2821,66,20,0.3030303030
2822,72,20,0.2777777778
2823,54,16,0.2962962963
2824,52,22,0.4230769231
2825,58,24,0.4137931034
2826,68,22,0.3235294118
2827,70,22,0.3142857143
2828,78,36,0.4615384615
2829,62,26,0.4193548387
2830,60,26,0.4333333333
2831,60,20,0.3333333333
2832,60,20,0.3333333333
2833,70,24,0.3428571429
2834,68,32,0.4705882353
2835,62,22,0.3548387097
2836,60,14,0.2333333333
2837,56,20,0.3571428571
2838,68,36,0.5294117647
2839,66,28,0.4242424242
2840,56,18,0.3214285714
2841,64,28,0.4375000000
2842,164,42,0.2560975610
2843,56,22,0.3928571429
2844,66,26,0.3939393939
2845,60,28,0.4666666667
2846,62,20,0.3225806452
2847,60,26,0.4333333333
2848,66,24,0.3636363636
2849,54,12,0.2222222222
2850,54,14,0.2592592593
2851,66,28,0.4242424242
2852,68,26,0.3823529412
2853,60,24,0.4000000000
2854,72,30,0.4166666667
2855,64,32,0.5000000000
2856,66,26,0.3939393939
2857,54,24,0.4444444444
2858,68,20,0.2941176471
2859,68,28,0.4117647059
2860,68,30,0.4411764706
2861,66,22,0.3333333333
2862,66,20,0.3030303030
2863,62,22,0.3548387097
2864,68,26,0.3823529412
2865,58,22,0.3793103448
2866,64,26,0.4062500000
2867,68,34,0.5000000000
2868,64,30,0.4687500000
2869,58,20,0.3448275862
2870,64,26,0.4062500000
2871,102,54,0.5294117647
2872,62,30,0.4838709677
2873,54,30,0.5555555556
2874,66,26,0.3939393939
2875,58,14,0.2413793103
2876,56,18,0.3214285714
2877,62,20,0.3225806452
2878,66,24,0.3636363636
2879,62,28,0.4516129032
2880,56,14,0.2500000000
2881,60,24,0.4000000000
2882,56,28,0.5000000000
2883,62,26,0.4193548387
2884,60,24,0.4000000000
2885,70,28,0.4000000000
2886,84,46,0.5476190476
2887,68,26,0.3823529412
2888,154,34,0.2207792208
2889,62,24,0.3870967742
2890,66,22,0.3333333333
2891,74,26,0.3513513514
2892,62,22,0.3548387097
2893,62,26,0.4193548387
2894,66,26,0.3939393939
2895,60,20,0.3333333333
2896,58,16,0.2758620690
2897,56,20,0.3571428571
2898,58,16,0.2758620690
2899,68,24,0.3529411765
2900,62,28,0.4516129032
2901,66,22,0.3333333333
2902,62,22,0.3548387097
2903,68,32,0.4705882353
2904,58,26,0.4482758621
2905,62,16,0.2580645161
2906,54,22,0.4074074074
2907,66,26,0.3939393939
2908,52,12,0.2307692308
2909,62,24,0.3870967742
2910,62,26,0.4193548387
2911,62,22,0.3548387097
2912,60,16,0.2666666667
2913,48,18,0.3750000000
2914,50,14,0.2800000000
2915,66,28,0.4242424242
2916,64,30,0.4687500000
2917,66,24,0.3636363636
2918,62,18,0.2903225806
2919,84,42,0.5000000000
2920,64,24,0.3750000000
2921,58,22,0.3793103448
2922,66,24,0.3636363636
2923,56,14,0.2500000000
2924,70,30,0.4285714286
2925,52,26,0.5000000000
2926,62,30,0.4838709677
2927,52,24,0.4615384615
2928,66,22,0.3333333333
2929,64,26,0.4062500000
2930,68,22,0.3235294118
2931,64,28,0.4375000000
2932,64,24,0.3750000000
2933,66,34,0.5151515152
2934,76,30,0.3947368421
2935,80,20,0.2500000000
2936,38,8,0.2105263158
2937,60,18,0.3000000000
2938,70,24,0.3428571429
2939,58,22,0.3793103448
2940,62,22,0.3548387097
2941,50,28,0.5600000000
2942,70,22,0.3142857143
2943,66,26,0.3939393939
2944,82,20,0.2439024390
2945,48,18,0.3750000000
2946,58,24,0.4137931034
2947,60,24,0.4000000000
2948,58,22,0.3793103448
2949,64,30,0.4687500000
2950,56,30,0.5357142857
2951,106,26,0.2452830189
2952,64,26,0.4062500000
2953,68,24,0.3529411765
2954,58,20,0.3448275862
2955,60,24,0.4000000000
2956,54,10,0.1851851852
2957,68,28,0.4117647059
2958,62,24,0.3870967742
2959,70,30,0.4285714286
2960,58,22,0.3793103448
2961,58,14,0.2413793103
2962,58,22,0.3793103448
2963,52,14,0.2692307692
2964,68,28,0.4117647059
2965,68,28,0.4117647059
2966,62,28,0.4516129032
2967,62,24,0.3870967742
2968,70,28,0.4000000000
2969,50,26,0.5200000000
2970,82,46,0.5609756098
2971,56,22,0.3928571429
2972,68,28,0.4117647059
2973,60,28,0.4666666667
2974,68,28,0.4117647059
2975,52,26,0.5000000000
2976,64,24,0.3750000000
2977,50,28,0.5600000000
2978,78,22,0.2820512821
2979,60,24,0.4000000000
2980,76,30,0.3947368421
2981,60,24,0.4000000000
2982,58,32,0.5517241379
2983,60,26,0.4333333333
2984,62,24,0.3870967742
2985,62,30,0.4838709677
2986,58,20,0.3448275862
2987,64,22,0.3437500000
2988,58,28,0.4827586207
2989,54,20,0.3703703704
2990,64,26,0.4062500000
2991,64,28,0.4375000000
2992,68,32,0.4705882353
2993,62,22,0.3548387097
2994,64,26,0.4062500000
2995,60,22,0.3666666667
2996,70,26,0.3714285714
2997,62,22,0.3548387097
2998,64,26,0.4062500000
2999,64,28,0.4375000000
3000,66,24,0.3636363636
3001,68,28,0.4117647059
3002,60,16,0.2666666667
3003,64,22,0.3437500000
3004,52,16,0.3076923077
3005,66,24,0.3636363636
3006,66,26,0.3939393939
3007,56,18,0.3214285714
3008,62,24,0.3870967742
3009,68,22,0.3235294118
3010,62,16,0.2580645161
3011,64,24,0.3750000000
3012,62,20,0.3225806452
3013,68,36,0.5294117647
3014,56,34,0.6071428571
3015,66,26,0.3939393939
3016,70,26,0.3714285714
3017,48,14,0.2916666667
3018,64,20,0.3125000000
3019,64,20,0.3125000000
3020,60,14,0.2333333333
3021,64,28,0.4375000000
3022,66,28,0.4242424242
3023,64,24,0.3750000000
3024,54,16,0.2962962963
3025,66,24,0.3636363636
3026,76,26,0.3421052632
3027,60,14,0.2333333333
3028,66,28,0.4242424242
3029,66,28,0.4242424242
3030,62,24,0.3870967742
3031,106,22,0.2075471698
3032,62,28,0.4516129032
3033,56,14,0.2500000000
3034,60,24,0.4000000000
3035,70,20,0.2857142857
3036,54,14,0.2592592593
3037,58,30,0.5172413793
3038,60,22,0.3666666667
3039,66,28,0.4242424242
3040,64,26,0.4062500000
3041,66,20,0.3030303030
3042,62,20,0.3225806452
3043,60,26,0.4333333333
3044,44,14,0.3181818182
3045,66,24,0.3636363636
3046,52,12,0.2307692308
3047,64,26,0.4062500000
3048,52,32,0.6153846154
3049,66,26,0.3939393939
3050,62,26,0.4193548387
3051,68,30,0.4411764706
3052,66,20,0.3030303030
3053,70,20,0.2857142857
3054,64,24,0.3750000000
3055,72,30,0.4166666667
3056,68,24,0.3529411765
3057,100,54,0.5400000000
3058,66,24,0.3636363636
3059,72,36,0.5000000000
3060,62,30,0.4838709677
3061,66,28,0.4242424242
3062,62,22,0.3548387097
3063,62,20,0.3225806452
3064,70,24,0.3428571429
3065,62,24,0.3870967742
3066,54,12,0.2222222222
3067,54,26,0.4814814815
3068,66,22,0.3333333333
3069,68,26,0.3823529412
3070,70,30,0.4285714286
3071,58,16,0.2758620690
3072,58,20,0.3448275862
3073,66,22,0.3333333333
3074,64,32,0.5000000000
3075,60,26,0.4333333333
3076,64,24,0.3750000000
3077,62,26,0.4193548387
3078,60,20,0.3333333333
3079,46,22,0.4782608696
3080,56,28,0.5000000000
3081,60,24,0.4000000000
3082,66,22,0.3333333333
3083,64,24,0.3750000000
3084,62,24,0.3870967742
3085,56,28,0.5000000000
3086,60,26,0.4333333333
3087,106,28,0.2641509434
3088,52,12,0.2307692308
3089,60,26,0.4333333333
3090,60,24,0.4000000000
3091,60,24,0.4000000000
3092,68,24,0.3529411765
3093,62,28,0.4516129032
3094,58,24,0.4137931034
3095,68,18,0.2647058824
3096,62,14,0.2258064516
3097,62,18,0.2903225806
3098,64,26,0.4062500000
3099,66,28,0.4242424242
3100,58,24,0.4137931034
3101,62,26,0.4193548387
3102,68,24,0.3529411765
3103,62,20,0.3225806452
3104,60,24,0.4000000000
3105,66,26,0.3939393939
3106,90,46,0.5111111111
3107,50,16,0.3200000000
3108,126,64,0.5079365079
3109,60,32,0.5333333333
3110,68,30,0.4411764706
3111,70,28,0.4000000000
3112,62,28,0.4516129032
3113,50,20,0.4000000000
3114,56,24,0.4285714286
3115,48,22,0.4583333333
3116,84,24,0.2857142857
3117,70,26,0.3714285714
3118,66,24,0.3636363636
3119,62,26,0.4193548387
3120,54,14,0.2592592593
3121,60,36,0.6000000000
3122,60,24,0.4000000000
3123,66,30,0.4545454545
3124,58,20,0.3448275862
3125,54,16,0.2962962963
3126,70,22,0.3142857143
3127,70,30,0.4285714286
3128,58,20,0.3448275862
3129,56,22,0.3928571429
3130,64,22,0.3437500000
3131,60,30,0.5000000000
3132,58,20,0.3448275862
3133,60,20,0.3333333333
3134,64,14,0.2187500000
3135,60,22,0.3666666667
3136,60,20,0.3333333333
3137,64,36,0.5625000000
3138,66,24,0.3636363636
3139,62,24,0.3870967742
3140,54,24,0.4444444444
3141,56,24,0.4285714286
3142,72,20,0.2777777778
3143,56,24,0.4285714286
3144,64,30,0.4687500000
3145,60,24,0.4000000000
3146,58,26,0.4482758621
3147,62,20,0.3225806452
3148,58,26,0.4482758621
3149,64,24,0.3750000000
3150,54,26,0.4814814815
3151,66,20,0.3030303030
3152,54,30,0.5555555556
3153,72,26,0.3611111111
3154,62,22,0.3548387097
3155,66,24,0.3636363636
3156,46,20,0.4347826087
3157,62,24,0.3870967742
3158,82,40,0.4878048780
3159,64,20,0.3125000000
3160,88,26,0.2954545455
3161,66,30,0.4545454545
3162,64,30,0.4687500000
3163,64,26,0.4062500000
3164,54,18,0.3333333333
3165,60,26,0.4333333333
3166,56,18,0.3214285714
3167,58,32,0.5517241379
3168,76,40,0.5263157895
3169,64,26,0.4062500000
3170,60,18,0.3000000000
3171,104,32,0.3076923077
3172,58,20,0.3448275862
3173,68,26,0.3823529412
3174,66,22,0.3333333333
3175,60,32,0.5333333333
3176,200,48,0.2400000000
3177,68,26,0.3823529412
3178,62,26,0.4193548387
3179,66,26,0.3939393939
3180,66,24,0.3636363636
3181,58,26,0.4482758621
3182,66,26,0.3939393939
3183,62,26,0.4193548387
3184,54,22,0.4074074074
3185,66,26,0.3939393939
3186,58,18,0.3103448276
3187,52,22,0.4230769231
3188,66,26,0.3939393939
3189,72,28,0.3888888889
3190,66,28,0.4242424242
3191,64,26,0.4062500000
3192,62,28,0.4516129032
3193,70,28,0.4000000000
3194,60,24,0.4000000000
3195,62,18,0.2903225806
3196,52,8,0.1538461538
3197,64,24,0.3750000000
3198,66,28,0.4242424242
3199,68,16,0.2352941176
3200,68,24,0.3529411765
3201,66,22,0.3333333333
3202,62,26,0.4193548387
3203,60,18,0.3000000000
3204,72,20,0.2777777778
3205,62,22,0.3548387097
3206,56,16,0.2857142857
3207,66,16,0.2424242424
3208,64,26,0.4062500000
3209,58,18,0.3103448276
3210,62,16,0.2580645161
3211,64,20,0.3125000000
3212,68,28,0.4117647059
3213,54,24,0.4444444444
3214,66,20,0.3030303030
3215,66,22,0.3333333333
3216,58,26,0.4482758621
3217,66,24,0.3636363636
3218,60,16,0.2666666667
3219,50,8,0.1600000000
3220,60,22,0.3666666667
3221,58,26,0.4482758621
3222,64,20,0.3125000000
3223,54,24,0.4444444444
3224,66,24,0.3636363636
3225,58,20,0.3448275862
3226,62,24,0.3870967742
3227,60,20,0.3333333333
3228,62,34,0.5483870968
3229,72,22,0.3055555556
3230,62,24,0.3870967742
3231,56,22,0.3928571429
3232,126,70,0.5555555556
3233,64,26,0.4062500000
3234,62,28,0.4516129032
3235,58,28,0.4827586207
3236,72,20,0.2777777778
3237,60,24,0.4000000000
3238,70,22,0.3142857143
3239,56,26,0.4642857143
3240,52,14,0.2692307692
3241,62,24,0.3870967742
3242,62,24,0.3870967742
3243,66,24,0.3636363636
3244,60,20,0.3333333333
3245,68,26,0.3823529412
3246,48,18,0.3750000000
3247,64,26,0.4062500000
3248,66,28,0.4242424242
3249,58,22,0.3793103448
3250,58,26,0.4482758621
3251,64,24,0.3750000000
3252,52,22,0.4230769231
3253,58,30,0.5172413793
3254,66,30,0.4545454545
3255,58,20,0.3448275862
3256,64,20,0.3125000000
3257,66,22,0.3333333333
3258,64,28,0.4375000000
3259,52,18,0.3461538462
3260,62,26,0.4193548387
3261,70,14,0.2000000000
3262,62,22,0.3548387097
3263,52,12,0.2307692308
3264,62,24,0.3870967742
3265,64,20,0.3125000000
3266,56,22,0.3928571429
3267,112,28,0.2500000000
3268,58,28,0.4827586207
3269,66,24,0.3636363636
3270,62,22,0.3548387097
3271,66,24,0.3636363636
3272,62,24,0.3870967742
3273,70,20,0.2857142857
3274,70,30,0.4285714286
3275,56,16,0.2857142857
3276,64,26,0.4062500000
3277,62,30,0.4838709677
3278,72,36,0.5000000000
3279,62,26,0.4193548387
3280,62,24,0.3870967742
3281,50,24,0.4800000000
3282,58,22,0.3793103448
3283,66,28,0.4242424242
3284,56,12,0.2142857143
3285,64,18,0.2812500000
3286,60,24,0.4000000000
3287,58,14,0.2413793103
3288,68,16,0.2352941176
3289,70,32,0.4571428571
3290,62,28,0.4516129032
3291,58,20,0.3448275862
3292,56,14,0.2500000000
3293,84,20,0.2380952381
3294,56,10,0.1785714286
3295,62,20,0.3225806452
3296,58,18,0.3103448276
3297,62,20,0.3225806452
3298,94,22,0.2340425532
3299,62,26,0.4193548387
3300,58,16,0.2758620690
3301,64,24,0.3750000000
3302,48,12,0.2500000000
3303,80,38,0.4750000000
3304,60,22,0.3666666667
3305,56,22,0.3928571429
3306,60,18,0.3000000000
3307,56,26,0.4642857143
3308,66,26,0.3939393939
3309,58,22,0.3793103448
3310,64,36,0.5625000000
3311,68,22,0.3235294118
3312,58,24,0.4137931034
3313,60,28,0.4666666667
3314,60,26,0.4333333333
3315,68,22,0.3235294118
3316,60,24,0.4000000000
3317,62,20,0.3225806452
3318,66,28,0.4242424242
3319,48,14,0.2916666667
3320,64,22,0.3437500000
3321,58,20,0.3448275862
3322,64,18,0.2812500000
3323,54,14,0.2592592593
3324,66,28,0.4242424242
3325,64,30,0.4687500000
3326,60,24,0.4000000000
3327,76,18,0.2368421053
3328,56,22,0.3928571429
3329,64,26,0.4062500000
3330,66,24,0.3636363636
3331,62,32,0.5161290323
3332,66,26,0.3939393939
3333,66,26,0.3939393939
3334,72,32,0.4444444444
3335,64,26,0.4062500000
3336,54,28,0.5185185185
3337,68,24,0.3529411765
3338,70,28,0.4000000000
3339,42,10,0.2380952381
3340,68,26,0.3823529412
3341,66,28,0.4242424242
3342,56,16,0.2857142857
3343,74,26,0.3513513514
3344,60,22,0.3666666667
3345,56,16,0.2857142857
3346,64,24,0.3750000000
3347,60,24,0.4000000000
3348,60,16,0.2666666667
3349,64,22,0.3437500000
3350,96,48,0.5000000000
3351,60,24,0.4000000000
3352,56,28,0.5000000000
3353,68,36,0.5294117647
3354,64,26,0.4062500000
3355,66,22,0.3333333333
3356,66,34,0.5151515152
3357,68,30,0.4411764706
3358,58,24,0.4137931034
3359,64,28,0.4375000000
3360,60,22,0.3666666667
3361,50,16,0.3200000000
3362,66,30,0.4545454545
3363,64,28,0.4375000000
3364,58,18,0.3103448276
3365,58,20,0.3448275862
3366,66,22,0.3333333333
3367,58,24,0.4137931034
3368,62,20,0.3225806452
3369,62,22,0.3548387097
3370,54,22,0.4074074074
3371,54,24,0.4444444444
3372,76,20,0.2631578947
3373,54,22,0.4074074074
3374,62,16,0.2580645161
3375,62,16,0.2580645161
3376,58,28,0.4827586207
3377,68,22,0.3235294118
3378,46,12,0.2608695652
3379,68,30,0.4411764706
3380,54,16,0.2962962963
3381,50,26,0.5200000000
3382,54,20,0.3703703704
3383,56,16,0.2857142857
3384,60,28,0.4666666667
3385,62,28,0.4516129032
3386,70,26,0.3714285714
3387,62,26,0.4193548387
3388,60,14,0.2333333333
3389,66,30,0.4545454545
3390,58,30,0.5172413793
3391,72,26,0.3611111111
3392,58,26,0.4482758621
3393,62,30,0.4838709677
3394,70,24,0.3428571429
3395,58,30,0.5172413793
3396,54,22,0.4074074074
3397,52,30,0.5769230769
3398,86,42,0.4883720930
3399,50,14,0.2800000000
3400,68,28,0.4117647059
3401,72,16,0.2222222222
3402,62,24,0.3870967742
3403,54,26,0.4814814815
3404,60,20,0.3333333333
3405,64,28,0.4375000000
3406,60,22,0.3666666667
3407,64,26,0.4062500000
3408,62,30,0.4838709677
3409,60,24,0.4000000000
3410,64,18,0.2812500000
3411,64,22,0.3437500000
3412,70,24,0.3428571429
3413,48,26,0.5416666667
3414,56,0,0.0000000000
3415,70,24,0.3428571429
3416,66,20,0.3030303030
3417,62,24,0.3870967742
3418,62,32,0.5161290323
3419,52,18,0.3461538462
3420,60,24,0.4000000000
3421,54,22,0.4074074074
3422,66,24,0.3636363636
3423,62,28,0.4516129032
3424,54,16,0.2962962963
3425,58,26,0.4482758621
3426,62,34,0.5483870968
3427,116,28,0.2413793103
3428,64,26,0.4062500000
3429,60,20,0.3333333333
3430,78,32,0.4102564103
3431,62,18,0.2903225806
3432,68,20,0.2941176471
3433,66,30,0.4545454545
3434,54,14,0.2592592593
3435,48,30,0.6250000000
3436,56,22,0.3928571429
3437,48,26,0.5416666667
3438,62,20,0.3225806452
3439,56,24,0.4285714286
3440,70,24,0.3428571429
3441,56,26,0.4642857143
3442,58,26,0.4482758621
3443,58,18,0.3103448276
3444,56,18,0.3214285714
3445,70,26,0.3714285714
3446,66,24,0.3636363636
3447,62,18,0.2903225806
3448,46,8,0.1739130435
3449,62,18,0.2903225806
3450,70,34,0.4857142857
3451,66,24,0.3636363636
3452,64,24,0.3750000000
3453,62,24,0.3870967742
3454,58,28,0.4827586207
3455,70,38,0.5428571429
3456,56,22,0.3928571429
3457,62,24,0.3870967742
3458,54,22,0.4074074074
3459,58,18,0.3103448276
3460,54,16,0.2962962963
3461,58,26,0.4482758621
3462,64,20,0.3125000000
3463,54,14,0.2592592593
3464,52,14,0.2692307692
3465,62,18,0.2903225806
3466,62,24,0.3870967742
3467,56,16,0.2857142857
3468,60,28,0.4666666667
3469,62,32,0.5161290323
3470,64,16,0.2500000000
3471,62,24,0.3870967742
3472,70,26,0.3714285714
3473,60,22,0.3666666667
3474,56,26,0.4642857143
3475,60,26,0.4333333333
3476,52,20,0.3846153846
3477,48,14,0.2916666667
3478,66,22,0.3333333333
3479,60,28,0.4666666667
3480,54,22,0.4074074074
3481,68,28,0.4117647059
3482,64,28,0.4375000000
3483,60,20,0.3333333333
3484,64,28,0.4375000000
3485,64,24,0.3750000000
3486,92,44,0.4782608696
3487,62,28,0.4516129032
3488,62,20,0.3225806452
3489,72,36,0.5000000000
3490,64,28,0.4375000000
3491,62,24,0.3870967742
3492,100,24,0.2400000000
3493,70,24,0.3428571429
3494,82,42,0.5121951220
3495,68,36,0.5294117647
3496,68,24,0.3529411765
3497,66,24,0.3636363636
3498,66,24,0.3636363636
3499,66,16,0.2424242424
3500,58,24,0.4137931034
3501,66,16,0.2424242424
3502,62,26,0.4193548387
3503,64,26,0.4062500000
3504,54,22,0.4074074074
3505,68,28,0.4117647059
3506,52,20,0.3846153846
3507,56,18,0.3214285714
3508,52,14,0.2692307692
3509,64,26,0.4062500000
3510,58,20,0.3448275862
3511,50,26,0.5200000000
3512,66,24,0.3636363636
3513,54,26,0.4814814815
3514,58,20,0.3448275862
3515,66,24,0.3636363636
3516,62,24,0.3870967742
3517,66,24,0.3636363636
3518,58,20,0.3448275862
3519,58,26,0.4482758621
3520,68,36,0.5294117647
3521,94,24,0.2553191489
3522,68,20,0.2941176471
3523,60,20,0.3333333333
3524,52,26,0.5000000000
3525,62,18,0.2903225806
3526,70,24,0.3428571429
3527,64,26,0.4062500000
3528,58,22,0.3793103448
3529,66,22,0.3333333333
3530,58,28,0.4827586207
3531,66,26,0.3939393939
3532,70,30,0.4285714286
3533,66,24,0.3636363636
3534,54,26,0.4814814815
3535,72,42,0.5833333333
3536,66,24,0.3636363636
3537,60,18,0.3000000000
3538,58,28,0.4827586207
3539,66,24,0.3636363636
3540,58,22,0.3793103448
3541,54,16,0.2962962963
3542,62,22,0.3548387097
3543,58,22,0.3793103448
3544,62,32,0.5161290323
3545,68,24,0.3529411765
3546,62,20,0.3225806452
3547,62,24,0.3870967742
3548,60,20,0.3333333333
3549,64,22,0.3437500000
3550,62,24,0.3870967742
3551,60,26,0.4333333333
3552,62,26,0.4193548387
3553,46,24,0.5217391304
3554,66,24,0.3636363636
3555,68,20,0.2941176471
3556,64,30,0.4687500000
3557,62,24,0.3870967742
3558,64,26,0.4062500000
3559,60,26,0.4333333333
3560,64,22,0.3437500000
3561,60,18,0.3000000000
3562,64,28,0.4375000000
3563,68,22,0.3235294118
3564,62,22,0.3548387097
3565,62,22,0.3548387097
3566,86,42,0.4883720930
3567,62,22,0.3548387097
3568,62,20,0.3225806452
3569,62,38,0.6129032258
3570,88,20,0.2272727273
3571,54,10,0.1851851852
3572,56,24,0.4285714286
3573,56,18,0.3214285714
3574,52,20,0.3846153846
3575,56,20,0.3571428571
3576,60,20,0.3333333333
3577,50,14,0.2800000000
3578,64,22,0.3437500000
3579,104,24,0.2307692308
3580,64,22,0.3437500000
3581,62,20,0.3225806452
3582,64,24,0.3750000000
3583,60,24,0.4000000000
3584,60,28,0.4666666667
3585,62,24,0.3870967742
3586,62,12,0.1935483871
3587,54,18,0.3333333333
3588,48,14,0.2916666667
3589,62,28,0.4516129032
3590,64,22,0.3437500000
3591,66,22,0.3333333333
3592,54,22,0.4074074074
3593,64,20,0.3125000000
3594,56,26,0.4642857143
3595,64,26,0.4062500000
3596,70,28,0.4000000000
3597,88,20,0.2272727273
3598,62,20,0.3225806452
3599,58,20,0.3448275862
3600,118,36,0.3050847458
3601,62,20,0.3225806452
3602,54,20,0.3703703704
3603,58,24,0.4137931034
3604,58,14,0.2413793103
3605,58,20,0.3448275862
3606,56,28,0.5000000000
3607,50,24,0.4800000000
3608,64,24,0.3750000000
3609,60,24,0.4000000000
3610,62,26,0.4193548387
3611,58,28,0.4827586207
3612,64,26,0.4062500000
3613,58,26,0.4482758621
3614,74,30,0.4054054054
3615,62,24,0.3870967742
3616,60,30,0.5000000000
3617,66,20,0.3030303030
3618,66,26,0.3939393939
3619,180,90,0.5000000000
3620,62,26,0.4193548387
3621,54,30,0.5555555556
3622,76,26,0.3421052632
3623,66,18,0.2727272727
3624,58,26,0.4482758621
3625,64,26,0.4062500000
3626,62,24,0.3870967742
3627,64,22,0.3437500000
3628,62,24,0.3870967742
3629,52,8,0.1538461538
3630,76,20,0.2631578947
3631,56,26,0.4642857143
3632,54,12,0.2222222222
3633,68,30,0.4411764706
3634,62,28,0.4516129032
3635,52,2,0.0384615385
3636,64,24,0.3750000000
3637,60,18,0.3000000000
3638,62,28,0.4516129032
3639,52,28,0.5384615385
3640,84,48,0.5714285714
3641,72,32,0.4444444444
3642,62,26,0.4193548387
3643,54,12,0.2222222222
3644,62,26,0.4193548387
3645,68,28,0.4117647059
3646,62,24,0.3870967742
3647,66,28,0.4242424242
3648,54,20,0.3703703704
3649,62,28,0.4516129032
3650,68,28,0.4117647059
3651,70,26,0.3714285714
3652,66,22,0.3333333333
3653,64,22,0.3437500000
3654,70,28,0.4000000000
3655,64,20,0.3125000000
3656,62,26,0.4193548387
3657,62,28,0.4516129032
3658,64,32,0.5000000000
3659,54,20,0.3703703704
3660,62,16,0.2580645161
3661,60,26,0.4333333333
3662,56,14,0.2500000000
3663,68,26,0.3823529412
3664,52,26,0.5000000000
3665,62,26,0.4193548387
3666,52,30,0.5769230769
3667,62,20,0.3225806452
3668,68,24,0.3529411765
3669,68,26,0.3823529412
3670,66,28,0.4242424242
3671,62,28,0.4516129032
3672,62,22,0.3548387097
3673,60,24,0.4000000000
3674,58,16,0.2758620690
3675,56,22,0.3928571429
3676,56,22,0.3928571429
3677,86,22,0.2558139535
3678,70,28,0.4000000000
3679,64,24,0.3750000000
3680,64,18,0.2812500000
3681,62,20,0.3225806452
3682,62,24,0.3870967742
3683,64,32,0.5000000000
3684,64,20,0.3125000000
3685,56,16,0.2857142857
3686,62,24,0.3870967742
3687,60,26,0.4333333333
3688,62,12,0.1935483871
3689,88,20,0.2272727273
3690,56,16,0.2857142857
3691,60,26,0.4333333333
3692,64,24,0.3750000000
3693,60,26,0.4333333333
3694,62,26,0.4193548387
3695,64,16,0.2500000000
3696,60,22,0.3666666667
3697,56,24,0.4285714286
3698,74,20,0.2702702703
3699,62,18,0.2903225806
3700,62,26,0.4193548387
3701,66,18,0.2727272727
3702,54,20,0.3703703704
3703,60,28,0.4666666667
3704,68,40,0.5882352941
3705,64,16,0.2500000000
3706,56,30,0.5357142857
3707,60,22,0.3666666667
3708,64,22,0.3437500000
3709,62,26,0.4193548387
3710,60,22,0.3666666667
3711,64,24,0.3750000000
3712,64,28,0.4375000000
3713,64,22,0.3437500000
3714,78,38,0.4871794872
3715,60,26,0.4333333333
3716,72,30,0.4166666667
3717,66,20,0.3030303030
3718,68,24,0.3529411765
3719,62,18,0.2903225806
3720,52,14,0.2692307692
3721,60,22,0.3666666667
3722,68,28,0.4117647059
3723,52,18,0.3461538462
3724,70,24,0.3428571429
3725,52,22,0.4230769231
3726,64,26,0.4062500000
3727,60,26,0.4333333333
3728,50,28,0.5600000000
3729,58,20,0.3448275862
3730,66,18,0.2727272727
3731,62,26,0.4193548387
3732,60,26,0.4333333333
3733,60,32,0.5333333333
3734,62,26,0.4193548387
3735,68,28,0.4117647059
3736,64,22,0.3437500000
3737,72,28,0.3888888889
3738,66,22,0.3333333333
3739,64,24,0.3750000000
3740,56,20,0.3571428571
3741,36,8,0.2222222222
3742,58,32,0.5517241379
3743,64,28,0.4375000000
3744,62,20,0.3225806452
3745,48,26,0.5416666667
3746,58,16,0.2758620690
3747,76,16,0.2105263158
3748,96,24,0.2500000000
3749,62,26,0.4193548387
3750,68,30,0.4411764706
3751,54,14,0.2592592593
3752,62,26,0.4193548387
3753,60,24,0.4000000000
3754,62,32,0.5161290323
3755,58,18,0.3103448276
3756,66,16,0.2424242424
3757,68,28,0.4117647059
3758,66,26,0.3939393939
3759,62,26,0.4193548387
3760,64,26,0.4062500000
3761,64,26,0.4062500000
3762,58,24,0.4137931034
3763,56,14,0.2500000000
3764,66,30,0.4545454545
3765,70,42,0.6000000000
3766,130,64,0.4923076923
3767,70,16,0.2285714286
3768,66,22,0.3333333333
3769,64,26,0.4062500000
3770,62,24,0.3870967742
3771,80,18,0.2250000000
3772,80,18,0.2250000000
3773,64,24,0.3750000000
3774,70,28,0.4000000000
3775,56,30,0.5357142857
3776,68,30,0.4411764706
3777,62,24,0.3870967742
3778,66,34,0.5151515152
3779,62,16,0.2580645161
3780,66,24,0.3636363636
3781,64,20,0.3125000000
3782,56,16,0.2857142857
3783,58,28,0.4827586207
3784,56,22,0.3928571429
3785,64,22,0.3437500000
3786,106,28,0.2641509434
3787,60,14,0.2333333333
3788,64,20,0.3125000000
3789,62,18,0.2903225806
3790,66,26,0.3939393939
3791,62,22,0.3548387097
3792,64,26,0.4062500000
3793,60,22,0.3666666667
3794,62,14,0.2258064516
3795,68,24,0.3529411765
3796,56,14,0.2500000000
3797,64,26,0.4062500000
3798,66,28,0.4242424242
3799,56,20,0.3571428571
3800,58,16,0.2758620690
3801,58,34,0.5862068966
3802,66,24,0.3636363636
3803,64,26,0.4062500000
3804,56,26,0.4642857143
3805,64,24,0.3750000000
3806,134,80,0.5970149254
3807,62,22,0.3548387097
3808,60,18,0.3000000000
3809,68,28,0.4117647059
3810,66,28,0.4242424242
3811,62,26,0.4193548387
3812,56,16,0.2857142857
3813,54,12,0.2222222222
3814,64,20,0.3125000000
3815,62,22,0.3548387097
3816,62,14,0.2258064516
3817,50,26,0.5200000000
3818,64,28,0.4375000000
3819,68,28,0.4117647059
3820,62,32,0.5161290323
3821,58,22,0.3793103448
3822,54,14,0.2592592593
3823,64,24,0.3750000000
3824,66,14,0.2121212121
3825,52,24,0.4615384615
3826,62,26,0.4193548387
3827,56,12,0.2142857143
3828,58,14,0.2413793103
3829,60,20,0.3333333333
3830,60,20,0.3333333333
3831,60,20,0.3333333333
3832,56,18,0.3214285714
3833,56,16,0.2857142857
3834,58,24,0.4137931034
3835,66,32,0.4848484848
3836,60,30,0.5000000000
3837,54,24,0.4444444444
3838,60,22,0.3666666667
3839,66,26,0.3939393939
3840,58,22,0.3793103448
3841,60,24,0.4000000000
3842,62,22,0.3548387097
3843,58,20,0.3448275862
3844,54,14,0.2592592593
3845,66,22,0.3333333333
3846,60,18,0.3000000000
3847,54,20,0.3703703704
3848,56,30,0.5357142857
3849,68,28,0.4117647059
3850,60,24,0.4000000000
3851,62,22,0.3548387097
3852,62,28,0.4516129032
3853,70,22,0.3142857143
3854,70,30,0.4285714286
3855,62,22,0.3548387097
3856,64,30,0.4687500000
3857,64,24,0.3750000000
3858,90,24,0.2666666667
3859,54,24,0.4444444444
3860,56,18,0.3214285714
3861,60,24,0.4000000000
3862,60,20,0.3333333333
3863,72,32,0.4444444444
3864,64,30,0.4687500000
3865,64,26,0.4062500000
3866,52,16,0.3076923077
3867,62,22,0.3548387097
3868,60,22,0.3666666667
3869,72,26,0.3611111111
3870,68,24,0.3529411765
3871,60,16,0.2666666667
3872,66,28,0.4242424242
3873,60,24,0.4000000000
3874,58,22,0.3793103448
3875,54,24,0.4444444444
3876,54,12,0.2222222222
3877,54,18,0.3333333333
3878,54,26,0.4814814815
3879,58,24,0.4137931034
3880,62,20,0.3225806452
3881,62,16,0.2580645161
3882,58,18,0.3103448276
3883,60,14,0.2333333333
3884,64,22,0.3437500000
3885,64,32,0.5000000000
3886,68,28,0.4117647059
3887,64,30,0.4687500000
3888,102,30,0.2941176471
3889,58,26,0.4482758621
3890,62,26,0.4193548387
3891,62,24,0.3870967742
3892,68,30,0.4411764706
3893,64,28,0.4375000000
3894,58,26,0.4482758621
3895,74,24,0.3243243243
3896,64,24,0.3750000000
3897,50,14,0.2800000000
3898,68,26,0.3823529412
3899,68,28,0.4117647059
3900,64,14,0.2187500000
3901,58,28,0.4827586207
3902,74,28,0.3783783784
3903,62,24,0.3870967742
3904,64,24,0.3750000000
3905,68,30,0.4411764706
3906,70,26,0.3714285714
3907,54,26,0.4814814815
3908,56,20,0.3571428571
3909,54,20,0.3703703704
3910,58,22,0.3793103448
3911,60,24,0.4000000000
3912,66,26,0.3939393939
3913,56,12,0.2142857143
3914,54,22,0.4074074074
3915,58,20,0.3448275862
3916,58,18,0.3103448276
3917,74,28,0.3783783784
3918,62,24,0.3870967742
3919,54,16,0.2962962963
3920,106,26,0.2452830189
3921,62,24,0.3870967742
3922,62,24,0.3870967742
3923,58,18,0.3103448276
3924,66,24,0.3636363636
3925,62,20,0.3225806452
3926,70,26,0.3714285714
3927,58,26,0.4482758621
3928,64,24,0.3750000000
3929,58,30,0.5172413793
3930,62,24,0.3870967742
3931,70,32,0.4571428571
3932,64,20,0.3125000000
3933,64,26,0.4062500000
3934,62,24,0.3870967742
3935,58,24,0.4137931034
3936,64,18,0.2812500000
3937,58,26,0.4482758621
3938,68,26,0.3823529412
3939,70,28,0.4000000000
3940,48,14,0.2916666667
3941,64,24,0.3750000000
3942,56,16,0.2857142857
3943,52,14,0.2692307692
3944,56,22,0.3928571429
3945,64,28,0.4375000000
3946,60,26,0.4333333333
3947,60,26,0.4333333333
3948,66,24,0.3636363636
3949,66,22,0.3333333333
3950,56,28,0.5000000000
3951,60,26,0.4333333333
3952,52,12,0.2307692308
3953,62,24,0.3870967742
3954,62,22,0.3548387097
3955,68,24,0.3529411765
3956,60,28,0.4666666667
3957,52,14,0.2692307692
3958,62,22,0.3548387097
3959,60,26,0.4333333333
3960,60,26,0.4333333333
3961,64,26,0.4062500000
3962,58,16,0.2758620690
3963,56,20,0.3571428571
3964,56,22,0.3928571429
3965,62,18,0.2903225806
3966,66,26,0.3939393939
3967,60,28,0.4666666667
3968,70,28,0.4000000000
3969,58,18,0.3103448276
3970,58,20,0.3448275862
3971,64,34,0.5312500000
3972,64,22,0.3437500000
3973,64,22,0.3437500000
3974,66,22,0.3333333333
3975,70,20,0.2857142857
3976,70,30,0.4285714286
3977,70,16,0.2285714286
3978,68,28,0.4117647059
3979,66,26,0.3939393939
3980,76,22,0.2894736842
3981,64,22,0.3437500000
3982,62,18,0.2903225806
3983,82,20,0.2439024390
3984,68,24,0.3529411765
3985,76,40,0.5263157895
3986,66,30,0.4545454545
3987,60,18,0.3000000000
3988,70,26,0.3714285714
3989,58,20,0.3448275862
3990,60,20,0.3333333333
3991,60,28,0.4666666667
3992,52,20,0.3846153846
3993,66,18,0.2727272727
3994,64,26,0.4062500000
3995,58,22,0.3793103448
3996,58,28,0.4827586207
3997,52,24,0.4615384615
3998,66,24,0.3636363636
3999,168,46,0.2738095238
4000,64,24,0.3750000000
4001,62,28,0.4516129032
4002,54,10,0.1851851852
4003,64,24,0.3750000000
4004,60,22,0.3666666667
4005,60,24,0.4000000000
4006,58,20,0.3448275862
4007,66,22,0.3333333333
4008,68,8,0.1176470588
4009,58,18,0.3103448276
4010,56,16,0.2857142857
4011,62,24,0.3870967742
4012,62,22,0.3548387097
4013,58,20,0.3448275862
4014,54,32,0.5925925926
4015,66,24,0.3636363636
4016,68,30,0.4411764706
4017,64,26,0.4062500000
4018,62,18,0.2903225806
4019,72,26,0.3611111111
4020,58,12,0.2068965517
4021,66,24,0.3636363636
4022,70,28,0.4000000000
4023,60,20,0.3333333333
4024,62,26,0.4193548387
4025,54,26,0.4814814815
4026,62,20,0.3225806452
4027,58,24,0.4137931034
4028,62,22,0.3548387097
4029,60,20,0.3333333333
4030,60,24,0.4000000000
4031,62,20,0.3225806452
4032,64,26,0.4062500000
4033,56,20,0.3571428571
4034,46,34,0.7391304348
4035,64,26,0.4062500000
4036,66,30,0.4545454545
4037,54,14,0.2592592593
4038,60,26,0.4333333333
4039,66,26,0.3939393939
4040,60,24,0.4000000000
4041,70,24,0.3428571429
4042,60,24,0.4000000000
4043,58,16,0.2758620690
4044,54,14,0.2592592593
4045,60,24,0.4000000000
4046,66,26,0.3939393939
4047,56,22,0.3928571429
4048,62,26,0.4193548387
4049,56,12,0.2142857143
4050,56,24,0.4285714286
4051,64,22,0.3437500000
4052,70,30,0.4285714286
4053,54,14,0.2592592593
4054,60,20,0.3333333333
4055,70,26,0.3714285714
4056,62,18,0.2903225806
4057,58,12,0.2068965517
4058,66,30,0.4545454545
4059,62,26,0.4193548387
4060,58,22,0.3793103448
4061,60,16,0.2666666667
4062,76,16,0.2105263158
4063,58,24,0.4137931034
4064,68,28,0.4117647059
4065,58,16,0.2758620690
4066,68,26,0.3823529412
4067,58,22,0.3793103448
4068,64,22,0.3437500000
4069,62,18,0.2903225806
4070,72,26,0.3611111111
4071,72,28,0.3888888889
4072,72,26,0.3611111111
4073,64,22,0.3437500000
4074,58,20,0.3448275862
4075,64,20,0.3125000000
4076,60,24,0.4000000000
4077,62,28,0.4516129032
4078,66,30,0.4545454545
4079,60,26,0.4333333333
4080,56,14,0.2500000000
4081,56,28,0.5000000000
4082,70,28,0.4000000000
4083,58,14,0.2413793103
4084,56,28,0.5000000000
4085,56,16,0.2857142857
4086,64,28,0.4375000000
4087,70,24,0.3428571429
4088,60,20,0.3333333333
4089,60,28,0.4666666667
4090,62,24,0.3870967742
4091,54,20,0.3703703704
4092,64,24,0.3750000000
4093,58,18,0.3103448276
4094,62,22,0.3548387097
4095,62,24,0.3870967742
4096,54,16,0.2962962963
4097,64,24,0.3750000000
4098,76,20,0.2631578947
4099,64,22,0.3437500000
4100,66,26,0.3939393939
4101,50,28,0.5600000000
4102,62,24,0.3870967742
4103,54,12,0.2222222222
4104,62,22,0.3548387097
4105,48,10,0.2083333333
4106,64,26,0.4062500000
4107,52,14,0.2692307692
4108,64,22,0.3437500000
4109,64,28,0.4375000000
4110,60,28,0.4666666667
4111,54,16,0.2962962963
4112,66,26,0.3939393939
4113,60,28,0.4666666667
4114,56,10,0.1785714286
4115,58,24,0.4137931034
4116,64,26,0.4062500000
4117,78,16,0.2051282051
4118,58,14,0.2413793103
4119,102,52,0.5098039216
4120,60,26,0.4333333333
4121,70,28,0.4000000000
4122,64,26,0.4062500000
4123,56,26,0.4642857143
4124,58,16,0.2758620690
4125,60,32,0.5333333333
4126,88,58,0.6590909091
4127,66,24,0.3636363636
4128,50,24,0.4800000000
4129,66,26,0.3939393939
4130,54,24,0.4444444444
4131,62,20,0.3225806452
4132,64,26,0.4062500000
4133,70,30,0.4285714286
4134,62,26,0.4193548387
4135,62,20,0.3225806452
4136,58,16,0.2758620690
4137,98,26,0.2653061224
4138,62,16,0.2580645161
4139,70,28,0.4000000000
4140,68,24,0.3529411765
4141,70,24,0.3428571429
4142,60,28,0.4666666667
4143,64,20,0.3125000000
4144,54,16,0.2962962963
4145,52,22,0.4230769231
4146,66,22,0.3333333333
4147,70,16,0.2285714286
4148,50,14,0.2800000000
4149,62,32,0.5161290323
4150,60,18,0.3000000000
4151,52,14,0.2692307692
4152,68,22,0.3235294118
4153,74,22,0.2972972973
4154,66,24,0.3636363636
4155,62,24,0.3870967742
4156,70,30,0.4285714286
4157,64,16,0.2500000000
4158,70,22,0.3142857143
4159,50,16,0.3200000000
4160,56,10,0.1785714286
4161,66,0,0.0000000000
4162,54,16,0.2962962963
4163,56,28,0.5000000000
4164,68,18,0.2647058824
4165,68,24,0.3529411765
4166,56,20,0.3571428571
4167,64,20,0.3125000000
4168,56,16,0.2857142857
4169,62,20,0.3225806452
4170,60,30,0.5000000000
4171,52,16,0.3076923077
4172,52,16,0.3076923077
4173,68,24,0.3529411765
4174,54,22,0.4074074074
4175,52,14,0.2692307692
4176,60,22,0.3666666667
4177,52,18,0.3461538462
4178,56,16,0.2857142857
4179,64,26,0.4062500000
4180,66,30,0.4545454545
4181,60,20,0.3333333333
4182,52,8,0.1538461538
4183,68,24,0.3529411765
4184,52,12,0.2307692308
4185,66,24,0.3636363636
4186,70,22,0.3142857143
4187,58,20,0.3448275862
4188,66,30,0.4545454545
4189,70,24,0.3428571429
4190,92,26,0.2826086957
4191,52,16,0.3076923077
4192,62,28,0.4516129032
4193,66,26,0.3939393939
4194,62,18,0.2903225806
4195,60,14,0.2333333333
4196,66,22,0.3333333333
4197,98,22,0.2244897959
4198,64,36,0.5625000000
4199,54,22,0.4074074074
4200,68,30,0.4411764706
4201,54,28,0.5185185185
4202,82,18,0.2195121951
4203,70,26,0.3714285714
4204,64,24,0.3750000000
4205,60,24,0.4000000000
4206,66,30,0.4545454545
4207,50,10,0.2000000000
4208,62,24,0.3870967742
4209,60,24,0.4000000000
4210,66,22,0.3333333333
4211,70,26,0.3714285714
4212,58,22,0.3793103448
4213,56,20,0.3571428571
4214,60,20,0.3333333333
4215,64,24,0.3750000000
4216,62,18,0.2903225806
4217,60,26,0.4333333333
4218,68,28,0.4117647059
4219,52,22,0.4230769231
4220,64,28,0.4375000000
4221,56,32,0.5714285714
4222,54,22,0.4074074074
4223,60,22,0.3666666667
4224,60,24,0.4000000000
4225,56,12,0.2142857143
4226,68,26,0.3823529412
4227,64,28,0.4375000000
4228,52,16,0.3076923077
4229,62,20,0.3225806452
4230,64,24,0.3750000000
4231,64,24,0.3750000000
4232,54,14,0.2592592593
4233,64,20,0.3125000000
4234,52,28,0.5384615385
4235,62,30,0.4838709677
4236,72,28,0.3888888889
4237,62,22,0.3548387097
4238,56,18,0.3214285714
4239,54,14,0.2592592593
4240,58,20,0.3448275862
4241,58,22,0.3793103448
4242,64,22,0.3437500000
4243,62,34,0.5483870968
4244,66,28,0.4242424242
4245,66,26,0.3939393939
4246,60,20,0.3333333333
4247,60,22,0.3666666667
4248,42,2,0.0476190476
4249,62,26,0.4193548387
4250,64,24,0.3750000000
4251,74,24,0.3243243243
4252,54,28,0.5185185185
4253,58,34,0.5862068966
4254,62,26,0.4193548387
4255,90,44,0.4888888889
4256,52,18,0.3461538462
4257,58,24,0.4137931034
4258,66,26,0.3939393939
4259,80,18,0.2250000000
4260,68,26,0.3823529412
4261,66,28,0.4242424242
4262,94,48,0.5106382979
4263,66,24,0.3636363636
4264,64,26,0.4062500000
4265,68,26,0.3823529412
4266,176,94,0.5340909091
4267,44,26,0.5909090909
4268,64,20,0.3125000000
4269,60,26,0.4333333333
4270,66,22,0.3333333333
4271,60,24,0.4000000000
4272,64,28,0.4375000000
4273,60,20,0.3333333333
4274,60,20,0.3333333333
4275,64,26,0.4062500000
4276,68,18,0.2647058824
4277,52,12,0.2307692308
4278,62,20,0.3225806452
4279,60,20,0.3333333333
4280,68,24,0.3529411765
4281,66,28,0.4242424242
4282,52,14,0.2692307692
4283,66,30,0.4545454545
4284,60,24,0.4000000000
4285,66,24,0.3636363636
4286,64,24,0.3750000000
4287,70,26,0.3714285714
4288,68,16,0.2352941176
4289,62,26,0.4193548387
4290,66,24,0.3636363636
4291,98,22,0.2244897959
4292,76,32,0.4210526316
4293,50,14,0.2800000000
4294,66,18,0.2727272727
4295,56,30,0.5357142857
4296,74,22,0.2972972973
4297,60,20,0.3333333333
4298,78,20,0.2564102564
4299,68,22,0.3235294118
4300,58,28,0.4827586207
4301,44,4,0.0909090909
4302,48,12,0.2500000000
4303,66,30,0.4545454545
4304,98,24,0.2448979592
4305,60,24,0.4000000000
4306,68,24,0.3529411765
4307,60,24,0.4000000000
4308,50,10,0.2000000000
4309,58,28,0.4827586207
4310,64,26,0.4062500000
4311,64,22,0.3437500000
4312,52,28,0.5384615385
4313,62,26,0.4193548387
4314,72,24,0.3333333333
4315,60,24,0.4000000000
4316,64,26,0.4062500000
4317,58,30,0.5172413793
4318,54,22,0.4074074074
4319,64,26,0.4062500000
4320,50,26,0.5200000000
4321,54,16,0.2962962963
4322,56,16,0.2857142857
4323,68,18,0.2647058824
4324,60,24,0.4000000000
4325,66,22,0.3333333333
4326,72,24,0.3333333333
4327,62,14,0.2258064516
4328,62,24,0.3870967742
4329,60,26,0.4333333333
4330,64,26,0.4062500000
4331,64,24,0.3750000000
4332,66,22,0.3333333333
4333,56,22,0.3928571429
4334,56,20,0.3571428571
4335,62,20,0.3225806452
4336,78,40,0.5128205128
4337,56,18,0.3214285714
4338,58,22,0.3793103448
4339,64,26,0.4062500000
4340,64,18,0.2812500000
4341,68,34,0.5000000000
4342,56,20,0.3571428571
4343,66,16,0.2424242424
4344,64,26,0.4062500000
4345,62,24,0.3870967742
4346,70,38,0.5428571429
4347,54,14,0.2592592593
4348,54,22,0.4074074074
4349,66,28,0.4242424242
4350,60,26,0.4333333333
4351,64,28,0.4375000000
4352,60,24,0.4000000000
4353,76,20,0.2631578947
4354,62,22,0.3548387097
4355,60,20,0.3333333333
4356,54,14,0.2592592593
4357,60,28,0.4666666667
4358,64,28,0.4375000000
4359,60,18,0.3000000000
4360,66,24,0.3636363636
4361,56,18,0.3214285714
4362,52,22,0.4230769231
4363,62,22,0.3548387097
4364,58,12,0.2068965517
4365,56,26,0.4642857143
4366,72,22,0.3055555556
4367,54,18,0.3333333333
4368,58,22,0.3793103448
4369,50,26,0.5200000000
4370,58,28,0.4827586207
4371,58,26,0.4482758621
4372,56,28,0.5000000000
4373,60,12,0.2000000000
4374,72,32,0.4444444444
4375,60,22,0.3666666667
4376,56,16,0.2857142857
4377,56,22,0.3928571429
4378,54,22,0.4074074074
4379,60,18,0.3000000000
4380,58,26,0.4482758621
4381,62,22,0.3548387097
4382,58,14,0.2413793103
4383,62,28,0.4516129032
4384,66,26,0.3939393939
4385,58,26,0.4482758621
4386,170,42,0.2470588235
4387,62,22,0.3548387097
4388,68,24,0.3529411765
4389,70,22,0.3142857143
4390,62,26,0.4193548387
4391,54,30,0.5555555556
4392,58,26,0.4482758621
4393,52,14,0.2692307692
4394,76,38,0.5000000000
4395,66,24,0.3636363636
4396,68,30,0.4411764706
4397,60,22,0.3666666667
4398,60,32,0.5333333333
4399,60,24,0.4000000000
4400,60,28,0.4666666667
4401,66,22,0.3333333333
4402,60,20,0.3333333333
4403,54,22,0.4074074074
4404,58,18,0.3103448276
4405,62,20,0.3225806452
4406,64,22,0.3437500000
4407,58,32,0.5517241379
4408,70,26,0.3714285714
4409,60,20,0.3333333333
4410,64,28,0.4375000000
4411,58,18,0.3103448276
4412,64,20,0.3125000000
4413,62,26,0.4193548387
4414,58,14,0.2413793103
4415,60,22,0.3666666667
4416,58,32,0.5517241379
4417,62,18,0.2903225806
4418,62,20,0.3225806452
4419,66,24,0.3636363636
4420,60,14,0.2333333333
4421,60,32,0.5333333333
4422,60,22,0.3666666667
4423,98,26,0.2653061224
4424,62,32,0.5161290323
4425,68,26,0.3823529412
4426,60,28,0.4666666667
4427,50,14,0.2800000000
4428,62,18,0.2903225806
4429,60,26,0.4333333333
4430,76,18,0.2368421053
4431,64,18,0.2812500000
4432,64,24,0.3750000000
4433,60,24,0.4000000000
4434,66,26,0.3939393939
4435,54,18,0.3333333333
4436,58,22,0.3793103448
4437,58,20,0.3448275862
4438,58,26,0.4482758621
4439,58,18,0.3103448276
4440,72,34,0.4722222222
4441,62,26,0.4193548387
4442,64,30,0.4687500000
4443,60,26,0.4333333333
4444,54,18,0.3333333333
4445,46,0,0.0000000000
4446,64,26,0.4062500000
4447,56,34,0.6071428571
4448,62,22,0.3548387097
4449,60,22,0.3666666667
4450,64,24,0.3750000000
4451,54,14,0.2592592593
4452,70,24,0.3428571429
4453,56,14,0.2500000000
4454,56,16,0.2857142857
4455,54,28,0.5185185185
4456,66,22,0.3333333333
4457,60,26,0.4333333333
4458,62,22,0.3548387097
4459,70,36,0.5142857143
4460,64,26,0.4062500000
4461,60,24,0.4000000000
4462,60,14,0.2333333333
4463,60,24,0.4000000000
4464,52,20,0.3846153846
4465,62,30,0.4838709677
4466,66,26,0.3939393939
4467,58,12,0.2068965517
4468,70,38,0.5428571429
4469,56,24,0.4285714286
4470,66,20,0.3030303030
4471,52,12,0.2307692308
4472,62,16,0.2580645161
4473,60,20,0.3333333333
4474,50,24,0.4800000000
4475,60,24,0.4000000000
4476,64,28,0.4375000000
4477,60,22,0.3666666667
4478,56,26,0.4642857143
4479,72,28,0.3888888889
4480,64,26,0.4062500000
4481,58,16,0.2758620690
4482,70,22,0.3142857143
4483,72,32,0.4444444444
4484,62,18,0.2903225806
4485,52,24,0.4615384615
4486,62,26,0.4193548387
4487,66,26,0.3939393939
4488,108,28,0.2592592593
4489,56,22,0.3928571429
4490,62,26,0.4193548387
4491,58,20,0.3448275862
4492,58,30,0.5172413793
4493,66,24,0.3636363636
4494,72,18,0.2500000000
4495,72,24,0.3333333333
4496,58,24,0.4137931034
4497,60,16,0.2666666667
4498,60,12,0.2000000000
4499,66,30,0.4545454545
4500,68,22,0.3235294118
4501,54,22,0.4074074074
4502,64,20,0.3125000000
4503,54,32,0.5925925926
4504,72,40,0.5555555556
4505,58,14,0.2413793103
4506,56,22,0.3928571429
4507,76,38,0.5000000000
4508,60,22,0.3666666667
4509,68,18,0.2647058824
4510,56,44,0.7857142857
4511,56,22,0.3928571429
4512,62,26,0.4193548387
4513,64,26,0.4062500000
4514,104,56,0.5384615385
4515,64,22,0.3437500000
4516,66,28,0.4242424242
4517,66,28,0.4242424242
4518,66,28,0.4242424242
4519,66,28,0.4242424242
4520,66,26,0.3939393939
4521,62,20,0.3225806452
4522,60,22,0.3666666667
4523,58,26,0.4482758621
4524,62,26,0.4193548387
4525,58,16,0.2758620690
4526,60,26,0.4333333333
4527,60,24,0.4000000000
4528,60,26,0.4333333333
4529,68,30,0.4411764706
4530,60,18,0.3000000000
4531,64,24,0.3750000000
4532,60,32,0.5333333333
4533,60,22,0.3666666667
4534,64,22,0.3437500000
4535,84,24,0.2857142857
4536,58,24,0.4137931034
4537,54,18,0.3333333333
4538,64,28,0.4375000000
4539,50,18,0.3600000000
4540,62,24,0.3870967742
4541,84,22,0.2619047619
4542,66,28,0.4242424242
4543,60,20,0.3333333333
4544,68,24,0.3529411765
4545,60,12,0.2000000000
4546,68,22,0.3235294118
4547,122,58,0.4754098361
4548,56,26,0.4642857143
4549,60,24,0.4000000000
4550,72,26,0.3611111111
4551,62,26,0.4193548387
4552,68,26,0.3823529412
4553,58,18,0.3103448276
4554,62,28,0.4516129032
4555,64,22,0.3437500000
4556,54,26,0.4814814815
4557,60,24,0.4000000000
4558,68,28,0.4117647059
4559,52,12,0.2307692308
4560,56,26,0.4642857143
4561,58,20,0.3448275862
4562,62,22,0.3548387097
4563,62,24,0.3870967742
4564,64,14,0.2187500000
4565,56,12,0.2142857143
4566,60,26,0.4333333333
4567,62,20,0.3225806452
4568,66,0,0.0000000000
4569,64,28,0.4375000000
4570,58,26,0.4482758621
4571,54,22,0.4074074074
4572,60,20,0.3333333333
4573,60,18,0.3000000000
4574,60,16,0.2666666667
4575,66,24,0.3636363636
4576,60,28,0.4666666667
4577,60,20,0.3333333333
4578,64,26,0.4062500000
4579,56,12,0.2142857143
4580,56,22,0.3928571429
4581,58,22,0.3793103448
4582,62,26,0.4193548387
4583,62,20,0.3225806452
4584,54,26,0.4814814815
4585,64,22,0.3437500000
4586,66,28,0.4242424242
4587,66,26,0.3939393939
4588,66,30,0.4545454545
4589,68,26,0.3823529412
4590,70,28,0.4000000000
4591,58,20,0.3448275862
4592,58,24,0.4137931034
4593,62,22,0.3548387097
4594,70,30,0.4285714286
4595,54,20,0.3703703704
4596,56,28,0.5000000000
4597,72,30,0.4166666667
4598,60,22,0.3666666667
4599,62,18,0.2903225806
4600,60,22,0.3666666667
4601,60,24,0.4000000000
4602,70,22,0.3142857143
4603,52,26,0.5000000000
4604,62,22,0.3548387097
4605,58,26,0.4482758621
4606,52,0,0.0000000000
4607,50,14,0.2800000000
4608,72,26,0.3611111111
4609,62,22,0.3548387097
4610,58,28,0.4827586207
4611,60,26,0.4333333333
4612,56,22,0.3928571429
4613,54,16,0.2962962963
4614,60,20,0.3333333333
4615,64,24,0.3750000000
4616,62,22,0.3548387097
4617,62,26,0.4193548387
4618,58,14,0.2413793103
4619,64,28,0.4375000000
4620,50,30,0.6000000000
4621,64,28,0.4375000000
4622,68,28,0.4117647059
4623,60,16,0.2666666667
4624,56,12,0.2142857143
4625,60,22,0.3666666667
4626,62,28,0.4516129032
4627,62,24,0.3870967742
4628,66,24,0.3636363636
4629,114,26,0.2280701754
4630,56,22,0.3928571429
4631,66,20,0.3030303030
4632,56,26,0.4642857143
4633,58,22,0.3793103448
4634,60,18,0.3000000000
4635,58,20,0.3448275862
4636,62,26,0.4193548387
4637,62,26,0.4193548387
4638,56,18,0.3214285714
4639,62,22,0.3548387097
4640,50,14,0.2800000000
4641,66,22,0.3333333333
4642,56,30,0.5357142857
4643,48,20,0.4166666667
4644,68,28,0.4117647059
4645,58,20,0.3448275862
4646,58,18,0.3103448276
4647,58,22,0.3793103448
4648,60,30,0.5000000000
4649,62,28,0.4516129032
4650,62,26,0.4193548387
4651,52,10,0.1923076923
4652,62,26,0.4193548387
4653,62,18,0.2903225806
4654,60,26,0.4333333333
4655,56,16,0.2857142857
4656,64,18,0.2812500000
4657,60,22,0.3666666667
4658,50,18,0.3600000000
4659,64,32,0.5000000000
4660,54,24,0.4444444444
4661,60,26,0.4333333333
4662,66,24,0.3636363636
4663,56,28,0.5000000000
4664,70,26,0.3714285714
4665,72,32,0.4444444444
4666,60,22,0.3666666667
4667,60,26,0.4333333333
4668,60,20,0.3333333333
4669,58,24,0.4137931034
4670,70,28,0.4000000000
4671,66,24,0.3636363636
4672,68,22,0.3235294118
4673,60,22,0.3666666667
4674,72,18,0.2500000000
4675,58,22,0.3793103448
4676,60,24,0.4000000000
4677,52,22,0.4230769231
4678,62,28,0.4516129032
4679,64,28,0.4375000000
4680,66,24,0.3636363636
4681,58,20,0.3448275862
4682,106,54,0.5094339623
4683,58,20,0.3448275862
4684,66,20,0.3030303030
4685,68,24,0.3529411765
4686,60,18,0.3000000000
4687,62,20,0.3225806452
4688,72,40,0.5555555556
4689,64,26,0.4062500000
4690,60,26,0.4333333333
4691,54,12,0.2222222222
4692,64,30,0.4687500000
4693,60,18,0.3000000000
4694,64,32,0.5000000000
4695,62,16,0.2580645161
4696,62,28,0.4516129032
4697,60,30,0.5000000000
4698,68,22,0.3235294118
4699,56,28,0.5000000000
4700,64,30,0.4687500000
4701,58,28,0.4827586207
4702,68,24,0.3529411765
4703,62,26,0.4193548387
4704,62,22,0.3548387097
4705,56,24,0.4285714286
4706,64,26,0.4062500000
4707,66,26,0.3939393939
4708,66,26,0.3939393939
4709,62,24,0.3870967742
4710,68,28,0.4117647059
4711,62,20,0.3225806452
4712,66,24,0.3636363636
4713,66,26,0.3939393939
4714,60,30,0.5000000000
4715,62,22,0.3548387097
4716,70,26,0.3714285714
4717,66,26,0.3939393939
4718,74,20,0.2702702703
4719,62,18,0.2903225806
4720,54,26,0.4814814815
4721,54,24,0.4444444444
4722,68,26,0.3823529412
4723,54,14,0.2592592593
4724,66,24,0.3636363636
4725,54,16,0.2962962963
4726,50,28,0.5600000000
4727,64,26,0.4062500000
4728,58,20,0.3448275862
4729,72,28,0.3888888889
4730,52,12,0.2307692308
4731,52,32,0.6153846154
4732,62,22,0.3548387097
4733,60,20,0.3333333333
4734,58,14,0.2413793103
4735,64,26,0.4062500000
4736,58,28,0.4827586207
4737,58,26,0.4482758621
4738,48,18,0.3750000000
4739,62,24,0.3870967742
4740,56,16,0.2857142857
4741,54,16,0.2962962963
4742,70,26,0.3714285714
4743,64,22,0.3437500000
4744,62,28,0.4516129032
4745,54,12,0.2222222222
4746,62,28,0.4516129032
4747,56,18,0.3214285714
4748,60,24,0.4000000000
4749,68,24,0.3529411765
4750,60,24,0.4000000000
4751,56,16,0.2857142857
4752,62,18,0.2903225806
4753,60,20,0.3333333333
4754,58,32,0.5517241379
4755,64,30,0.4687500000
4756,62,20,0.3225806452
4757,64,26,0.4062500000
4758,54,22,0.4074074074
4759,64,22,0.3437500000
4760,62,18,0.2903225806
4761,62,26,0.4193548387
4762,62,30,0.4838709677
4763,64,22,0.3437500000
4764,60,26,0.4333333333
4765,72,34,0.4722222222
4766,60,24,0.4000000000
4767,52,20,0.3846153846
4768,66,32,0.4848484848
4769,58,22,0.3793103448
4770,62,24,0.3870967742
4771,66,26,0.3939393939
4772,64,20,0.3125000000
4773,60,26,0.4333333333
4774,68,32,0.4705882353
4775,56,20,0.3571428571
4776,62,24,0.3870967742
4777,66,18,0.2727272727
4778,68,28,0.4117647059
4779,58,14,0.2413793103
4780,72,26,0.3611111111
4781,72,32,0.4444444444
4782,68,28,0.4117647059
4783,56,24,0.4285714286
4784,60,24,0.4000000000
4785,58,20,0.3448275862
4786,56,18,0.3214285714
4787,64,18,0.2812500000
4788,68,26,0.3823529412
4789,64,28,0.4375000000
4790,58,26,0.4482758621
4791,62,22,0.3548387097
4792,72,28,0.3888888889
4793,62,28,0.4516129032
4794,60,22,0.3666666667
4795,58,20,0.3448275862
4796,70,24,0.3428571429
4797,64,26,0.4062500000
4798,58,26,0.4482758621
4799,60,28,0.4666666667
4800,82,42,0.5121951220
4801,52,20,0.3846153846
4802,68,26,0.3823529412
4803,64,26,0.4062500000
4804,60,24,0.4000000000
4805,168,36,0.2142857143
4806,66,22,0.3333333333
4807,58,26,0.4482758621
4808,62,30,0.4838709677
4809,60,24,0.4000000000
4810,64,24,0.3750000000
4811,64,24,0.3750000000
4812,50,26,0.5200000000
4813,66,20,0.3030303030
4814,56,24,0.4285714286
4815,60,22,0.3666666667
4816,66,28,0.4242424242
4817,60,22,0.3666666667
4818,50,16,0.3200000000
4819,46,10,0.2173913043
4820,62,24,0.3870967742
4821,64,18,0.2812500000
4822,64,26,0.4062500000
4823,60,24,0.4000000000
4824,60,16,0.2666666667
4825,64,22,0.3437500000
4826,64,30,0.4687500000
4827,58,24,0.4137931034
4828,50,30,0.6000000000
4829,62,30,0.4838709677
4830,54,22,0.4074074074
4831,58,24,0.4137931034
4832,54,24,0.4444444444
4833,60,26,0.4333333333
4834,64,28,0.4375000000
4835,66,24,0.3636363636
4836,64,28,0.4375000000
4837,62,22,0.3548387097
4838,82,18,0.2195121951
4839,60,22,0.3666666667
4840,58,28,0.4827586207
4841,66,20,0.3030303030
4842,64,24,0.3750000000
4843,50,16,0.3200000000
4844,62,20,0.3225806452
4845,60,22,0.3666666667
4846,64,22,0.3437500000
4847,62,18,0.2903225806
4848,60,26,0.4333333333
4849,60,24,0.4000000000
4850,56,20,0.3571428571
4851,60,22,0.3666666667
4852,56,20,0.3571428571
4853,64,26,0.4062500000
4854,60,24,0.4000000000
4855,52,32,0.6153846154
4856,70,18,0.2571428571
4857,66,26,0.3939393939
4858,66,22,0.3333333333
4859,66,24,0.3636363636
4860,62,28,0.4516129032
4861,64,26,0.4062500000
4862,60,20,0.3333333333
4863,62,18,0.2903225806
4864,150,38,0.2533333333
4865,72,26,0.3611111111
4866,58,14,0.2413793103
4867,54,14,0.2592592593
4868,66,26,0.3939393939
4869,58,16,0.2758620690
4870,64,24,0.3750000000
4871,54,24,0.4444444444
4872,60,20,0.3333333333
4873,62,24,0.3870967742
4874,56,26,0.4642857143
4875,62,18,0.2903225806
4876,56,24,0.4285714286
4877,68,30,0.4411764706
4878,58,22,0.3793103448
4879,60,16,0.2666666667
4880,60,14,0.2333333333
4881,64,24,0.3750000000
4882,58,14,0.2413793103
4883,60,20,0.3333333333
4884,112,32,0.2857142857
4885,62,26,0.4193548387
4886,102,48,0.4705882353
4887,98,18,0.1836734694
4888,56,14,0.2500000000
4889,92,24,0.2608695652
4890,60,26,0.4333333333
4891,70,14,0.2000000000
4892,86,24,0.2790697674
4893,66,28,0.4242424242
4894,56,20,0.3571428571
4895,62,18,0.2903225806
4896,58,20,0.3448275862
4897,60,22,0.3666666667
4898,62,26,0.4193548387
4899,66,24,0.3636363636
4900,56,12,0.2142857143
4901,58,22,0.3793103448
4902,58,22,0.3793103448
4903,66,30,0.4545454545
4904,56,14,0.2500000000
4905,62,20,0.3225806452
4906,58,26,0.4482758621
4907,66,32,0.4848484848
4908,68,26,0.3823529412
4909,58,24,0.4137931034
4910,52,14,0.2692307692
4911,82,44,0.5365853659
4912,62,20,0.3225806452
4913,70,24,0.3428571429
4914,56,16,0.2857142857
4915,66,28,0.4242424242
4916,62,28,0.4516129032
4917,64,16,0.2500000000
4918,66,24,0.3636363636
4919,66,14,0.2121212121
4920,54,20,0.3703703704
4921,52,16,0.3076923077
4922,60,22,0.3666666667
4923,54,26,0.4814814815
4924,54,22,0.4074074074
4925,72,22,0.3055555556
4926,48,20,0.4166666667
4927,66,26,0.3939393939
4928,60,20,0.3333333333
4929,62,20,0.3225806452
4930,56,32,0.5714285714
4931,52,30,0.5769230769
4932,68,24,0.3529411765
4933,68,36,0.5294117647
4934,62,22,0.3548387097
4935,80,22,0.2750000000
4936,58,22,0.3793103448
4937,58,18,0.3103448276
4938,60,32,0.5333333333
4939,60,24,0.4000000000
4940,68,28,0.4117647059
4941,62,22,0.3548387097
4942,56,24,0.4285714286
4943,64,22,0.3437500000
4944,54,32,0.5925925926
4945,60,20,0.3333333333
4946,62,18,0.2903225806
4947,60,32,0.5333333333
4948,58,16,0.2758620690
4949,60,22,0.3666666667
4950,64,24,0.3750000000
4951,64,22,0.3437500000
4952,64,22,0.3437500000
4953,72,26,0.3611111111
4954,56,34,0.6071428571
4955,66,20,0.3030303030
4956,66,22,0.3333333333
4957,56,26,0.4642857143
4958,58,18,0.3103448276
4959,68,28,0.4117647059
4960,68,30,0.4411764706
4961,60,24,0.4000000000
4962,60,16,0.2666666667
4963,62,16,0.2580645161
4964,64,20,0.3125000000
4965,64,16,0.2500000000
4966,68,24,0.3529411765
4967,62,26,0.4193548387
4968,74,18,0.2432432432
4969,54,20,0.3703703704
4970,64,28,0.4375000000
4971,70,24,0.3428571429
4972,66,22,0.3333333333
4973,64,26,0.4062500000
4974,68,28,0.4117647059
4975,62,24,0.3870967742
4976,64,34,0.5312500000
4977,50,12,0.2400000000
4978,58,26,0.4482758621
4979,56,24,0.4285714286
4980,66,24,0.3636363636
4981,50,12,0.2400000000
4982,56,20,0.3571428571
4983,68,24,0.3529411765
4984,60,24,0.4000000000
4985,64,24,0.3750000000
4986,76,34,0.4473684211
4987,62,20,0.3225806452
4988,60,22,0.3666666667
4989,62,20,0.3225806452
4990,62,18,0.2903225806
4991,62,18,0.2903225806
4992,66,24,0.3636363636
4993,52,16,0.3076923077
4994,58,20,0.3448275862
4995,64,28,0.4375000000
4996,64,24,0.3750000000
4997,66,22,0.3333333333
4998,60,22,0.3666666667
4999,58,30,0.5172413793
5000,50,22,0.4400000000
5001,68,28,0.4117647059
5002,46,4,0.0869565217
5003,64,22,0.3437500000
5004,62,28,0.4516129032
5005,58,26,0.4482758621
5006,62,26,0.4193548387
5007,86,24,0.2790697674
5008,64,22,0.3437500000
5009,64,26,0.4062500000
5010,70,24,0.3428571429
5011,46,10,0.2173913043
5012,66,30,0.4545454545
5013,64,32,0.5000000000
5014,68,26,0.3823529412
5015,56,22,0.3928571429
5016,58,14,0.2413793103
5017,68,24,0.3529411765
5018,60,14,0.2333333333
5019,62,20,0.3225806452
5020,68,24,0.3529411765
5021,68,24,0.3529411765
5022,68,24,0.3529411765
5023,64,32,0.5000000000
5024,72,26,0.3611111111
5025,56,18,0.3214285714
5026,66,22,0.3333333333
5027,56,16,0.2857142857
5028,64,22,0.3437500000
5029,72,26,0.3611111111
5030,72,24,0.3333333333
5031,78,32,0.4102564103
5032,54,20,0.3703703704
5033,56,16,0.2857142857
5034,66,30,0.4545454545
5035,54,16,0.2962962963
5036,66,26,0.3939393939
5037,62,22,0.3548387097
5038,62,22,0.3548387097
5039,60,18,0.3000000000
5040,70,28,0.4000000000
5041,64,28,0.4375000000
5042,66,26,0.3939393939
5043,66,28,0.4242424242
5044,58,26,0.4482758621
5045,56,18,0.3214285714
5046,64,28,0.4375000000
5047,72,28,0.3888888889
5048,60,18,0.3000000000
5049,64,28,0.4375000000
5050,70,28,0.4000000000
5051,60,24,0.4000000000
5052,64,22,0.3437500000
5053,70,24,0.3428571429
5054,60,16,0.2666666667
5055,58,18,0.3103448276
5056,66,24,0.3636363636
5057,64,22,0.3437500000
5058,54,28,0.5185185185
5059,60,32,0.5333333333
5060,60,30,0.5000000000
5061,64,24,0.3750000000
5062,62,16,0.2580645161
5063,52,14,0.2692307692
5064,58,22,0.3793103448
5065,60,12,0.2000000000
5066,58,14,0.2413793103
5067,166,44,0.2650602410
5068,70,24,0.3428571429
5069,54,14,0.2592592593
5070,64,32,0.5000000000
5071,64,20,0.3125000000
5072,64,24,0.3750000000
5073,64,26,0.4062500000
5074,60,26,0.4333333333
5075,68,24,0.3529411765
5076,60,26,0.4333333333
5077,56,28,0.5000000000
5078,60,26,0.4333333333
5079,58,22,0.3793103448
5080,62,28,0.4516129032
5081,64,24,0.3750000000
5082,68,24,0.3529411765
5083,58,20,0.3448275862
5084,62,28,0.4516129032
5085,58,20,0.3448275862
5086,68,26,0.3823529412
5087,68,16,0.2352941176
5088,64,20,0.3125000000
5089,60,30,0.5000000000
5090,64,26,0.4062500000
5091,66,24,0.3636363636
5092,66,24,0.3636363636
5093,64,22,0.3437500000
5094,60,22,0.3666666667
5095,64,22,0.3437500000
5096,52,24,0.4615384615
5097,68,26,0.3823529412
5098,64,26,0.4062500000
5099,58,22,0.3793103448
5100,58,22,0.3793103448
5101,58,22,0.3793103448
5102,62,22,0.3548387097
5103,62,32,0.5161290323
5104,60,26,0.4333333333
5105,56,16,0.2857142857
5106,186,50,0.2688172043
5107,62,20,0.3225806452
5108,66,24,0.3636363636
5109,64,24,0.3750000000
5110,56,26,0.4642857143
5111,58,28,0.4827586207
5112,58,22,0.3793103448
5113,58,22,0.3793103448
5114,52,12,0.2307692308
5115,64,20,0.3125000000
5116,62,20,0.3225806452
5117,64,34,0.5312500000
5118,62,24,0.3870967742
5119,66,26,0.3939393939
5120,72,28,0.3888888889
5121,50,16,0.3200000000
5122,56,22,0.3928571429
5123,64,30,0.4687500000
5124,66,26,0.3939393939
5125,62,28,0.4516129032
5126,84,24,0.2857142857
5127,54,12,0.2222222222
5128,62,20,0.3225806452
5129,56,16,0.2857142857
5130,64,26,0.4062500000
5131,64,24,0.3750000000
5132,62,14,0.2258064516
5133,62,28,0.4516129032
5134,68,28,0.4117647059
5135,54,18,0.3333333333
5136,60,30,0.5000000000
5137,76,36,0.4736842105
5138,44,0,0.0000000000
5139,66,28,0.4242424242
5140,68,28,0.4117647059
5141,58,14,0.2413793103
5142,64,26,0.4062500000
5143,52,18,0.3461538462
5144,116,30,0.2586206897
5145,64,18,0.2812500000
5146,62,26,0.4193548387
5147,50,24,0.4800000000
5148,130,62,0.4769230769
5149,64,24,0.3750000000
5150,68,26,0.3823529412
5151,62,18,0.2903225806
5152,64,28,0.4375000000
5153,56,32,0.5714285714
5154,56,24,0.4285714286
5155,60,26,0.4333333333
5156,62,26,0.4193548387
5157,50,26,0.5200000000
5158,54,22,0.4074074074
5159,64,22,0.3437500000
5160,58,14,0.2413793103
5161,60,24,0.4000000000
5162,60,30,0.5000000000
5163,54,16,0.2962962963
5164,38,24,0.6315789474
5165,58,20,0.3448275862
5166,48,12,0.2500000000
5167,62,26,0.4193548387
5168,60,26,0.4333333333
5169,60,24,0.4000000000
5170,54,16,0.2962962963
5171,70,40,0.5714285714
5172,68,28,0.4117647059
5173,64,26,0.4062500000
5174,52,14,0.2692307692
5175,56,28,0.5000000000
5176,62,24,0.3870967742
5177,56,16,0.2857142857
5178,52,12,0.2307692308
5179,58,24,0.4137931034
5180,64,24,0.3750000000
5181,414,204,0.4927536232
5182,64,22,0.3437500000
5183,54,18,0.3333333333
5184,64,26,0.4062500000
5185,64,28,0.4375000000
5186,66,24,0.3636363636
5187,66,22,0.3333333333
5188,64,26,0.4062500000
5189,56,18,0.3214285714
5190,54,24,0.4444444444
5191,64,28,0.4375000000
5192,58,22,0.3793103448
5193,62,18,0.2903225806
5194,140,32,0.2285714286
5195,64,22,0.3437500000
5196,62,28,0.4516129032
5197,66,26,0.3939393939
5198,60,22,0.3666666667
5199,64,22,0.3437500000
5200,58,28,0.4827586207
5201,70,38,0.5428571429
5202,54,20,0.3703703704
5203,64,26,0.4062500000
5204,60,22,0.3666666667
5205,56,26,0.4642857143
5206,58,20,0.3448275862
5207,60,24,0.4000000000
5208,66,24,0.3636363636
5209,58,18,0.3103448276
5210,64,24,0.3750000000
5211,64,22,0.3437500000
5212,72,32,0.4444444444
5213,64,24,0.3750000000
5214,70,24,0.3428571429
5215,64,24,0.3750000000
5216,62,26,0.4193548387
5217,78,40,0.5128205128
5218,66,28,0.4242424242
5219,54,26,0.4814814815
5220,62,28,0.4516129032
5221,62,22,0.3548387097
5222,54,30,0.5555555556
5223,66,20,0.3030303030
5224,60,26,0.4333333333
5225,66,20,0.3030303030
5226,60,26,0.4333333333
5227,62,24,0.3870967742
5228,64,28,0.4375000000
5229,62,22,0.3548387097
5230,62,22,0.3548387097
5231,58,24,0.4137931034
5232,64,22,0.3437500000
5233,74,18,0.2432432432
5234,64,24,0.3750000000
5235,62,36,0.5806451613
5236,68,18,0.2647058824
5237,68,26,0.3823529412
5238,64,22,0.3437500000
5239,64,24,0.3750000000
5240,66,24,0.3636363636
5241,68,24,0.3529411765
5242,72,28,0.3888888889
5243,60,18,0.3000000000
5244,60,20,0.3333333333
5245,66,22,0.3333333333
5246,62,22,0.3548387097
5247,56,20,0.3571428571
5248,48,0,0.0000000000
5249,62,16,0.2580645161
5250,60,24,0.4000000000
5251,58,18,0.3103448276
5252,66,30,0.4545454545
5253,62,22,0.3548387097
5254,64,28,0.4375000000
5255,66,24,0.3636363636
5256,62,24,0.3870967742
5257,56,16,0.2857142857
5258,60,26,0.4333333333
5259,60,28,0.4666666667
5260,66,28,0.4242424242
5261,62,14,0.2258064516
5262,66,28,0.4242424242
5263,60,24,0.4000000000
5264,68,26,0.3823529412
5265,60,26,0.4333333333
5266,60,26,0.4333333333
5267,52,12,0.2307692308
5268,62,26,0.4193548387
5269,62,28,0.4516129032
5270,58,14,0.2413793103
5271,68,26,0.3823529412
5272,60,24,0.4000000000
5273,60,22,0.3666666667
5274,60,24,0.4000000000
5275,60,28,0.4666666667
5276,72,32,0.4444444444
5277,64,30,0.4687500000
5278,66,24,0.3636363636
5279,60,16,0.2666666667
5280,70,16,0.2285714286
5281,52,16,0.3076923077
5282,64,24,0.3750000000
5283,58,18,0.3103448276
5284,112,24,0.2142857143
5285,54,28,0.5185185185
5286,64,22,0.3437500000
5287,52,10,0.1923076923
5288,62,24,0.3870967742
5289,50,24,0.4800000000
5290,62,28,0.4516129032
5291,84,20,0.2380952381
5292,62,18,0.2903225806
5293,64,24,0.3750000000
5294,66,20,0.3030303030
5295,70,32,0.4571428571
5296,66,14,0.2121212121
5297,58,28,0.4827586207
5298,58,18,0.3103448276
5299,72,28,0.3888888889
5300,52,20,0.3846153846
5301,58,26,0.4482758621
5302,58,26,0.4482758621
5303,62,20,0.3225806452
5304,70,24,0.3428571429
5305,68,24,0.3529411765
5306,100,30,0.3000000000
5307,66,22,0.3333333333
5308,60,24,0.4000000000
5309,56,20,0.3571428571
5310,58,22,0.3793103448
5311,66,22,0.3333333333
5312,58,24,0.4137931034
5313,56,10,0.1785714286
5314,62,24,0.3870967742
5315,62,28,0.4516129032
5316,58,12,0.2068965517
5317,58,24,0.4137931034
5318,62,26,0.4193548387
5319,54,28,0.5185185185
5320,64,36,0.5625000000
5321,66,34,0.5151515152
5322,70,24,0.3428571429
5323,70,28,0.4000000000
5324,60,26,0.4333333333
5325,44,16,0.3636363636
5326,68,28,0.4117647059
5327,62,20,0.3225806452
5328,58,26,0.4482758621
5329,56,24,0.4285714286
5330,62,24,0.3870967742
5331,64,24,0.3750000000
5332,58,16,0.2758620690
5333,70,36,0.5142857143
5334,52,26,0.5000000000
5335,60,26,0.4333333333
5336,62,22,0.3548387097
5337,54,22,0.4074074074
5338,62,22,0.3548387097
5339,64,22,0.3437500000
5340,62,22,0.3548387097
5341,66,26,0.3939393939
5342,66,28,0.4242424242
5343,64,24,0.3750000000
5344,58,26,0.4482758621
5345,56,30,0.5357142857
5346,52,26,0.5000000000
5347,60,26,0.4333333333
5348,64,20,0.3125000000
5349,62,30,0.4838709677
5350,64,24,0.3750000000
5351,58,28,0.4827586207
5352,64,24,0.3750000000
5353,54,20,0.3703703704
5354,44,22,0.5000000000
5355,62,24,0.3870967742
5356,60,14,0.2333333333
5357,62,22,0.3548387097
5358,64,32,0.5000000000
5359,68,26,0.3823529412
5360,68,26,0.3823529412
5361,100,50,0.5000000000
5362,66,26,0.3939393939
5363,66,26,0.3939393939
5364,62,20,0.3225806452
5365,70,26,0.3714285714
5366,64,26,0.4062500000
5367,136,38,0.2794117647
5368,64,18,0.2812500000
5369,64,24,0.3750000000
5370,62,22,0.3548387097
5371,56,20,0.3571428571
5372,62,26,0.4193548387
5373,56,16,0.2857142857
5374,76,18,0.2368421053
5375,62,28,0.4516129032
5376,68,28,0.4117647059
5377,52,24,0.4615384615
5378,58,12,0.2068965517
5379,60,24,0.4000000000
5380,64,22,0.3437500000
5381,58,16,0.2758620690
5382,56,22,0.3928571429
5383,72,28,0.3888888889
5384,66,20,0.3030303030
5385,62,20,0.3225806452
5386,62,22,0.3548387097
5387,64,22,0.3437500000
5388,56,22,0.3928571429
5389,58,30,0.5172413793
5390,58,22,0.3793103448
5391,54,22,0.4074074074
5392,42,28,0.6666666667
5393,64,24,0.3750000000
5394,60,32,0.5333333333
5395,50,24,0.4800000000
5396,60,22,0.3666666667
5397,56,16,0.2857142857
5398,58,18,0.3103448276
5399,60,28,0.4666666667
5400,58,18,0.3103448276
5401,62,30,0.4838709677
5402,64,20,0.3125000000
5403,62,22,0.3548387097
5404,60,20,0.3333333333
5405,58,28,0.4827586207
5406,64,26,0.4062500000
5407,58,14,0.2413793103
5408,48,18,0.3750000000
5409,52,6,0.1153846154
5410,72,24,0.3333333333
5411,62,24,0.3870967742
5412,68,26,0.3823529412
5413,60,18,0.3000000000
5414,128,32,0.2500000000
5415,60,22,0.3666666667
5416,60,14,0.2333333333
5417,68,24,0.3529411765
5418,60,24,0.4000000000
5419,58,20,0.3448275862
5420,66,24,0.3636363636
5421,60,20,0.3333333333
5422,66,38,0.5757575758
5423,70,26,0.3714285714
5424,60,22,0.3666666667
5425,60,22,0.3666666667
5426,58,32,0.5517241379
5427,68,30,0.4411764706
5428,68,24,0.3529411765
5429,58,30,0.5172413793
5430,56,26,0.4642857143
5431,64,28,0.4375000000
5432,60,28,0.4666666667
5433,70,26,0.3714285714
5434,54,24,0.4444444444
5435,58,22,0.3793103448
5436,60,16,0.2666666667
5437,56,12,0.2142857143
5438,60,26,0.4333333333
5439,68,28,0.4117647059
5440,68,28,0.4117647059
5441,66,28,0.4242424242
5442,58,26,0.4482758621
5443,54,24,0.4444444444
5444,58,16,0.2758620690
5445,62,24,0.3870967742
5446,62,26,0.4193548387
5447,62,22,0.3548387097
5448,58,26,0.4482758621
5449,62,30,0.4838709677
5450,58,20,0.3448275862
5451,66,16,0.2424242424
5452,66,26,0.3939393939
5453,68,20,0.2941176471
5454,58,18,0.3103448276
5455,68,24,0.3529411765
5456,64,24,0.3750000000
5457,68,24,0.3529411765
5458,62,24,0.3870967742
5459,50,18,0.3600000000
5460,64,26,0.4062500000
5461,72,28,0.3888888889
5462,68,16,0.2352941176
5463,60,20,0.3333333333
5464,62,32,0.5161290323
5465,60,22,0.3666666667
5466,68,28,0.4117647059
5467,58,24,0.4137931034
5468,58,20,0.3448275862
5469,58,20,0.3448275862
5470,56,18,0.3214285714
5471,72,36,0.5000000000
5472,48,4,0.0833333333
5473,60,18,0.3000000000
5474,64,24,0.3750000000
5475,60,22,0.3666666667
5476,62,24,0.3870967742
5477,60,14,0.2333333333
5478,62,20,0.3225806452
5479,64,26,0.4062500000
5480,54,12,0.2222222222
5481,64,26,0.4062500000
5482,54,24,0.4444444444
5483,74,16,0.2162162162
5484,60,18,0.3000000000
5485,48,16,0.3333333333
5486,60,28,0.4666666667
5487,66,22,0.3333333333
5488,64,26,0.4062500000
5489,62,24,0.3870967742
5490,68,28,0.4117647059
5491,62,24,0.3870967742
5492,54,14,0.2592592593
5493,58,16,0.2758620690
5494,58,20,0.3448275862
5495,54,26,0.4814814815
5496,54,16,0.2962962963
5497,50,26,0.5200000000
5498,58,12,0.2068965517
5499,58,18,0.3103448276
5500,68,24,0.3529411765
5501,70,26,0.3714285714
5502,54,16,0.2962962963
5503,56,22,0.3928571429
5504,64,26,0.4062500000
5505,54,16,0.2962962963
5506,64,24,0.3750000000
5507,68,26,0.3823529412
5508,58,24,0.4137931034
5509,52,18,0.3461538462
5510,66,26,0.3939393939
5511,96,48,0.5000000000
5512,64,26,0.4062500000
5513,62,16,0.2580645161
5514,58,22,0.3793103448
5515,70,30,0.4285714286
5516,72,26,0.3611111111
5517,64,24,0.3750000000
5518,54,20,0.3703703704
5519,60,26,0.4333333333
5520,62,30,0.4838709677
5521,62,24,0.3870967742
5522,66,22,0.3333333333
5523,58,28,0.4827586207
5524,52,14,0.2692307692
5525,64,30,0.4687500000
5526,64,20,0.3125000000
5527,66,22,0.3333333333
5528,72,24,0.3333333333
5529,56,22,0.3928571429
5530,54,20,0.3703703704
5531,68,34,0.5000000000
5532,58,20,0.3448275862
5533,76,22,0.2894736842
5534,52,14,0.2692307692
5535,84,42,0.5000000000
5536,68,24,0.3529411765
5537,56,18,0.3214285714
5538,66,28,0.4242424242
5539,64,24,0.3750000000
5540,56,18,0.3214285714
5541,62,18,0.2903225806
5542,60,28,0.4666666667
5543,68,32,0.4705882353
5544,52,12,0.2307692308
5545,60,18,0.3000000000
5546,58,20,0.3448275862
5547,58,18,0.3103448276
5548,58,26,0.4482758621
5549,68,22,0.3235294118
5550,66,20,0.3030303030
5551,60,20,0.3333333333
5552,62,22,0.3548387097
5553,66,22,0.3333333333
5554,64,30,0.4687500000
5555,54,22,0.4074074074
5556,58,20,0.3448275862
5557,48,26,0.5416666667
5558,66,16,0.2424242424
5559,66,20,0.3030303030
5560,64,24,0.3750000000
5561,60,24,0.4000000000
5562,60,18,0.3000000000
5563,62,18,0.2903225806
5564,64,24,0.3750000000
5565,64,24,0.3750000000
5566,54,24,0.4444444444
5567,290,148,0.5103448276
5568,56,28,0.5000000000
5569,62,24,0.3870967742
5570,52,26,0.5000000000
5571,56,24,0.4285714286
5572,66,28,0.4242424242
5573,48,12,0.2500000000
5574,62,22,0.3548387097
5575,62,20,0.3225806452
5576,62,26,0.4193548387
5577,60,16,0.2666666667
5578,50,18,0.3600000000
5579,64,22,0.3437500000
5580,54,30,0.5555555556
5581,60,24,0.4000000000
5582,64,24,0.3750000000
5583,58,22,0.3793103448
5584,58,16,0.2758620690
5585,60,24,0.4000000000
5586,74,22,0.2972972973
5587,62,26,0.4193548387
5588,70,22,0.3142857143
5589,58,24,0.4137931034
5590,66,22,0.3333333333
5591,58,24,0.4137931034
5592,54,20,0.3703703704
5593,60,26,0.4333333333
5594,66,24,0.3636363636
5595,58,26,0.4482758621
5596,70,26,0.3714285714
5597,64,26,0.4062500000
5598,54,26,0.4814814815
5599,58,24,0.4137931034
5600,66,28,0.4242424242
5601,56,22,0.3928571429
5602,68,26,0.3823529412
5603,62,24,0.3870967742
5604,66,30,0.4545454545
5605,70,28,0.4000000000
5606,60,22,0.3666666667
5607,60,16,0.2666666667
5608,66,26,0.3939393939
5609,62,18,0.2903225806
5610,50,30,0.6000000000
5611,58,16,0.2758620690
5612,60,22,0.3666666667
5613,62,12,0.1935483871
5614,66,20,0.3030303030
5615,68,28,0.4117647059
5616,64,18,0.2812500000
5617,68,32,0.4705882353
5618,116,34,0.2931034483
5619,124,34,0.2741935484
5620,52,16,0.3076923077
5621,68,24,0.3529411765
5622,64,24,0.3750000000
5623,62,30,0.4838709677
5624,64,20,0.3125000000
5625,74,32,0.4324324324
5626,56,24,0.4285714286
5627,62,24,0.3870967742
5628,48,16,0.3333333333
5629,68,26,0.3823529412
5630,58,22,0.3793103448
5631,72,30,0.4166666667
5632,62,28,0.4516129032
5633,64,16,0.2500000000
5634,60,20,0.3333333333
5635,52,28,0.5384615385
5636,64,24,0.3750000000
5637,60,24,0.4000000000
5638,66,14,0.2121212121
5639,64,16,0.2500000000
5640,48,30,0.6250000000
5641,60,22,0.3666666667
5642,60,14,0.2333333333
5643,58,22,0.3793103448
5644,62,24,0.3870967742
5645,60,24,0.4000000000
5646,116,30,0.2586206897
5647,58,14,0.2413793103
5648,60,24,0.4000000000
5649,78,24,0.3076923077
5650,50,16,0.3200000000
5651,66,28,0.4242424242
5652,66,28,0.4242424242
5653,64,28,0.4375000000
5654,64,28,0.4375000000
5655,62,24,0.3870967742
5656,68,26,0.3823529412
5657,68,26,0.3823529412
5658,60,18,0.3000000000
5659,54,22,0.4074074074
5660,66,26,0.3939393939
5661,64,22,0.3437500000
5662,64,26,0.4062500000
5663,68,34,0.5000000000
5664,64,18,0.2812500000
5665,68,36,0.5294117647
5666,74,32,0.4324324324
5667,58,28,0.4827586207
5668,58,10,0.1724137931
5669,66,18,0.2727272727
5670,62,20,0.3225806452
5671,56,18,0.3214285714
5672,68,30,0.4411764706
5673,74,28,0.3783783784
5674,56,32,0.5714285714
5675,66,36,0.5454545455
5676,60,20,0.3333333333
5677,62,30,0.4838709677
5678,74,30,0.4054054054
5679,70,28,0.4000000000
5680,60,28,0.4666666667
5681,66,28,0.4242424242
5682,62,30,0.4838709677
5683,60,28,0.4666666667
5684,56,14,0.2500000000
5685,70,28,0.4000000000
5686,64,28,0.4375000000
5687,60,22,0.3666666667
5688,52,12,0.2307692308
5689,62,18,0.2903225806
5690,70,18,0.2571428571
5691,80,18,0.2250000000
5692,48,22,0.4583333333
5693,76,34,0.4473684211
5694,66,26,0.3939393939
5695,66,24,0.3636363636
5696,114,24,0.2105263158
5697,58,16,0.2758620690
5698,68,16,0.2352941176
5699,72,26,0.3611111111
5700,70,24,0.3428571429
5701,70,20,0.2857142857
5702,60,14,0.2333333333
5703,52,28,0.5384615385
5704,60,18,0.3000000000
5705,66,28,0.4242424242
5706,66,24,0.3636363636
5707,66,26,0.3939393939
5708,60,20,0.3333333333
5709,68,24,0.3529411765
5710,64,20,0.3125000000
5711,58,28,0.4827586207
5712,66,26,0.3939393939
5713,68,18,0.2647058824
5714,58,20,0.3448275862
5715,58,22,0.3793103448
5716,60,22,0.3666666667
5717,56,26,0.4642857143
5718,94,24,0.2553191489
5719,52,12,0.2307692308
5720,68,24,0.3529411765
5721,56,24,0.4285714286
5722,60,20,0.3333333333
5723,58,26,0.4482758621
5724,52,12,0.2307692308
5725,84,22,0.2619047619
5726,70,18,0.2571428571
5727,54,22,0.4074074074
5728,68,18,0.2647058824
5729,56,20,0.3571428571
5730,68,30,0.4411764706
5731,60,22,0.3666666667
5732,52,28,0.5384615385
5733,58,30,0.5172413793
5734,58,26,0.4482758621
5735,66,18,0.2727272727
5736,64,26,0.4062500000
5737,60,26,0.4333333333
5738,52,24,0.4615384615
5739,64,22,0.3437500000
5740,72,26,0.3611111111
5741,54,22,0.4074074074
5742,66,24,0.3636363636
5743,74,20,0.2702702703
5744,52,12,0.2307692308
5745,62,20,0.3225806452
5746,66,26,0.3939393939
5747,66,28,0.4242424242
5748,64,32,0.5000000000
5749,62,26,0.4193548387
5750,62,26,0.4193548387
5751,66,28,0.4242424242
5752,56,18,0.3214285714
5753,58,18,0.3103448276
5754,60,24,0.4000000000
5755,58,24,0.4137931034
5756,66,30,0.4545454545
5757,82,20,0.2439024390
5758,62,20,0.3225806452
5759,54,28,0.5185185185
5760,58,12,0.2068965517
5761,62,24,0.3870967742
5762,62,26,0.4193548387
5763,70,36,0.5142857143
5764,60,22,0.3666666667
5765,50,18,0.3600000000
5766,58,22,0.3793103448
5767,62,20,0.3225806452
5768,70,26,0.3714285714
5769,66,26,0.3939393939
5770,58,26,0.4482758621
5771,68,32,0.4705882353
5772,74,20,0.2702702703
5773,56,22,0.3928571429
5774,62,24,0.3870967742
5775,64,30,0.4687500000
5776,74,24,0.3243243243
5777,66,28,0.4242424242
5778,60,22,0.3666666667
5779,54,26,0.4814814815
5780,64,26,0.4062500000
5781,62,24,0.3870967742
5782,58,22,0.3793103448
5783,68,26,0.3823529412
5784,50,22,0.4400000000
5785,58,30,0.5172413793
5786,64,24,0.3750000000
5787,76,22,0.2894736842
5788,76,26,0.3421052632
5789,68,38,0.5588235294
5790,82,44,0.5365853659
5791,64,24,0.3750000000
5792,64,22,0.3437500000
5793,54,28,0.5185185185
5794,58,26,0.4482758621
5795,56,22,0.3928571429
5796,66,26,0.3939393939
5797,62,26,0.4193548387
5798,62,24,0.3870967742
5799,66,22,0.3333333333
5800,66,26,0.3939393939
5801,68,34,0.5000000000
5802,58,30,0.5172413793
5803,90,24,0.2666666667
5804,70,24,0.3428571429
5805,62,26,0.4193548387
5806,62,24,0.3870967742
5807,74,20,0.2702702703
5808,60,12,0.2000000000
5809,64,18,0.2812500000
5810,66,22,0.3333333333
5811,68,14,0.2058823529
5812,68,24,0.3529411765
5813,64,28,0.4375000000
5814,66,22,0.3333333333
5815,68,24,0.3529411765
5816,66,26,0.3939393939
5817,86,22,0.2558139535
5818,58,4,0.0689655172
5819,60,24,0.4000000000
5820,64,22,0.3437500000
5821,60,24,0.4000000000
5822,60,24,0.4000000000
5823,68,26,0.3823529412
5824,62,26,0.4193548387
5825,46,10,0.2173913043
5826,66,16,0.2424242424
5827,66,26,0.3939393939
5828,58,22,0.3793103448
5829,64,26,0.4062500000
5830,72,40,0.5555555556
5831,58,24,0.4137931034
5832,78,38,0.4871794872
5833,62,22,0.3548387097
5834,66,26,0.3939393939
5835,60,28,0.4666666667
5836,68,28,0.4117647059
5837,56,18,0.3214285714
5838,68,24,0.3529411765
5839,64,18,0.2812500000
5840,68,30,0.4411764706
5841,64,18,0.2812500000
5842,62,30,0.4838709677
5843,58,16,0.2758620690
5844,52,20,0.3846153846
5845,52,18,0.3461538462
5846,62,28,0.4516129032
5847,60,22,0.3666666667
5848,70,18,0.2571428571
5849,52,30,0.5769230769
5850,58,22,0.3793103448
5851,68,32,0.4705882353
5852,58,18,0.3103448276
5853,54,20,0.3703703704
5854,56,12,0.2142857143
5855,64,22,0.3437500000
5856,56,28,0.5000000000
5857,76,20,0.2631578947
5858,70,24,0.3428571429
5859,60,18,0.3000000000
5860,60,26,0.4333333333
5861,76,40,0.5263157895
5862,58,28,0.4827586207
5863,56,14,0.2500000000
5864,66,22,0.3333333333
5865,66,28,0.4242424242
5866,60,24,0.4000000000
5867,62,24,0.3870967742
5868,58,28,0.4827586207
5869,76,18,0.2368421053
5870,64,24,0.3750000000
5871,62,22,0.3548387097
5872,66,22,0.3333333333
5873,64,22,0.3437500000
5874,54,16,0.2962962963
5875,60,18,0.3000000000
5876,62,26,0.4193548387
5877,60,22,0.3666666667
5878,64,20,0.3125000000
5879,60,24,0.4000000000
5880,56,16,0.2857142857
5881,58,18,0.3103448276
5882,66,18,0.2727272727
5883,62,28,0.4516129032
5884,64,26,0.4062500000
5885,52,28,0.5384615385
5886,64,18,0.2812500000
5887,58,24,0.4137931034
5888,58,28,0.4827586207
5889,58,18,0.3103448276
5890,60,24,0.4000000000
5891,54,20,0.3703703704
5892,60,28,0.4666666667
5893,56,20,0.3571428571
5894,64,28,0.4375000000
5895,62,26,0.4193548387
5896,64,26,0.4062500000
5897,58,16,0.2758620690
5898,56,16,0.2857142857
5899,74,32,0.4324324324
5900,66,26,0.3939393939
5901,62,22,0.3548387097
5902,62,16,0.2580645161
5903,58,20,0.3448275862
5904,62,24,0.3870967742
5905,66,26,0.3939393939
5906,64,20,0.3125000000
5907,86,40,0.4651162791
5908,60,22,0.3666666667
5909,52,22,0.4230769231
5910,62,24,0.3870967742
5911,54,14,0.2592592593
5912,64,22,0.3437500000
5913,56,28,0.5000000000
5914,60,22,0.3666666667
5915,64,30,0.4687500000
5916,70,28,0.4000000000
5917,64,20,0.3125000000
5918,60,16,0.2666666667
5919,62,26,0.4193548387
5920,60,20,0.3333333333
5921,56,20,0.3571428571
5922,60,18,0.3000000000
5923,60,24,0.4000000000
5924,66,34,0.5151515152
5925,60,20,0.3333333333
5926,64,22,0.3437500000
5927,68,28,0.4117647059
5928,54,16,0.2962962963
5929,62,16,0.2580645161
5930,54,12,0.2222222222
5931,62,22,0.3548387097
5932,64,26,0.4062500000
5933,62,28,0.4516129032
5934,60,24,0.4000000000
5935,82,18,0.2195121951
5936,66,22,0.3333333333
5937,58,30,0.5172413793
5938,64,16,0.2500000000
5939,64,24,0.3750000000
5940,60,22,0.3666666667
5941,66,20,0.3030303030
5942,60,26,0.4333333333
5943,52,20,0.3846153846
5944,62,18,0.2903225806
5945,60,24,0.4000000000
5946,56,18,0.3214285714
5947,58,28,0.4827586207
5948,60,18,0.3000000000
5949,66,26,0.3939393939
5950,62,24,0.3870967742
5951,58,18,0.3103448276
5952,62,26,0.4193548387
5953,62,16,0.2580645161
5954,64,26,0.4062500000
5955,60,24,0.4000000000
5956,58,28,0.4827586207
5957,58,22,0.3793103448
5958,92,48,0.5217391304
5959,310,74,0.2387096774
5960,62,20,0.3225806452
5961,76,28,0.3684210526
5962,96,50,0.5208333333
5963,74,38,0.5135135135
5964,66,32,0.4848484848
5965,60,22,0.3666666667
5966,66,28,0.4242424242
5967,60,22,0.3666666667
5968,62,32,0.5161290323
5969,58,18,0.3103448276
5970,48,36,0.7500000000
5971,52,12,0.2307692308
5972,62,26,0.4193548387
5973,66,26,0.3939393939
5974,56,24,0.4285714286
5975,64,22,0.3437500000
5976,62,20,0.3225806452
5977,58,32,0.5517241379
5978,62,28,0.4516129032
5979,70,22,0.3142857143
5980,62,22,0.3548387097
5981,54,28,0.5185185185
5982,54,12,0.2222222222
5983,68,28,0.4117647059
5984,74,38,0.5135135135
5985,58,16,0.2758620690
5986,52,16,0.3076923077
5987,52,24,0.4615384615
5988,70,26,0.3714285714
5989,66,26,0.3939393939
5990,64,16,0.2500000000
5991,62,22,0.3548387097
5992,64,22,0.3437500000
5993,54,24,0.4444444444
5994,64,26,0.4062500000
5995,60,26,0.4333333333
5996,60,24,0.4000000000
5997,62,18,0.2903225806
5998,68,24,0.3529411765
5999,52,16,0.3076923077
6000,68,26,0.3823529412
6001,58,22,0.3793103448
6002,64,24,0.3750000000
6003,64,16,0.2500000000
6004,56,24,0.4285714286
6005,58,24,0.4137931034
6006,58,26,0.4482758621
6007,50,12,0.2400000000
6008,58,20,0.3448275862
6009,64,30,0.4687500000
6010,64,24,0.3750000000
6011,68,20,0.2941176471
6012,54,20,0.3703703704
6013,58,16,0.2758620690
6014,70,28,0.4000000000
6015,64,22,0.3437500000
6016,76,20,0.2631578947
6017,62,22,0.3548387097
6018,54,10,0.1851851852
6019,94,18,0.1914893617
6020,54,14,0.2592592593
6021,72,30,0.4166666667
6022,58,18,0.3103448276
6023,58,20,0.3448275862
6024,66,24,0.3636363636
6025,56,18,0.3214285714
6026,60,26,0.4333333333
6027,62,20,0.3225806452
6028,52,28,0.5384615385
6029,68,24,0.3529411765
6030,88,48,0.5454545455
6031,64,24,0.3750000000
6032,58,22,0.3793103448
6033,60,20,0.3333333333
6034,66,24,0.3636363636
6035,62,18,0.2903225806
6036,64,24,0.3750000000
6037,66,32,0.4848484848
6038,58,26,0.4482758621
6039,66,22,0.3333333333
6040,66,26,0.3939393939
6041,68,24,0.3529411765
6042,58,22,0.3793103448
6043,62,18,0.2903225806
6044,62,16,0.2580645161
6045,54,28,0.5185185185
6046,48,20,0.4166666667
6047,64,26,0.4062500000
6048,66,22,0.3333333333
6049,70,30,0.4285714286
6050,56,24,0.4285714286
6051,50,16,0.3200000000
6052,58,22,0.3793103448
6053,68,28,0.4117647059
6054,62,22,0.3548387097
6055,64,22,0.3437500000
6056,58,22,0.3793103448
6057,50,12,0.2400000000
6058,62,20,0.3225806452
6059,60,20,0.3333333333
6060,66,18,0.2727272727
6061,64,20,0.3125000000
6062,56,14,0.2500000000
6063,56,22,0.3928571429
6064,62,16,0.2580645161
6065,68,26,0.3823529412
6066,66,26,0.3939393939
6067,68,24,0.3529411765
6068,58,24,0.4137931034
6069,72,18,0.2500000000
6070,70,26,0.3714285714
6071,64,30,0.4687500000
6072,64,20,0.3125000000
6073,64,24,0.3750000000
6074,54,18,0.3333333333
6075,60,28,0.4666666667
6076,56,20,0.3571428571
6077,52,18,0.3461538462
6078,62,34,0.5483870968
6079,64,24,0.3750000000
6080,70,28,0.4000000000
6081,62,24,0.3870967742
6082,66,24,0.3636363636
6083,60,24,0.4000000000
6084,66,24,0.3636363636
6085,68,26,0.3823529412
6086,58,32,0.5517241379
6087,56,28,0.5000000000
6088,58,28,0.4827586207
6089,56,14,0.2500000000
6090,70,28,0.4000000000
6091,174,90,0.5172413793
6092,64,22,0.3437500000
6093,62,20,0.3225806452
6094,62,20,0.3225806452
6095,58,26,0.4482758621
6096,56,16,0.2857142857
6097,64,22,0.3437500000
6098,60,22,0.3666666667
6099,58,30,0.5172413793
6100,64,24,0.3750000000
6101,70,44,0.6285714286
6102,58,20,0.3448275862
6103,68,26,0.3823529412
6104,66,20,0.3030303030
6105,66,28,0.4242424242
6106,84,46,0.5476190476
6107,66,28,0.4242424242
6108,62,24,0.3870967742
6109,66,18,0.2727272727
6110,64,24,0.3750000000
6111,64,28,0.4375000000
6112,110,26,0.2363636364
6113,66,26,0.3939393939
6114,64,28,0.4375000000
6115,64,22,0.3437500000
6116,58,26,0.4482758621
6117,62,24,0.3870967742
6118,62,24,0.3870967742
6119,66,32,0.4848484848
6120,76,40,0.5263157895
6121,64,24,0.3750000000
6122,62,24,0.3870967742
6123,70,28,0.4000000000
6124,64,26,0.4062500000
6125,66,26,0.3939393939
6126,60,20,0.3333333333
6127,56,20,0.3571428571
6128,68,24,0.3529411765
6129,48,22,0.4583333333
6130,58,32,0.5517241379
6131,58,24,0.4137931034
6132,64,20,0.3125000000
6133,56,24,0.4285714286
6134,62,28,0.4516129032
6135,74,16,0.2162162162
6136,52,26,0.5000000000
6137,54,20,0.3703703704
6138,60,22,0.3666666667
6139,70,26,0.3714285714
6140,88,20,0.2272727273
6141,62,32,0.5161290323
6142,62,18,0.2903225806
6143,64,16,0.2500000000
6144,52,14,0.2692307692
6145,68,28,0.4117647059
6146,68,28,0.4117647059
6147,60,26,0.4333333333
6148,62,20,0.3225806452
6149,58,24,0.4137931034
6150,52,26,0.5000000000
6151,66,26,0.3939393939
6152,52,14,0.2692307692
6153,64,26,0.4062500000
6154,56,24,0.4285714286
6155,64,24,0.3750000000
6156,60,20,0.3333333333
6157,60,22,0.3666666667
6158,56,26,0.4642857143
6159,50,10,0.2000000000
6160,70,28,0.4000000000
6161,60,24,0.4000000000
6162,68,38,0.5588235294
6163,58,24,0.4137931034
6164,56,30,0.5357142857
6165,68,24,0.3529411765
6166,66,24,0.3636363636
6167,58,18,0.3103448276
6168,64,36,0.5625000000
6169,72,36,0.5000000000
6170,68,26,0.3823529412
6171,60,32,0.5333333333
6172,50,12,0.2400000000
6173,66,24,0.3636363636
6174,68,28,0.4117647059
6175,62,26,0.4193548387
6176,56,24,0.4285714286
6177,58,26,0.4482758621
6178,66,26,0.3939393939
6179,60,20,0.3333333333
6180,52,18,0.3461538462
6181,60,18,0.3000000000
6182,64,26,0.4062500000
6183,56,18,0.3214285714
6184,64,26,0.4062500000
6185,58,24,0.4137931034
6186,62,22,0.3548387097
6187,72,30,0.4166666667
6188,56,22,0.3928571429
6189,60,26,0.4333333333
6190,62,24,0.3870967742
6191,64,14,0.2187500000
6192,60,22,0.3666666667
6193,56,22,0.3928571429
6194,52,10,0.1923076923
6195,72,30,0.4166666667
6196,68,20,0.2941176471
6197,62,22,0.3548387097
6198,64,30,0.4687500000
6199,68,24,0.3529411765
6200,54,14,0.2592592593
6201,62,26,0.4193548387
6202,64,24,0.3750000000
6203,60,28,0.4666666667
6204,68,24,0.3529411765
6205,64,28,0.4375000000
6206,54,30,0.5555555556
6207,68,28,0.4117647059
6208,62,16,0.2580645161
6209,58,22,0.3793103448
6210,60,28,0.4666666667
6211,72,28,0.3888888889
6212,66,26,0.3939393939
6213,68,26,0.3823529412
6214,64,28,0.4375000000
6215,68,30,0.4411764706
6216,56,20,0.3571428571
6217,64,34,0.5312500000
6218,68,20,0.2941176471
6219,66,28,0.4242424242
6220,62,28,0.4516129032
6221,62,26,0.4193548387
6222,86,42,0.4883720930
6223,64,26,0.4062500000
6224,66,34,0.5151515152
6225,68,30,0.4411764706
6226,52,16,0.3076923077
6227,66,28,0.4242424242
6228,68,28,0.4117647059
6229,64,24,0.3750000000
6230,62,30,0.4838709677
6231,66,24,0.3636363636
6232,42,10,0.2380952381
6233,76,18,0.2368421053
6234,64,22,0.3437500000
6235,62,22,0.3548387097
6236,54,18,0.3333333333
6237,58,20,0.3448275862
6238,74,26,0.3513513514
6239,56,14,0.2500000000
6240,52,14,0.2692307692
6241,60,20,0.3333333333
6242,60,20,0.3333333333
6243,60,20,0.3333333333
6244,62,16,0.2580645161
6245,60,24,0.4000000000
6246,58,26,0.4482758621
6247,56,18,0.3214285714
6248,60,20,0.3333333333
6249,62,18,0.2903225806
6250,60,20,0.3333333333
6251,60,22,0.3666666667
6252,58,16,0.2758620690
6253,64,24,0.3750000000
6254,66,26,0.3939393939
6255,62,26,0.4193548387
6256,78,48,0.6153846154
6257,54,18,0.3333333333
6258,50,14,0.2800000000
6259,54,14,0.2592592593
6260,66,20,0.3030303030
6261,50,24,0.4800000000
6262,62,28,0.4516129032
6263,62,22,0.3548387097
6264,66,22,0.3333333333
6265,56,22,0.3928571429
6266,62,26,0.4193548387
6267,62,24,0.3870967742
6268,62,16,0.2580645161
6269,70,26,0.3714285714
6270,58,14,0.2413793103
6271,56,22,0.3928571429
6272,66,22,0.3333333333
6273,62,22,0.3548387097
6274,64,10,0.1562500000
6275,72,24,0.3333333333
6276,66,22,0.3333333333
6277,60,24,0.4000000000
6278,92,24,0.2608695652
6279,60,22,0.3666666667
6280,72,30,0.4166666667
6281,64,26,0.4062500000
6282,58,20,0.3448275862
6283,60,28,0.4666666667
6284,68,24,0.3529411765
6285,60,20,0.3333333333
6286,78,34,0.4358974359
6287,56,22,0.3928571429
6288,52,20,0.3846153846
6289,48,28,0.5833333333
6290,66,28,0.4242424242
6291,66,20,0.3030303030
6292,78,40,0.5128205128
6293,54,26,0.4814814815
6294,134,68,0.5074626866
6295,66,28,0.4242424242
6296,66,26,0.3939393939
6297,50,20,0.4000000000
6298,56,16,0.2857142857
6299,54,20,0.3703703704
6300,66,30,0.4545454545
6301,66,28,0.4242424242
6302,86,26,0.3023255814
6303,58,26,0.4482758621
6304,58,24,0.4137931034
6305,80,18,0.2250000000
6306,64,32,0.5000000000
6307,60,20,0.3333333333
6308,58,22,0.3793103448
6309,56,28,0.5000000000
6310,64,24,0.3750000000
6311,58,18,0.3103448276
6312,62,16,0.2580645161
6313,62,26,0.4193548387
6314,68,22,0.3235294118
6315,58,20,0.3448275862
6316,56,0,0.0000000000
6317,62,28,0.4516129032
6318,70,26,0.3714285714
6319,60,24,0.4000000000
6320,58,18,0.3103448276
6321,54,28,0.5185185185
6322,56,14,0.2500000000
6323,66,22,0.3333333333
6324,130,34,0.2615384615
6325,52,20,0.3846153846
6326,118,30,0.2542372881
6327,70,26,0.3714285714
6328,60,30,0.5000000000
6329,66,26,0.3939393939
6330,58,26,0.4482758621
6331,64,22,0.3437500000
6332,60,34,0.5666666667
6333,66,22,0.3333333333
6334,48,16,0.3333333333
6335,54,24,0.4444444444
6336,68,28,0.4117647059
6337,58,24,0.4137931034
6338,58,24,0.4137931034
6339,58,18,0.3103448276
6340,64,24,0.3750000000
6341,56,20,0.3571428571
6342,152,72,0.4736842105
6343,66,24,0.3636363636
6344,54,26,0.4814814815
6345,64,20,0.3125000000
6346,66,22,0.3333333333
6347,62,22,0.3548387097
6348,62,26,0.4193548387
6349,58,22,0.3793103448
6350,74,40,0.5405405405
6351,58,26,0.4482758621
6352,60,22,0.3666666667
6353,68,20,0.2941176471
6354,110,24,0.2181818182
6355,62,26,0.4193548387
6356,64,20,0.3125000000
6357,66,28,0.4242424242
6358,64,18,0.2812500000
6359,64,22,0.3437500000
6360,62,22,0.3548387097
6361,60,18,0.3000000000
6362,120,56,0.4666666667
6363,64,22,0.3437500000
6364,66,26,0.3939393939
6365,58,16,0.2758620690
6366,64,24,0.3750000000
6367,60,24,0.4000000000
6368,80,18,0.2250000000
6369,56,26,0.4642857143
6370,66,28,0.4242424242
6371,68,24,0.3529411765
6372,74,20,0.2702702703
6373,64,30,0.4687500000
6374,54,12,0.2222222222
6375,64,20,0.3125000000
6376,56,12,0.2142857143
6377,60,22,0.3666666667
6378,60,20,0.3333333333
6379,66,22,0.3333333333
6380,74,20,0.2702702703
6381,64,24,0.3750000000
6382,68,28,0.4117647059
6383,64,24,0.3750000000
6384,60,18,0.3000000000
6385,64,26,0.4062500000
6386,60,20,0.3333333333
6387,58,20,0.3448275862
6388,56,20,0.3571428571
6389,64,22,0.3437500000
6390,52,16,0.3076923077
6391,52,30,0.5769230769
6392,62,24,0.3870967742
6393,54,22,0.4074074074
6394,60,20,0.3333333333
6395,68,36,0.5294117647
6396,62,28,0.4516129032
6397,62,20,0.3225806452
6398,64,0,0.0000000000
6399,66,26,0.3939393939
6400,56,24,0.4285714286
6401,70,28,0.4000000000
6402,60,32,0.5333333333
6403,66,26,0.3939393939
6404,76,18,0.2368421053
6405,62,18,0.2903225806
6406,60,28,0.4666666667
6407,60,20,0.3333333333
6408,56,24,0.4285714286
6409,68,26,0.3823529412
6410,74,22,0.2972972973
6411,72,36,0.5000000000
6412,64,20,0.3125000000
6413,60,24,0.4000000000
6414,60,22,0.3666666667
6415,62,20,0.3225806452
6416,54,26,0.4814814815
6417,62,26,0.4193548387
6418,62,14,0.2258064516
6419,64,18,0.2812500000
6420,54,28,0.5185185185
6421,50,14,0.2800000000
6422,66,20,0.3030303030
6423,56,14,0.2500000000
6424,58,24,0.4137931034
6425,62,22,0.3548387097
6426,68,28,0.4117647059
6427,66,34,0.5151515152
6428,64,22,0.3437500000
6429,60,28,0.4666666667
6430,60,20,0.3333333333
6431,64,22,0.3437500000
6432,66,24,0.3636363636
6433,64,20,0.3125000000
6434,66,28,0.4242424242
6435,64,22,0.3437500000
6436,64,22,0.3437500000
6437,64,24,0.3750000000
6438,76,40,0.5263157895
6439,58,28,0.4827586207
6440,56,28,0.5000000000
6441,64,22,0.3437500000
6442,62,18,0.2903225806
6443,52,16,0.3076923077
6444,58,16,0.2758620690
6445,56,18,0.3214285714
6446,60,28,0.4666666667
6447,70,28,0.4000000000
6448,58,36,0.6206896552
6449,64,20,0.3125000000
6450,64,26,0.4062500000
6451,70,24,0.3428571429
6452,52,22,0.4230769231
6453,60,28,0.4666666667
6454,66,26,0.3939393939
6455,72,30,0.4166666667
6456,52,16,0.3076923077
6457,58,26,0.4482758621
6458,52,26,0.5000000000
6459,64,22,0.3437500000
6460,60,16,0.2666666667
6461,56,22,0.3928571429
6462,60,24,0.4000000000
6463,60,24,0.4000000000
6464,68,16,0.2352941176
6465,58,14,0.2413793103
6466,62,28,0.4516129032
6467,70,20,0.2857142857
6468,82,20,0.2439024390
6469,58,20,0.3448275862
6470,64,26,0.4062500000
6471,76,38,0.5000000000
6472,256,64,0.2500000000
6473,70,22,0.3142857143
6474,70,30,0.4285714286
6475,66,26,0.3939393939
6476,72,32,0.4444444444
6477,68,24,0.3529411765
6478,60,24,0.4000000000
6479,62,24,0.3870967742
6480,74,42,0.5675675676
6481,64,24,0.3750000000
6482,52,10,0.1923076923
6483,62,24,0.3870967742
6484,64,24,0.3750000000
6485,56,30,0.5357142857
6486,58,24,0.4137931034
6487,60,20,0.3333333333
6488,62,20,0.3225806452
6489,68,28,0.4117647059
6490,68,24,0.3529411765
6491,48,30,0.6250000000
6492,64,26,0.4062500000
6493,64,16,0.2500000000
6494,62,24,0.3870967742
6495,58,20,0.3448275862
6496,64,24,0.3750000000
6497,76,28,0.3684210526
6498,66,28,0.4242424242
6499,48,26,0.5416666667
6500,62,18,0.2903225806
6501,72,26,0.3611111111
6502,46,22,0.4782608696
6503,74,16,0.2162162162
6504,66,34,0.5151515152
6505,78,22,0.2820512821
6506,64,32,0.5000000000
6507,60,26,0.4333333333
6508,48,26,0.5416666667
6509,60,30,0.5000000000
6510,60,22,0.3666666667
6511,52,24,0.4615384615
6512,58,24,0.4137931034
6513,60,24,0.4000000000
6514,64,20,0.3125000000
6515,56,18,0.3214285714
6516,64,24,0.3750000000
6517,66,28,0.4242424242
6518,66,24,0.3636363636
6519,62,20,0.3225806452
6520,62,26,0.4193548387
6521,62,24,0.3870967742
6522,78,40,0.5128205128
6523,66,24,0.3636363636
6524,62,22,0.3548387097
6525,66,22,0.3333333333
6526,68,30,0.4411764706
6527,72,20,0.2777777778
6528,62,30,0.4838709677
6529,62,28,0.4516129032
6530,58,14,0.2413793103
6531,56,18,0.3214285714
6532,64,26,0.4062500000
6533,52,16,0.3076923077
6534,66,24,0.3636363636
6535,54,12,0.2222222222
6536,66,26,0.3939393939
6537,60,22,0.3666666667
6538,56,16,0.2857142857
6539,62,30,0.4838709677
6540,70,30,0.4285714286
6541,68,30,0.4411764706
6542,58,24,0.4137931034
6543,48,26,0.5416666667
6544,66,26,0.3939393939
6545,58,26,0.4482758621
6546,64,36,0.5625000000
6547,70,28,0.4000000000
6548,58,28,0.4827586207
6549,64,26,0.4062500000
6550,62,24,0.3870967742
6551,62,22,0.3548387097
6552,60,26,0.4333333333
6553,58,18,0.3103448276
6554,64,24,0.3750000000
6555,76,18,0.2368421053
6556,60,22,0.3666666667
6557,64,26,0.4062500000
6558,66,22,0.3333333333
6559,66,32,0.4848484848
6560,70,34,0.4857142857
6561,70,30,0.4285714286
6562,64,26,0.4062500000
6563,60,34,0.5666666667
6564,68,28,0.4117647059
6565,60,20,0.3333333333
6566,58,18,0.3103448276
6567,56,30,0.5357142857
6568,66,24,0.3636363636
6569,66,22,0.3333333333
6570,62,18,0.2903225806
6571,62,18,0.2903225806
6572,72,24,0.3333333333
6573,66,28,0.4242424242
6574,66,30,0.4545454545
6575,64,28,0.4375000000
6576,68,28,0.4117647059
6577,66,16,0.2424242424
6578,64,22,0.3437500000
6579,48,26,0.5416666667
6580,64,26,0.4062500000
6581,62,20,0.3225806452
6582,68,30,0.4411764706
6583,64,32,0.5000000000
6584,52,30,0.5769230769
6585,62,18,0.2903225806
6586,60,24,0.4000000000
6587,64,20,0.3125000000
6588,68,16,0.2352941176
6589,64,24,0.3750000000
6590,64,26,0.4062500000
6591,58,24,0.4137931034
6592,54,14,0.2592592593
6593,58,30,0.5172413793
6594,64,24,0.3750000000
6595,58,24,0.4137931034
6596,54,28,0.5185185185
6597,50,10,0.2000000000
6598,64,20,0.3125000000
6599,98,18,0.1836734694
6600,66,30,0.4545454545
6601,66,24,0.3636363636
6602,58,20,0.3448275862
6603,56,20,0.3571428571
6604,60,26,0.4333333333
6605,58,22,0.3793103448
6606,62,18,0.2903225806
6607,58,22,0.3793103448
6608,64,22,0.3437500000
6609,64,16,0.2500000000
6610,60,22,0.3666666667
6611,68,22,0.3235294118
6612,70,30,0.4285714286
6613,60,20,0.3333333333
6614,70,28,0.4000000000
6615,66,28,0.4242424242
6616,58,30,0.5172413793
6617,64,22,0.3437500000
6618,60,34,0.5666666667
6619,56,16,0.2857142857
6620,62,18,0.2903225806
6621,76,22,0.2894736842
6622,64,28,0.4375000000
6623,58,24,0.4137931034
6624,62,20,0.3225806452
6625,46,24,0.5217391304
6626,64,20,0.3125000000
6627,66,28,0.4242424242
6628,62,12,0.1935483871
6629,64,26,0.4062500000
6630,64,16,0.2500000000
6631,56,22,0.3928571429
6632,66,24,0.3636363636
6633,58,20,0.3448275862
6634,56,20,0.3571428571
6635,62,24,0.3870967742
6636,62,28,0.4516129032
6637,58,20,0.3448275862
6638,62,26,0.4193548387
6639,56,26,0.4642857143
6640,66,20,0.3030303030
6641,62,26,0.4193548387
6642,58,16,0.2758620690
6643,64,30,0.4687500000
6644,66,24,0.3636363636
6645,70,26,0.3714285714
6646,68,26,0.3823529412
6647,64,18,0.2812500000
6648,70,28,0.4000000000
6649,66,22,0.3333333333
6650,72,32,0.4444444444
6651,68,26,0.3823529412
6652,74,20,0.2702702703
6653,50,22,0.4400000000
6654,60,22,0.3666666667
6655,62,24,0.3870967742
6656,56,18,0.3214285714
6657,62,28,0.4516129032
6658,54,22,0.4074074074
6659,52,14,0.2692307692
6660,68,26,0.3823529412
6661,64,30,0.4687500000
6662,72,28,0.3888888889
6663,58,28,0.4827586207
6664,58,18,0.3103448276
6665,64,34,0.5312500000
6666,62,16,0.2580645161
6667,62,30,0.4838709677
6668,86,26,0.3023255814
6669,50,26,0.5200000000
6670,56,24,0.4285714286
6671,58,30,0.5172413793
6672,64,32,0.5000000000
6673,76,18,0.2368421053
6674,58,30,0.5172413793
6675,58,18,0.3103448276
6676,54,20,0.3703703704
6677,64,16,0.2500000000
6678,66,20,0.3030303030
6679,102,52,0.5098039216
6680,64,26,0.4062500000
6681,62,18,0.2903225806
6682,56,24,0.4285714286
6683,58,26,0.4482758621
6684,60,16,0.2666666667
6685,50,24,0.4800000000
6686,58,26,0.4482758621
6687,56,12,0.2142857143
6688,66,22,0.3333333333
6689,66,26,0.3939393939
6690,60,22,0.3666666667
6691,66,28,0.4242424242
6692,62,26,0.4193548387
6693,386,86,0.2227979275
6694,62,24,0.3870967742
6695,60,28,0.4666666667
6696,68,24,0.3529411765
6697,62,26,0.4193548387
6698,56,20,0.3571428571
6699,60,18,0.3000000000
6700,68,32,0.4705882353
6701,66,26,0.3939393939
6702,64,28,0.4375000000
6703,60,24,0.4000000000
6704,58,18,0.3103448276
6705,64,24,0.3750000000
6706,70,24,0.3428571429
6707,68,26,0.3823529412
6708,66,34,0.5151515152
6709,70,26,0.3714285714
6710,56,28,0.5000000000
6711,84,20,0.2380952381
6712,64,32,0.5000000000
6713,64,20,0.3125000000
6714,58,32,0.5517241379
6715,66,28,0.4242424242
6716,58,22,0.3793103448
6717,122,28,0.2295081967
6718,66,34,0.5151515152
6719,44,14,0.3181818182
6720,56,28,0.5000000000
6721,58,28,0.4827586207
6722,70,28,0.4000000000
6723,66,26,0.3939393939
6724,62,26,0.4193548387
6725,60,20,0.3333333333
6726,60,18,0.3000000000
6727,78,18,0.2307692308
6728,62,26,0.4193548387
6729,62,20,0.3225806452
6730,66,22,0.3333333333
6731,68,26,0.3823529412
6732,64,26,0.4062500000
6733,52,24,0.4615384615
6734,64,26,0.4062500000
6735,58,24,0.4137931034
6736,72,28,0.3888888889
6737,66,26,0.3939393939
6738,64,26,0.4062500000
6739,50,26,0.5200000000
6740,62,28,0.4516129032
6741,64,22,0.3437500000
6742,62,14,0.2258064516
6743,62,20,0.3225806452
6744,64,24,0.3750000000
6745,58,20,0.3448275862
6746,72,30,0.4166666667
6747,66,22,0.3333333333
6748,60,28,0.4666666667
6749,102,28,0.2745098039
6750,62,22,0.3548387097
6751,58,30,0.5172413793
6752,60,24,0.4000000000
6753,66,28,0.4242424242
6754,54,14,0.2592592593
6755,74,36,0.4864864865
6756,68,24,0.3529411765
6757,58,22,0.3793103448
6758,64,22,0.3437500000
6759,60,22,0.3666666667
6760,58,22,0.3793103448
6761,58,16,0.2758620690
6762,64,24,0.3750000000
6763,64,22,0.3437500000
6764,70,32,0.4571428571
6765,52,12,0.2307692308
6766,72,28,0.3888888889
6767,66,28,0.4242424242
6768,52,22,0.4230769231
6769,66,26,0.3939393939
6770,68,30,0.4411764706
6771,54,16,0.2962962963
6772,60,24,0.4000000000
6773,58,18,0.3103448276
6774,66,24,0.3636363636
6775,64,26,0.4062500000
6776,60,28,0.4666666667
6777,66,26,0.3939393939
6778,62,20,0.3225806452
6779,58,26,0.4482758621
6780,64,24,0.3750000000
6781,60,32,0.5333333333
6782,60,20,0.3333333333
6783,52,16,0.3076923077
6784,62,24,0.3870967742
6785,68,26,0.3823529412
6786,62,22,0.3548387097
6787,64,18,0.2812500000
6788,60,24,0.4000000000
6789,60,32,0.5333333333
6790,70,38,0.5428571429
6791,62,22,0.3548387097
6792,62,26,0.4193548387
6793,52,26,0.5000000000
6794,68,26,0.3823529412
6795,56,24,0.4285714286
6796,58,24,0.4137931034
6797,66,34,0.5151515152
6798,62,22,0.3548387097
6799,54,16,0.2962962963
6800,66,22,0.3333333333
6801,60,24,0.4000000000
6802,58,20,0.3448275862
6803,52,30,0.5769230769
6804,62,22,0.3548387097
6805,54,24,0.4444444444
6806,60,28,0.4666666667
6807,36,2,0.0555555556
6808,64,26,0.4062500000
6809,66,28,0.4242424242
6810,60,24,0.4000000000
6811,76,18,0.2368421053
6812,52,18,0.3461538462
6813,60,18,0.3000000000
6814,66,24,0.3636363636
6815,66,30,0.4545454545
6816,60,20,0.3333333333
6817,58,18,0.3103448276
6818,60,24,0.4000000000
6819,70,28,0.4000000000
6820,66,26,0.3939393939
6821,64,22,0.3437500000
6822,64,24,0.3750000000
6823,66,26,0.3939393939
6824,56,16,0.2857142857
6825,54,12,0.2222222222
6826,66,24,0.3636363636
6827,54,24,0.4444444444
6828,78,16,0.2051282051
6829,84,20,0.2380952381
6830,64,28,0.4375000000
6831,70,34,0.4857142857
6832,62,32,0.5161290323
6833,66,26,0.3939393939
6834,62,26,0.4193548387
6835,88,44,0.5000000000
6836,66,26,0.3939393939
6837,48,22,0.4583333333
6838,56,30,0.5357142857
6839,58,20,0.3448275862
6840,60,32,0.5333333333
6841,66,26,0.3939393939
6842,64,20,0.3125000000
6843,56,16,0.2857142857
6844,56,18,0.3214285714
6845,42,24,0.5714285714
6846,70,30,0.4285714286
6847,60,22,0.3666666667
6848,56,24,0.4285714286
6849,66,24,0.3636363636
6850,66,28,0.4242424242
6851,54,16,0.2962962963
6852,56,22,0.3928571429
6853,64,26,0.4062500000
6854,60,18,0.3000000000
6855,64,32,0.5000000000
6856,70,26,0.3714285714
6857,66,22,0.3333333333
6858,62,22,0.3548387097
6859,52,24,0.4615384615
6860,58,26,0.4482758621
6861,56,32,0.5714285714
6862,64,20,0.3125000000
6863,66,24,0.3636363636
6864,68,34,0.5000000000
6865,66,28,0.4242424242
6866,62,24,0.3870967742
6867,64,28,0.4375000000
6868,66,22,0.3333333333
6869,64,24,0.3750000000
6870,60,22,0.3666666667
6871,72,16,0.2222222222
6872,62,28,0.4516129032
6873,68,28,0.4117647059
6874,60,28,0.4666666667
6875,64,22,0.3437500000
6876,58,30,0.5172413793
6877,62,24,0.3870967742
6878,64,24,0.3750000000
6879,78,40,0.5128205128
6880,66,22,0.3333333333
6881,64,22,0.3437500000
6882,62,24,0.3870967742
6883,60,20,0.3333333333
6884,56,24,0.4285714286
6885,118,0,0.0000000000
6886,66,28,0.4242424242
6887,72,26,0.3611111111
6888,66,24,0.3636363636
6889,60,26,0.4333333333
6890,70,24,0.3428571429
6891,70,30,0.4285714286
6892,80,20,0.2500000000
6893,70,20,0.2857142857
6894,62,18,0.2903225806
6895,58,22,0.3793103448
6896,56,24,0.4285714286
6897,60,20,0.3333333333
6898,66,28,0.4242424242
6899,54,14,0.2592592593
6900,64,24,0.3750000000
6901,60,18,0.3000000000
6902,62,20,0.3225806452
6903,66,26,0.3939393939
6904,56,14,0.2500000000
6905,60,14,0.2333333333
6906,52,16,0.3076923077
6907,56,18,0.3214285714
6908,62,28,0.4516129032
6909,68,26,0.3823529412
6910,64,20,0.3125000000
6911,80,18,0.2250000000
6912,56,22,0.3928571429
6913,70,24,0.3428571429
6914,62,24,0.3870967742
6915,76,28,0.3684210526
6916,66,20,0.3030303030
6917,60,18,0.3000000000
6918,60,24,0.4000000000
6919,68,26,0.3823529412
6920,58,12,0.2068965517
6921,64,26,0.4062500000
6922,56,20,0.3571428571
6923,62,26,0.4193548387
6924,56,18,0.3214285714
6925,54,16,0.2962962963
6926,60,20,0.3333333333
6927,60,18,0.3000000000
6928,62,22,0.3548387097
6929,56,22,0.3928571429
6930,60,24,0.4000000000
6931,94,44,0.4680851064
6932,68,28,0.4117647059
6933,56,22,0.3928571429
6934,66,22,0.3333333333
6935,52,12,0.2307692308
6936,72,28,0.3888888889
6937,60,18,0.3000000000
6938,64,24,0.3750000000
6939,62,24,0.3870967742
6940,92,24,0.2608695652
6941,66,26,0.3939393939
6942,56,16,0.2857142857
6943,60,26,0.4333333333
6944,56,20,0.3571428571
6945,56,22,0.3928571429
6946,64,26,0.4062500000
6947,52,12,0.2307692308
6948,60,22,0.3666666667
6949,64,24,0.3750000000
6950,60,26,0.4333333333
6951,62,22,0.3548387097
6952,56,14,0.2500000000
6953,62,24,0.3870967742
6954,52,22,0.4230769231
6955,62,22,0.3548387097
6956,62,34,0.5483870968
6957,68,24,0.3529411765
6958,58,32,0.5517241379
6959,62,20,0.3225806452
6960,68,26,0.3823529412
6961,66,26,0.3939393939
6962,68,28,0.4117647059
6963,62,32,0.5161290323
6964,68,26,0.3823529412
6965,60,28,0.4666666667
6966,66,26,0.3939393939
6967,64,24,0.3750000000
6968,56,28,0.5000000000
6969,70,26,0.3714285714
6970,68,26,0.3823529412
6971,64,26,0.4062500000
6972,66,26,0.3939393939
6973,66,26,0.3939393939
6974,62,14,0.2258064516
6975,66,20,0.3030303030
6976,56,28,0.5000000000
6977,62,26,0.4193548387
6978,70,26,0.3714285714
6979,130,34,0.2615384615
6980,66,18,0.2727272727
6981,64,26,0.4062500000
6982,68,24,0.3529411765
6983,74,18,0.2432432432
6984,62,26,0.4193548387
6985,62,22,0.3548387097
6986,64,28,0.4375000000
6987,54,26,0.4814814815
6988,72,18,0.2500000000
6989,48,16,0.3333333333
6990,58,24,0.4137931034
6991,70,26,0.3714285714
6992,86,20,0.2325581395
6993,68,32,0.4705882353
6994,60,22,0.3666666667
6995,66,34,0.5151515152
6996,54,20,0.3703703704
6997,62,22,0.3548387097
6998,64,32,0.5000000000
6999,62,20,0.3225806452
7000,62,26,0.4193548387
7001,66,26,0.3939393939
7002,104,26,0.2500000000
7003,60,28,0.4666666667
7004,70,30,0.4285714286
7005,64,26,0.4062500000
7006,66,26,0.3939393939
7007,60,18,0.3000000000
7008,62,24,0.3870967742
7009,68,24,0.3529411765
7010,66,20,0.3030303030
7011,58,24,0.4137931034
7012,56,22,0.3928571429
7013,62,22,0.3548387097
7014,64,26,0.4062500000
7015,66,38,0.5757575758
7016,62,20,0.3225806452
7017,64,22,0.3437500000
7018,66,30,0.4545454545
7019,64,22,0.3437500000
7020,66,22,0.3333333333
7021,70,26,0.3714285714
7022,64,24,0.3750000000
7023,126,62,0.4920634921
7024,64,20,0.3125000000
7025,64,24,0.3750000000
7026,64,26,0.4062500000
7027,60,18,0.3000000000
7028,66,26,0.3939393939
7029,64,30,0.4687500000
7030,62,20,0.3225806452
7031,62,20,0.3225806452
7032,60,22,0.3666666667
7033,58,20,0.3448275862
7034,64,26,0.4062500000
7035,54,16,0.2962962963
7036,66,26,0.3939393939
7037,70,26,0.3714285714
7038,172,38,0.2209302326
7039,80,20,0.2500000000
7040,66,26,0.3939393939
7041,56,26,0.4642857143
7042,60,22,0.3666666667
7043,64,28,0.4375000000
7044,72,36,0.5000000000
7045,52,26,0.5000000000
7046,64,28,0.4375000000
7047,58,24,0.4137931034
7048,62,28,0.4516129032
7049,56,26,0.4642857143
7050,66,28,0.4242424242
7051,60,24,0.4000000000
7052,62,28,0.4516129032
7053,68,26,0.3823529412
7054,52,28,0.5384615385
7055,68,22,0.3235294118
7056,64,22,0.3437500000
7057,60,22,0.3666666667
7058,64,28,0.4375000000
7059,58,14,0.2413793103
7060,58,28,0.4827586207
7061,64,30,0.4687500000
7062,60,24,0.4000000000
7063,68,30,0.4411764706
7064,56,24,0.4285714286
7065,54,28,0.5185185185
7066,74,28,0.3783783784
7067,66,24,0.3636363636
7068,66,28,0.4242424242
7069,62,22,0.3548387097
7070,60,22,0.3666666667
7071,66,28,0.4242424242
7072,66,24,0.3636363636
7073,70,32,0.4571428571
7074,62,22,0.3548387097
7075,64,22,0.3437500000
7076,68,28,0.4117647059
7077,60,20,0.3333333333
7078,66,16,0.2424242424
7079,62,24,0.3870967742
7080,60,28,0.4666666667
7081,60,22,0.3666666667
7082,68,28,0.4117647059
7083,70,30,0.4285714286
7084,62,24,0.3870967742
7085,60,24,0.4000000000
7086,62,30,0.4838709677
7087,58,22,0.3793103448
7088,60,20,0.3333333333
7089,64,24,0.3750000000
7090,62,22,0.3548387097
7091,62,24,0.3870967742
7092,60,24,0.4000000000
7093,60,20,0.3333333333
7094,62,22,0.3548387097
7095,66,20,0.3030303030
7096,56,28,0.5000000000
7097,52,18,0.3461538462
7098,58,32,0.5517241379
7099,38,0,0.0000000000
7100,66,32,0.4848484848
7101,68,24,0.3529411765
7102,68,28,0.4117647059
7103,60,22,0.3666666667
7104,64,24,0.3750000000
7105,68,22,0.3235294118
7106,66,30,0.4545454545
7107,58,20,0.3448275862
7108,70,26,0.3714285714
7109,56,12,0.2142857143
7110,60,22,0.3666666667
7111,54,28,0.5185185185
7112,64,24,0.3750000000
7113,58,20,0.3448275862
7114,64,20,0.3125000000
7115,62,20,0.3225806452
7116,66,28,0.4242424242
7117,70,32,0.4571428571
7118,62,24,0.3870967742
7119,66,24,0.3636363636
7120,76,30,0.3947368421
7121,62,28,0.4516129032
7122,54,18,0.3333333333
7123,66,10,0.1515151515
7124,62,20,0.3225806452
7125,70,26,0.3714285714
7126,62,18,0.2903225806
7127,58,18,0.3103448276
7128,72,18,0.2500000000
7129,60,26,0.4333333333
7130,82,50,0.6097560976
7131,60,18,0.3000000000
7132,56,28,0.5000000000
7133,64,26,0.4062500000
7134,60,26,0.4333333333
7135,60,20,0.3333333333
7136,64,34,0.5312500000
7137,58,28,0.4827586207
7138,60,14,0.2333333333
7139,70,32,0.4571428571
7140,64,24,0.3750000000
7141,70,28,0.4000000000
7142,70,30,0.4285714286
7143,74,38,0.5135135135
7144,66,28,0.4242424242
7145,60,22,0.3666666667
7146,62,32,0.5161290323
7147,64,22,0.3437500000
7148,68,22,0.3235294118
7149,62,32,0.5161290323
7150,140,34,0.2428571429
7151,64,24,0.3750000000
7152,72,40,0.5555555556
7153,84,24,0.2857142857
7154,64,22,0.3437500000
7155,60,24,0.4000000000
7156,68,26,0.3823529412
7157,60,20,0.3333333333
7158,62,18,0.2903225806
7159,58,22,0.3793103448
7160,64,24,0.3750000000
7161,56,24,0.4285714286
7162,54,24,0.4444444444
7163,64,24,0.3750000000
7164,62,22,0.3548387097
7165,68,22,0.3235294118
7166,60,26,0.4333333333
7167,62,22,0.3548387097
7168,60,20,0.3333333333
7169,66,22,0.3333333333
7170,66,24,0.3636363636
7171,58,26,0.4482758621
7172,66,24,0.3636363636
7173,72,28,0.3888888889
7174,66,16,0.2424242424
7175,62,22,0.3548387097
7176,66,10,0.1515151515
7177,50,14,0.2800000000
7178,62,28,0.4516129032
7179,58,20,0.3448275862
7180,54,14,0.2592592593
7181,62,22,0.3548387097
7182,60,28,0.4666666667
7183,58,18,0.3103448276
7184,64,24,0.3750000000
7185,58,22,0.3793103448
7186,60,24,0.4000000000
7187,64,26,0.4062500000
7188,58,18,0.3103448276
7189,66,20,0.3030303030
7190,84,44,0.5238095238
7191,62,28,0.4516129032
7192,62,24,0.3870967742
7193,62,22,0.3548387097
7194,58,22,0.3793103448
7195,62,28,0.4516129032
7196,60,26,0.4333333333
7197,54,16,0.2962962963
7198,66,22,0.3333333333
7199,106,24,0.2264150943
7200,60,24,0.4000000000
7201,62,28,0.4516129032
7202,50,28,0.5600000000
7203,54,18,0.3333333333
7204,64,26,0.4062500000
7205,64,26,0.4062500000
7206,92,24,0.2608695652
7207,56,22,0.3928571429
7208,66,24,0.3636363636
7209,64,26,0.4062500000
7210,88,22,0.2500000000
7211,54,22,0.4074074074
7212,52,30,0.5769230769
7213,54,12,0.2222222222
7214,52,18,0.3461538462
7215,64,24,0.3750000000
7216,58,24,0.4137931034
7217,72,36,0.5000000000
7218,60,14,0.2333333333
7219,66,22,0.3333333333
7220,58,32,0.5517241379
7221,64,24,0.3750000000
7222,56,20,0.3571428571
7223,60,16,0.2666666667
7224,248,114,0.4596774194
7225,62,22,0.3548387097
7226,64,20,0.3125000000
7227,60,26,0.4333333333
7228,62,24,0.3870967742
7229,68,26,0.3823529412
7230,62,24,0.3870967742
7231,66,16,0.2424242424
7232,56,32,0.5714285714
7233,68,26,0.3823529412
7234,64,24,0.3750000000
7235,56,18,0.3214285714
7236,60,20,0.3333333333
7237,62,28,0.4516129032
7238,56,24,0.4285714286
7239,60,26,0.4333333333
7240,64,26,0.4062500000
7241,66,28,0.4242424242
7242,64,18,0.2812500000
7243,66,20,0.3030303030
7244,56,20,0.3571428571
7245,50,20,0.4000000000
7246,58,26,0.4482758621
7247,64,22,0.3437500000
7248,62,16,0.2580645161
7249,60,24,0.4000000000
7250,60,26,0.4333333333
7251,58,20,0.3448275862
7252,50,12,0.2400000000
7253,68,22,0.3235294118
7254,62,34,0.5483870968
7255,64,18,0.2812500000
7256,62,22,0.3548387097
7257,60,18,0.3000000000
7258,68,28,0.4117647059
7259,50,16,0.3200000000
7260,64,24,0.3750000000
7261,66,24,0.3636363636
7262,54,28,0.5185185185
7263,60,20,0.3333333333
7264,66,26,0.3939393939
7265,72,24,0.3333333333
7266,58,28,0.4827586207
7267,58,14,0.2413793103
7268,54,16,0.2962962963
7269,52,12,0.2307692308
7270,62,30,0.4838709677
7271,56,14,0.2500000000
7272,58,16,0.2758620690
7273,62,20,0.3225806452
7274,60,26,0.4333333333
7275,54,18,0.3333333333
7276,66,18,0.2727272727
7277,68,28,0.4117647059
7278,64,28,0.4375000000
7279,58,16,0.2758620690
7280,54,18,0.3333333333
7281,70,28,0.4000000000
7282,50,12,0.2400000000
7283,62,24,0.3870967742
7284,60,24,0.4000000000
7285,56,32,0.5714285714
7286,62,28,0.4516129032
7287,52,14,0.2692307692
7288,58,14,0.2413793103
7289,58,18,0.3103448276
7290,66,30,0.4545454545
7291,64,22,0.3437500000
7292,70,24,0.3428571429
7293,62,18,0.2903225806
7294,72,20,0.2777777778
7295,54,16,0.2962962963
7296,60,26,0.4333333333
7297,70,26,0.3714285714
7298,64,26,0.4062500000
7299,58,24,0.4137931034
7300,62,28,0.4516129032
7301,60,22,0.3666666667
7302,64,14,0.2187500000
7303,68,30,0.4411764706
7304,64,28,0.4375000000
7305,60,20,0.3333333333
7306,64,28,0.4375000000
7307,66,26,0.3939393939
7308,68,24,0.3529411765
7309,46,24,0.5217391304
7310,66,30,0.4545454545
7311,44,26,0.5909090909
7312,58,24,0.4137931034
7313,62,18,0.2903225806
7314,64,24,0.3750000000
7315,58,20,0.3448275862
7316,56,20,0.3571428571
7317,62,22,0.3548387097
7318,68,28,0.4117647059
7319,58,24,0.4137931034
7320,54,28,0.5185185185
7321,58,22,0.3793103448
7322,58,18,0.3103448276
7323,76,20,0.2631578947
7324,54,22,0.4074074074
7325,84,22,0.2619047619
7326,62,24,0.3870967742
7327,62,22,0.3548387097
7328,58,24,0.4137931034
7329,56,24,0.4285714286
7330,66,18,0.2727272727
7331,60,26,0.4333333333
7332,62,20,0.3225806452
7333,58,20,0.3448275862
7334,66,22,0.3333333333
7335,60,24,0.4000000000
7336,62,22,0.3548387097
7337,62,20,0.3225806452
7338,68,22,0.3235294118
7339,64,16,0.2500000000
7340,62,22,0.3548387097
7341,68,26,0.3823529412
7342,58,24,0.4137931034
7343,66,32,0.4848484848
7344,64,22,0.3437500000
7345,68,24,0.3529411765
7346,54,30,0.5555555556
7347,70,32,0.4571428571
7348,68,26,0.3823529412
7349,56,14,0.2500000000
7350,50,16,0.3200000000
7351,50,14,0.2800000000
7352,68,28,0.4117647059
7353,62,22,0.3548387097
7354,70,14,0.2000000000
7355,62,22,0.3548387097
7356,60,18,0.3000000000
7357,54,30,0.5555555556
7358,62,20,0.3225806452
7359,50,12,0.2400000000
7360,50,24,0.4800000000
7361,62,30,0.4838709677
7362,60,28,0.4666666667
7363,66,26,0.3939393939
7364,56,20,0.3571428571
7365,58,24,0.4137931034
7366,60,18,0.3000000000
7367,62,18,0.2903225806
7368,62,28,0.4516129032
7369,68,26,0.3823529412
7370,62,24,0.3870967742
7371,58,16,0.2758620690
7372,88,20,0.2272727273
7373,62,22,0.3548387097
7374,60,18,0.3000000000
7375,64,20,0.3125000000
7376,58,26,0.4482758621
7377,56,12,0.2142857143
7378,60,26,0.4333333333
7379,58,14,0.2413793103
7380,68,28,0.4117647059
7381,68,24,0.3529411765
7382,58,22,0.3793103448
7383,76,32,0.4210526316
7384,54,14,0.2592592593
7385,52,20,0.3846153846
7386,60,20,0.3333333333
7387,62,24,0.3870967742
7388,64,22,0.3437500000
7389,70,26,0.3714285714
7390,52,10,0.1923076923
7391,64,20,0.3125000000
7392,64,22,0.3437500000
7393,56,26,0.4642857143
7394,66,24,0.3636363636
7395,66,26,0.3939393939
7396,50,20,0.4000000000
7397,54,32,0.5925925926
7398,50,10,0.2000000000
7399,66,22,0.3333333333
7400,62,24,0.3870967742
7401,70,28,0.4000000000
7402,60,24,0.4000000000
7403,64,24,0.3750000000
7404,60,32,0.5333333333
7405,64,24,0.3750000000
7406,64,24,0.3750000000
7407,66,28,0.4242424242
7408,144,32,0.2222222222
7409,62,20,0.3225806452
7410,52,26,0.5000000000
7411,56,24,0.4285714286
7412,58,18,0.3103448276
7413,52,26,0.5000000000
7414,70,22,0.3142857143
7415,66,26,0.3939393939
7416,66,24,0.3636363636
7417,70,32,0.4571428571
7418,58,22,0.3793103448
7419,54,28,0.5185185185
7420,72,28,0.3888888889
7421,64,22,0.3437500000
7422,56,20,0.3571428571
7423,100,54,0.5400000000
7424,62,24,0.3870967742
7425,64,18,0.2812500000
7426,106,20,0.1886792453
7427,60,20,0.3333333333
7428,54,26,0.4814814815
7429,62,26,0.4193548387
7430,56,26,0.4642857143
7431,66,24,0.3636363636
7432,58,26,0.4482758621
7433,58,24,0.4137931034
7434,64,28,0.4375000000
7435,62,26,0.4193548387
7436,62,22,0.3548387097
7437,58,28,0.4827586207
7438,54,16,0.2962962963
7439,78,32,0.4102564103
7440,58,16,0.2758620690
7441,62,28,0.4516129032
7442,114,28,0.2456140351
7443,62,24,0.3870967742
7444,70,26,0.3714285714
7445,74,28,0.3783783784
7446,60,24,0.4000000000
7447,54,24,0.4444444444
7448,56,20,0.3571428571
7449,60,24,0.4000000000
7450,52,16,0.3076923077
7451,64,26,0.4062500000
7452,52,18,0.3461538462
7453,56,24,0.4285714286
7454,306,74,0.2418300654
7455,62,26,0.4193548387
7456,56,24,0.4285714286
7457,64,24,0.3750000000
7458,60,18,0.3000000000
7459,76,30,0.3947368421
7460,62,30,0.4838709677
7461,58,26,0.4482758621
7462,62,28,0.4516129032
7463,60,22,0.3666666667
7464,58,18,0.3103448276
7465,68,30,0.4411764706
7466,60,26,0.4333333333
7467,56,18,0.3214285714
7468,60,28,0.4666666667
7469,68,28,0.4117647059
7470,60,22,0.3666666667
7471,60,30,0.5000000000
7472,90,48,0.5333333333
7473,66,26,0.3939393939
7474,58,20,0.3448275862
7475,76,18,0.2368421053
7476,62,26,0.4193548387
7477,62,22,0.3548387097
7478,60,24,0.4000000000
7479,50,12,0.2400000000
7480,56,30,0.5357142857
7481,102,30,0.2941176471
7482,62,30,0.4838709677
7483,48,14,0.2916666667
7484,58,16,0.2758620690
7485,64,20,0.3125000000
7486,70,26,0.3714285714
7487,80,40,0.5000000000
7488,60,20,0.3333333333
7489,58,22,0.3793103448
7490,56,28,0.5000000000
7491,58,24,0.4137931034
7492,64,22,0.3437500000
7493,54,28,0.5185185185
7494,62,36,0.5806451613
7495,64,24,0.3750000000
7496,60,22,0.3666666667
7497,56,12,0.2142857143
7498,58,24,0.4137931034
7499,70,34,0.4857142857
7500,64,26,0.4062500000
7501,74,40,0.5405405405
7502,56,18,0.3214285714
7503,54,20,0.3703703704
7504,58,22,0.3793103448
7505,60,14,0.2333333333
7506,56,16,0.2857142857
7507,58,26,0.4482758621
7508,66,28,0.4242424242
7509,58,26,0.4482758621
7510,60,22,0.3666666667
7511,58,26,0.4482758621
7512,52,10,0.1923076923
7513,62,26,0.4193548387
7514,68,28,0.4117647059
7515,64,22,0.3437500000
7516,60,26,0.4333333333
7517,66,24,0.3636363636
7518,62,22,0.3548387097
7519,72,20,0.2777777778
7520,64,24,0.3750000000
7521,62,26,0.4193548387
7522,62,26,0.4193548387
7523,62,26,0.4193548387
7524,64,22,0.3437500000
7525,56,28,0.5000000000
7526,66,30,0.4545454545
7527,60,30,0.5000000000
7528,70,20,0.2857142857
7529,62,26,0.4193548387
7530,56,20,0.3571428571
7531,62,24,0.3870967742
7532,62,22,0.3548387097
7533,62,20,0.3225806452
7534,108,28,0.2592592593
7535,46,18,0.3913043478
7536,68,22,0.3235294118
7537,68,26,0.3823529412
7538,58,14,0.2413793103
7539,62,28,0.4516129032
7540,58,22,0.3793103448
7541,62,28,0.4516129032
7542,64,22,0.3437500000
7543,64,30,0.4687500000
7544,68,28,0.4117647059
7545,68,20,0.2941176471
7546,66,30,0.4545454545
7547,58,16,0.2758620690
7548,52,16,0.3076923077
7549,56,26,0.4642857143
7550,62,26,0.4193548387
7551,66,28,0.4242424242
7552,64,26,0.4062500000
7553,36,18,0.5000000000
7554,66,26,0.3939393939
7555,52,22,0.4230769231
7556,62,26,0.4193548387
7557,62,34,0.5483870968
7558,64,26,0.4062500000
7559,56,16,0.2857142857
7560,64,24,0.3750000000
7561,58,16,0.2758620690
7562,58,24,0.4137931034
7563,64,18,0.2812500000
7564,60,22,0.3666666667
7565,140,34,0.2428571429
7566,60,24,0.4000000000
7567,48,24,0.5000000000
7568,66,26,0.3939393939
7569,62,24,0.3870967742
7570,60,32,0.5333333333
7571,62,24,0.3870967742
7572,66,24,0.3636363636
7573,64,26,0.4062500000
7574,58,16,0.2758620690
7575,94,24,0.2553191489
7576,62,28,0.4516129032
7577,60,20,0.3333333333
7578,62,20,0.3225806452
7579,62,22,0.3548387097
7580,72,26,0.3611111111
7581,64,36,0.5625000000
7582,62,28,0.4516129032
7583,64,24,0.3750000000
7584,42,20,0.4761904762
7585,64,20,0.3125000000
7586,58,14,0.2413793103
7587,58,26,0.4482758621
7588,62,26,0.4193548387
7589,66,18,0.2727272727
7590,60,30,0.5000000000
7591,48,14,0.2916666667
7592,60,26,0.4333333333
7593,62,18,0.2903225806
7594,56,30,0.5357142857
7595,68,26,0.3823529412
7596,70,18,0.2571428571
7597,62,16,0.2580645161
7598,52,26,0.5000000000
7599,56,24,0.4285714286
7600,70,22,0.3142857143
7601,76,30,0.3947368421
7602,66,24,0.3636363636
7603,56,28,0.5000000000
7604,60,24,0.4000000000
7605,66,26,0.3939393939
7606,54,16,0.2962962963
7607,58,22,0.3793103448
7608,76,26,0.3421052632
7609,64,24,0.3750000000
7610,62,22,0.3548387097
7611,56,22,0.3928571429
7612,60,26,0.4333333333
7613,64,24,0.3750000000
7614,58,24,0.4137931034
7615,60,18,0.3000000000
7616,58,14,0.2413793103
7617,58,18,0.3103448276
7618,62,18,0.2903225806
7619,62,22,0.3548387097
7620,60,24,0.4000000000
7621,62,16,0.2580645161
7622,64,26,0.4062500000
7623,66,30,0.4545454545
7624,58,32,0.5517241379
7625,86,20,0.2325581395
7626,62,22,0.3548387097
7627,328,164,0.5000000000
7628,66,24,0.3636363636
7629,86,18,0.2093023256
7630,96,22,0.2291666667
7631,66,22,0.3333333333
7632,64,22,0.3437500000
7633,64,24,0.3750000000
7634,62,22,0.3548387097
7635,60,24,0.4000000000
7636,66,20,0.3030303030
7637,62,20,0.3225806452
7638,58,24,0.4137931034
7639,56,30,0.5357142857
7640,64,16,0.2500000000
7641,142,72,0.5070422535
7642,64,28,0.4375000000
7643,50,28,0.5600000000
7644,62,26,0.4193548387
7645,52,12,0.2307692308
7646,58,22,0.3793103448
7647,68,24,0.3529411765
7648,46,18,0.3913043478
7649,62,24,0.3870967742
7650,66,26,0.3939393939
7651,52,16,0.3076923077
7652,56,22,0.3928571429
7653,58,28,0.4827586207
7654,96,50,0.5208333333
7655,56,18,0.3214285714
7656,56,20,0.3571428571
7657,70,30,0.4285714286
7658,66,26,0.3939393939
7659,64,26,0.4062500000
7660,76,24,0.3157894737
7661,62,26,0.4193548387
7662,62,20,0.3225806452
7663,64,24,0.3750000000
7664,52,18,0.3461538462
7665,58,20,0.3448275862
7666,60,20,0.3333333333
7667,52,14,0.2692307692
7668,74,24,0.3243243243
7669,56,24,0.4285714286
7670,56,18,0.3214285714
7671,68,30,0.4411764706
7672,66,24,0.3636363636
7673,70,24,0.3428571429
7674,54,18,0.3333333333
7675,56,28,0.5000000000
7676,68,28,0.4117647059
7677,70,18,0.2571428571
7678,68,28,0.4117647059
7679,72,28,0.3888888889
7680,72,44,0.6111111111
7681,62,26,0.4193548387
7682,64,24,0.3750000000
7683,66,26,0.3939393939
7684,66,28,0.4242424242
7685,62,26,0.4193548387
7686,68,30,0.4411764706
7687,60,18,0.3000000000
7688,68,24,0.3529411765
7689,60,26,0.4333333333
7690,58,22,0.3793103448
7691,58,30,0.5172413793
7692,62,18,0.2903225806
7693,62,18,0.2903225806
7694,54,12,0.2222222222
7695,64,26,0.4062500000
7696,70,26,0.3714285714
7697,64,22,0.3437500000
7698,64,20,0.3125000000
7699,74,28,0.3783783784
7700,62,24,0.3870967742
7701,58,20,0.3448275862
7702,62,22,0.3548387097
7703,56,26,0.4642857143
7704,68,22,0.3235294118
7705,70,22,0.3142857143
7706,68,24,0.3529411765
7707,68,26,0.3823529412
7708,60,26,0.4333333333
7709,64,26,0.4062500000
7710,62,22,0.3548387097
7711,66,26,0.3939393939
7712,104,52,0.5000000000
7713,62,18,0.2903225806
7714,68,26,0.3823529412
7715,52,24,0.4615384615
7716,52,26,0.5000000000
7717,58,24,0.4137931034
7718,62,22,0.3548387097
7719,70,26,0.3714285714
7720,72,38,0.5277777778
7721,64,28,0.4375000000
7722,106,26,0.2452830189
7723,68,24,0.3529411765
7724,56,28,0.5000000000
7725,60,30,0.5000000000
7726,52,26,0.5000000000
7727,70,26,0.3714285714
7728,64,26,0.4062500000
7729,64,24,0.3750000000
7730,52,12,0.2307692308
7731,64,28,0.4375000000
7732,64,26,0.4062500000
7733,74,26,0.3513513514
7734,68,30,0.4411764706
7735,68,18,0.2647058824
7736,58,22,0.3793103448
7737,54,26,0.4814814815
7738,42,10,0.2380952381
7739,46,22,0.4782608696
7740,60,28,0.4666666667
7741,68,16,0.2352941176
7742,50,16,0.3200000000
7743,62,24,0.3870967742
7744,58,28,0.4827586207
7745,60,22,0.3666666667
7746,62,26,0.4193548387
7747,98,44,0.4489795918
7748,68,26,0.3823529412
7749,70,26,0.3714285714
7750,66,22,0.3333333333
7751,64,26,0.4062500000
7752,54,16,0.2962962963
7753,58,30,0.5172413793
7754,66,24,0.3636363636
7755,60,24,0.4000000000
7756,62,24,0.3870967742
7757,52,12,0.2307692308
7758,64,32,0.5000000000
7759,82,20,0.2439024390
7760,58,32,0.5517241379
7761,56,16,0.2857142857
7762,60,18,0.3000000000
7763,58,30,0.5172413793
7764,66,24,0.3636363636
7765,54,18,0.3333333333
7766,62,26,0.4193548387
7767,56,26,0.4642857143
7768,62,22,0.3548387097
7769,64,28,0.4375000000
7770,54,22,0.4074074074
7771,54,24,0.4444444444
7772,142,78,0.5492957746
7773,54,26,0.4814814815
7774,56,20,0.3571428571
7775,70,26,0.3714285714
7776,60,20,0.3333333333
7777,56,14,0.2500000000
7778,70,30,0.4285714286
7779,62,24,0.3870967742
7780,68,30,0.4411764706
7781,70,36,0.5142857143
7782,66,26,0.3939393939
7783,50,16,0.3200000000
7784,62,32,0.5161290323
7785,70,22,0.3142857143
7786,64,20,0.3125000000
7787,44,24,0.5454545455
7788,54,16,0.2962962963
7789,44,10,0.2272727273
7790,72,28,0.3888888889
7791,64,28,0.4375000000
7792,60,22,0.3666666667
7793,56,32,0.5714285714
7794,62,24,0.3870967742
7795,64,32,0.5000000000
7796,58,36,0.6206896552
7797,62,24,0.3870967742
7798,62,22,0.3548387097
7799,68,24,0.3529411765
7800,60,22,0.3666666667
7801,52,20,0.3846153846
7802,66,22,0.3333333333
7803,56,18,0.3214285714
7804,70,32,0.4571428571
7805,64,26,0.4062500000
7806,68,26,0.3823529412
7807,62,24,0.3870967742
7808,62,28,0.4516129032
7809,68,34,0.5000000000
7810,54,30,0.5555555556
7811,62,16,0.2580645161
7812,70,32,0.4571428571
7813,58,26,0.4482758621
7814,54,12,0.2222222222
7815,58,26,0.4482758621
7816,56,22,0.3928571429
7817,64,20,0.3125000000
7818,56,20,0.3571428571
7819,60,16,0.2666666667
7820,52,24,0.4615384615
7821,60,26,0.4333333333
7822,54,26,0.4814814815
7823,62,24,0.3870967742
7824,76,28,0.3684210526
7825,60,18,0.3000000000
7826,58,34,0.5862068966
7827,58,22,0.3793103448
7828,62,22,0.3548387097
7829,54,12,0.2222222222
7830,66,26,0.3939393939
7831,70,26,0.3714285714
7832,54,26,0.4814814815
7833,62,24,0.3870967742
7834,76,26,0.3421052632
7835,48,26,0.5416666667
7836,54,22,0.4074074074
7837,58,26,0.4482758621
7838,62,24,0.3870967742
7839,58,28,0.4827586207
7840,64,20,0.3125000000
7841,62,24,0.3870967742
7842,56,24,0.4285714286
7843,64,26,0.4062500000
7844,70,26,0.3714285714
7845,62,26,0.4193548387
7846,58,14,0.2413793103
7847,78,16,0.2051282051
7848,62,20,0.3225806452
7849,62,20,0.3225806452
7850,64,26,0.4062500000
7851,66,28,0.4242424242
7852,66,22,0.3333333333
7853,160,78,0.4875000000
7854,72,22,0.3055555556
7855,62,24,0.3870967742
7856,62,26,0.4193548387
7857,64,26,0.4062500000
7858,62,26,0.4193548387
7859,60,18,0.3000000000
7860,56,14,0.2500000000
7861,64,26,0.4062500000
7862,60,28,0.4666666667
7863,62,22,0.3548387097
7864,70,24,0.3428571429
7865,62,22,0.3548387097
7866,60,26,0.4333333333
7867,60,18,0.3000000000
7868,60,24,0.4000000000
7869,68,28,0.4117647059
7870,64,26,0.4062500000
7871,68,26,0.3823529412
7872,62,24,0.3870967742
7873,74,36,0.4864864865
7874,72,26,0.3611111111
7875,56,26,0.4642857143
7876,62,28,0.4516129032
7877,64,24,0.3750000000
7878,62,24,0.3870967742
7879,64,26,0.4062500000
7880,56,14,0.2500000000
7881,64,24,0.3750000000
7882,62,24,0.3870967742
7883,56,20,0.3571428571
7884,72,16,0.2222222222
7885,68,28,0.4117647059
7886,62,22,0.3548387097
7887,54,14,0.2592592593
7888,66,24,0.3636363636
7889,56,16,0.2857142857
7890,56,20,0.3571428571
7891,58,22,0.3793103448
7892,70,24,0.3428571429
7893,64,26,0.4062500000
7894,60,20,0.3333333333
7895,58,20,0.3448275862
7896,58,14,0.2413793103
7897,96,48,0.5000000000
7898,68,22,0.3235294118
7899,66,30,0.4545454545
7900,74,42,0.5675675676
7901,54,28,0.5185185185
7902,64,20,0.3125000000
7903,64,24,0.3750000000
7904,52,34,0.6538461538
7905,98,56,0.5714285714
7906,66,22,0.3333333333
7907,72,16,0.2222222222
7908,60,22,0.3666666667
7909,60,22,0.3666666667
7910,62,18,0.2903225806
7911,62,18,0.2903225806
7912,64,20,0.3125000000
7913,52,26,0.5000000000
7914,74,46,0.6216216216
7915,60,24,0.4000000000
7916,64,26,0.4062500000
7917,62,30,0.4838709677
7918,62,24,0.3870967742
7919,52,14,0.2692307692
7920,58,24,0.4137931034
7921,56,28,0.5000000000
7922,84,42,0.5000000000
7923,54,26,0.4814814815
7924,60,24,0.4000000000
7925,60,24,0.4000000000
7926,62,20,0.3225806452
7927,68,26,0.3823529412
7928,66,30,0.4545454545
7929,60,20,0.3333333333
7930,64,20,0.3125000000
7931,46,10,0.2173913043
7932,56,22,0.3928571429
7933,70,24,0.3428571429
7934,68,30,0.4411764706
7935,64,24,0.3750000000
7936,70,24,0.3428571429
7937,64,18,0.2812500000
7938,62,22,0.3548387097
7939,50,28,0.5600000000
7940,58,12,0.2068965517
7941,64,28,0.4375000000
7942,60,18,0.3000000000
7943,60,26,0.4333333333
7944,64,18,0.2812500000
7945,70,22,0.3142857143
7946,62,20,0.3225806452
7947,64,28,0.4375000000
7948,54,28,0.5185185185
7949,86,22,0.2558139535
7950,60,24,0.4000000000
7951,54,20,0.3703703704
7952,64,22,0.3437500000
7953,54,22,0.4074074074
7954,64,22,0.3437500000
7955,60,18,0.3000000000
7956,56,20,0.3571428571
7957,74,36,0.4864864865
7958,64,22,0.3437500000
7959,42,12,0.2857142857
7960,54,24,0.4444444444
7961,68,30,0.4411764706
7962,64,16,0.2500000000
7963,52,10,0.1923076923
7964,58,18,0.3103448276
7965,60,22,0.3666666667
7966,52,12,0.2307692308
7967,68,22,0.3235294118
7968,62,30,0.4838709677
7969,58,30,0.5172413793
7970,62,22,0.3548387097
7971,64,18,0.2812500000
7972,66,28,0.4242424242
7973,70,26,0.3714285714
7974,64,22,0.3437500000
7975,60,22,0.3666666667
7976,58,28,0.4827586207
7977,60,20,0.3333333333
7978,80,20,0.2500000000
7979,62,28,0.4516129032
7980,60,22,0.3666666667
7981,50,14,0.2800000000
7982,52,26,0.5000000000
7983,58,16,0.2758620690
7984,62,20,0.3225806452
7985,72,26,0.3611111111
7986,48,24,0.5000000000
7987,66,28,0.4242424242
7988,76,32,0.4210526316
7989,60,28,0.4666666667
7990,62,22,0.3548387097
7991,60,28,0.4666666667
7992,60,18,0.3000000000
7993,66,28,0.4242424242
7994,100,24,0.2400000000
7995,50,38,0.7600000000
7996,58,20,0.3448275862
7997,66,26,0.3939393939
7998,64,26,0.4062500000
7999,60,22,0.3666666667
8000,70,24,0.3428571429
8001,56,24,0.4285714286
8002,60,16,0.2666666667
8003,70,22,0.3142857143
8004,52,28,0.5384615385
8005,56,28,0.5000000000
8006,60,28,0.4666666667
8007,64,24,0.3750000000
8008,66,30,0.4545454545
8009,60,20,0.3333333333
8010,62,24,0.3870967742
8011,56,14,0.2500000000
8012,70,24,0.3428571429
8013,54,28,0.5185185185
8014,58,20,0.3448275862
8015,66,34,0.5151515152
8016,62,22,0.3548387097
8017,64,24,0.3750000000
8018,62,20,0.3225806452
8019,68,28,0.4117647059
8020,60,24,0.4000000000
8021,52,14,0.2692307692
8022,82,18,0.2195121951
8023,56,22,0.3928571429
8024,56,24,0.4285714286
8025,66,26,0.3939393939
8026,62,18,0.2903225806
8027,42,24,0.5714285714
8028,64,24,0.3750000000
8029,60,18,0.3000000000
8030,52,16,0.3076923077
8031,62,16,0.2580645161
8032,66,26,0.3939393939
8033,56,28,0.5000000000
8034,68,26,0.3823529412
8035,60,20,0.3333333333
8036,66,28,0.4242424242
8037,60,20,0.3333333333
8038,62,22,0.3548387097
8039,62,16,0.2580645161
8040,56,18,0.3214285714
8041,60,22,0.3666666667
8042,58,22,0.3793103448
8043,64,28,0.4375000000
8044,50,28,0.5600000000
8045,54,14,0.2592592593
8046,82,42,0.5121951220
8047,58,20,0.3448275862
8048,60,14,0.2333333333
8049,68,26,0.3823529412
8050,62,24,0.3870967742
8051,60,26,0.4333333333
8052,60,26,0.4333333333
8053,58,24,0.4137931034
8054,58,20,0.3448275862
8055,70,26,0.3714285714
8056,66,24,0.3636363636
8057,72,24,0.3333333333
8058,66,26,0.3939393939
8059,72,30,0.4166666667
8060,58,28,0.4827586207
8061,64,20,0.3125000000
8062,58,26,0.4482758621
8063,58,26,0.4482758621
8064,70,28,0.4000000000
8065,66,26,0.3939393939
8066,58,14,0.2413793103
8067,64,14,0.2187500000
8068,54,28,0.5185185185
8069,60,22,0.3666666667
8070,66,22,0.3333333333
8071,66,24,0.3636363636
8072,64,22,0.3437500000
8073,58,28,0.4827586207
8074,56,20,0.3571428571
8075,66,28,0.4242424242
8076,56,16,0.2857142857
8077,50,24,0.4800000000
8078,48,10,0.2083333333
8079,68,28,0.4117647059
8080,60,20,0.3333333333
8081,60,26,0.4333333333
8082,110,34,0.3090909091
8083,62,18,0.2903225806
8084,62,26,0.4193548387
8085,68,26,0.3823529412
8086,74,26,0.3513513514
8087,62,16,0.2580645161
8088,70,30,0.4285714286
8089,70,28,0.4000000000
8090,62,26,0.4193548387
8091,108,54,0.5000000000
8092,58,12,0.2068965517
8093,66,22,0.3333333333
8094,54,22,0.4074074074
8095,66,28,0.4242424242
8096,62,28,0.4516129032
8097,68,24,0.3529411765
8098,80,24,0.3000000000
8099,64,24,0.3750000000
8100,66,26,0.3939393939
8101,64,24,0.3750000000
8102,62,18,0.2903225806
8103,62,24,0.3870967742
8104,56,18,0.3214285714
8105,64,22,0.3437500000
8106,54,14,0.2592592593
8107,60,24,0.4000000000
8108,64,24,0.3750000000
8109,64,22,0.3437500000
8110,62,26,0.4193548387
8111,58,22,0.3793103448
8112,62,28,0.4516129032
8113,56,28,0.5000000000
8114,52,16,0.3076923077
8115,56,22,0.3928571429
8116,68,20,0.2941176471
8117,66,26,0.3939393939
8118,62,24,0.3870967742
8119,58,22,0.3793103448
8120,56,24,0.4285714286
8121,66,28,0.4242424242
8122,54,18,0.3333333333
8123,64,20,0.3125000000
8124,74,28,0.3783783784
8125,64,26,0.4062500000
8126,66,26,0.3939393939
8127,66,22,0.3333333333
8128,40,10,0.2500000000
8129,60,22,0.3666666667
8130,66,26,0.3939393939
8131,56,24,0.4285714286
8132,62,16,0.2580645161
8133,70,34,0.4857142857
8134,60,26,0.4333333333
8135,66,26,0.3939393939
8136,76,32,0.4210526316
8137,58,26,0.4482758621
8138,66,16,0.2424242424
8139,66,28,0.4242424242
8140,58,28,0.4827586207
8141,54,16,0.2962962963
8142,52,16,0.3076923077
8143,56,14,0.2500000000
8144,62,24,0.3870967742
8145,60,22,0.3666666667
8146,52,28,0.5384615385
8147,52,16,0.3076923077
8148,62,28,0.4516129032
8149,70,24,0.3428571429
8150,70,30,0.4285714286
8151,62,28,0.4516129032
8152,62,24,0.3870967742
8153,70,28,0.4000000000
8154,68,24,0.3529411765
8155,62,24,0.3870967742
8156,72,26,0.3611111111
8157,64,34,0.5312500000
8158,72,24,0.3333333333
8159,64,28,0.4375000000
8160,62,16,0.2580645161
8161,60,24,0.4000000000
8162,64,24,0.3750000000
8163,66,26,0.3939393939
8164,60,22,0.3666666667
8165,66,26,0.3939393939
8166,60,24,0.4000000000
8167,78,30,0.3846153846
8168,68,24,0.3529411765
8169,66,18,0.2727272727
8170,70,32,0.4571428571
8171,70,26,0.3714285714
8172,64,30,0.4687500000
8173,64,26,0.4062500000
8174,58,26,0.4482758621
8175,66,26,0.3939393939
8176,48,22,0.4583333333
8177,70,34,0.4857142857
8178,60,28,0.4666666667
8179,54,14,0.2592592593
8180,68,24,0.3529411765
8181,78,18,0.2307692308
8182,62,18,0.2903225806
8183,54,20,0.3703703704
8184,58,24,0.4137931034
8185,62,26,0.4193548387
8186,62,28,0.4516129032
8187,64,20,0.3125000000
8188,62,24,0.3870967742
8189,58,14,0.2413793103
8190,62,28,0.4516129032
8191,50,20,0.4000000000
8192,88,24,0.2727272727
8193,62,28,0.4516129032
8194,62,28,0.4516129032
8195,64,26,0.4062500000
8196,66,30,0.4545454545
8197,62,28,0.4516129032
8198,54,18,0.3333333333
8199,60,28,0.4666666667
8200,90,22,0.2444444444
8201,62,18,0.2903225806
8202,64,24,0.3750000000
8203,60,24,0.4000000000
8204,62,24,0.3870967742
8205,58,28,0.4827586207
8206,68,30,0.4411764706
8207,56,16,0.2857142857
8208,54,18,0.3333333333
8209,68,30,0.4411764706
8210,60,20,0.3333333333
8211,66,26,0.3939393939
8212,62,20,0.3225806452
8213,58,22,0.3793103448
8214,54,18,0.3333333333
8215,62,24,0.3870967742
8216,62,24,0.3870967742
8217,64,34,0.5312500000
8218,64,26,0.4062500000
8219,58,30,0.5172413793
8220,60,24,0.4000000000
8221,74,34,0.4594594595
8222,66,26,0.3939393939
8223,68,30,0.4411764706
8224,60,24,0.4000000000
8225,60,20,0.3333333333
8226,66,18,0.2727272727
8227,64,28,0.4375000000
8228,70,26,0.3714285714
8229,60,20,0.3333333333
8230,66,22,0.3333333333
8231,64,16,0.2500000000
8232,66,26,0.3939393939
8233,62,22,0.3548387097
8234,58,14,0.2413793103
8235,76,18,0.2368421053
8236,60,24,0.4000000000
8237,62,32,0.5161290323
8238,72,30,0.4166666667
8239,66,20,0.3030303030
8240,62,24,0.3870967742
8241,60,16,0.2666666667
8242,58,26,0.4482758621
8243,64,18,0.2812500000
8244,62,22,0.3548387097
8245,64,24,0.3750000000
8246,64,24,0.3750000000
8247,58,20,0.3448275862
8248,56,24,0.4285714286
8249,62,30,0.4838709677
8250,52,24,0.4615384615
8251,84,20,0.2380952381
8252,58,30,0.5172413793
8253,68,26,0.3823529412
8254,66,24,0.3636363636
8255,70,16,0.2285714286
8256,60,20,0.3333333333
8257,78,38,0.4871794872
8258,64,24,0.3750000000
8259,98,28,0.2857142857
8260,60,22,0.3666666667
8261,66,24,0.3636363636
8262,64,28,0.4375000000
8263,46,20,0.4347826087
8264,56,16,0.2857142857
8265,64,24,0.3750000000
8266,64,22,0.3437500000
8267,68,28,0.4117647059
8268,60,26,0.4333333333
8269,64,26,0.4062500000
8270,60,18,0.3000000000
8271,68,24,0.3529411765
8272,36,12,0.3333333333
8273,78,40,0.5128205128
8274,48,30,0.6250000000
8275,64,20,0.3125000000
8276,68,30,0.4411764706
8277,64,18,0.2812500000
8278,56,28,0.5000000000
8279,58,20,0.3448275862
8280,64,24,0.3750000000
8281,66,24,0.3636363636
8282,56,16,0.2857142857
8283,54,18,0.3333333333
8284,64,26,0.4062500000
8285,66,36,0.5454545455
8286,62,20,0.3225806452
8287,68,28,0.4117647059
8288,64,22,0.3437500000
8289,62,24,0.3870967742
8290,64,24,0.3750000000
8291,60,18,0.3000000000
8292,68,28,0.4117647059
8293,62,28,0.4516129032
8294,54,20,0.3703703704
8295,64,24,0.3750000000
8296,46,28,0.6086956522
8297,62,20,0.3225806452
8298,62,32,0.5161290323
8299,56,20,0.3571428571
8300,66,18,0.2727272727
8301,56,28,0.5000000000
8302,52,26,0.5000000000
8303,64,28,0.4375000000
8304,56,18,0.3214285714
8305,66,28,0.4242424242
8306,56,26,0.4642857143
8307,52,28,0.5384615385
8308,64,24,0.3750000000
8309,66,28,0.4242424242
8310,62,30,0.4838709677
8311,70,32,0.4571428571
8312,62,24,0.3870967742
8313,58,14,0.2413793103
8314,64,24,0.3750000000
8315,68,28,0.4117647059
8316,60,22,0.3666666667
8317,62,22,0.3548387097
8318,68,26,0.3823529412
8319,62,20,0.3225806452
8320,70,24,0.3428571429
8321,62,32,0.5161290323
8322,66,24,0.3636363636
8323,60,22,0.3666666667
8324,66,22,0.3333333333
8325,58,18,0.3103448276
8326,34,2,0.0588235294
8327,64,20,0.3125000000
8328,56,14,0.2500000000
8329,58,26,0.4482758621
8330,50,14,0.2800000000
8331,64,26,0.4062500000
8332,66,24,0.3636363636
8333,64,32,0.5000000000
8334,52,18,0.3461538462
8335,70,28,0.4000000000
8336,58,14,0.2413793103
8337,66,30,0.4545454545
8338,60,26,0.4333333333
8339,56,12,0.2142857143
8340,58,18,0.3103448276
8341,58,22,0.3793103448
8342,64,22,0.3437500000
8343,64,24,0.3750000000
8344,52,16,0.3076923077
8345,62,24,0.3870967742
8346,62,18,0.2903225806
8347,58,20,0.3448275862
8348,66,26,0.3939393939
8349,66,22,0.3333333333
8350,64,22,0.3437500000
8351,68,24,0.3529411765
8352,62,22,0.3548387097
8353,54,18,0.3333333333
8354,66,26,0.3939393939
8355,64,20,0.3125000000
8356,62,20,0.3225806452
8357,72,24,0.3333333333
8358,54,30,0.5555555556
8359,54,14,0.2592592593
8360,54,30,0.5555555556
8361,60,28,0.4666666667
8362,50,24,0.4800000000
8363,66,18,0.2727272727
8364,62,24,0.3870967742
8365,54,18,0.3333333333
8366,60,26,0.4333333333
8367,62,20,0.3225806452
8368,60,28,0.4666666667
8369,58,22,0.3793103448
8370,54,26,0.4814814815
8371,54,18,0.3333333333
8372,66,24,0.3636363636
8373,62,20,0.3225806452
8374,60,22,0.3666666667
8375,64,24,0.3750000000
8376,62,24,0.3870967742
8377,56,14,0.2500000000
8378,58,22,0.3793103448
8379,66,26,0.3939393939
8380,66,26,0.3939393939
8381,64,24,0.3750000000
8382,58,12,0.2068965517
8383,56,22,0.3928571429
8384,74,32,0.4324324324
8385,92,22,0.2391304348
8386,64,20,0.3125000000
8387,70,24,0.3428571429
8388,56,22,0.3928571429
8389,60,34,0.5666666667
8390,62,24,0.3870967742
8391,56,18,0.3214285714
8392,56,30,0.5357142857
8393,56,18,0.3214285714
8394,68,22,0.3235294118
8395,56,28,0.5000000000
8396,66,20,0.3030303030
8397,62,20,0.3225806452
8398,60,22,0.3666666667
8399,52,12,0.2307692308
8400,70,28,0.4000000000
8401,66,14,0.2121212121
8402,62,24,0.3870967742
8403,58,20,0.3448275862
8404,58,28,0.4827586207
8405,60,24,0.4000000000
8406,66,28,0.4242424242
8407,64,24,0.3750000000
8408,64,26,0.4062500000
8409,54,16,0.2962962963
8410,62,22,0.3548387097
8411,58,16,0.2758620690
8412,58,20,0.3448275862
8413,76,6,0.0789473684
8414,62,22,0.3548387097
8415,66,26,0.3939393939
8416,60,20,0.3333333333
8417,60,20,0.3333333333
8418,54,26,0.4814814815
8419,64,26,0.4062500000
8420,60,24,0.4000000000
8421,40,8,0.2000000000
8422,66,24,0.3636363636
8423,56,24,0.4285714286
8424,62,30,0.4838709677
8425,56,30,0.5357142857
8426,64,24,0.3750000000
8427,52,18,0.3461538462
8428,68,22,0.3235294118
8429,62,26,0.4193548387
8430,60,14,0.2333333333
8431,68,28,0.4117647059
8432,76,40,0.5263157895
8433,68,36,0.5294117647
8434,54,14,0.2592592593
8435,62,18,0.2903225806
8436,64,20,0.3125000000
8437,62,26,0.4193548387
8438,62,28,0.4516129032
8439,58,24,0.4137931034
8440,62,24,0.3870967742
8441,70,30,0.4285714286
8442,66,20,0.3030303030
8443,64,20,0.3125000000
8444,50,16,0.3200000000
8445,60,26,0.4333333333
8446,64,26,0.4062500000
8447,114,58,0.5087719298
8448,68,22,0.3235294118
8449,58,28,0.4827586207
8450,62,34,0.5483870968
8451,64,22,0.3437500000
8452,56,16,0.2857142857
8453,44,16,0.3636363636
8454,54,16,0.2962962963
8455,54,24,0.4444444444
8456,62,20,0.3225806452
8457,64,24,0.3750000000
8458,56,20,0.3571428571
8459,52,12,0.2307692308
8460,66,34,0.5151515152
8461,66,28,0.4242424242
8462,62,26,0.4193548387
8463,66,26,0.3939393939
8464,56,24,0.4285714286
8465,60,22,0.3666666667
8466,66,24,0.3636363636
8467,66,26,0.3939393939
8468,62,22,0.3548387097
8469,48,30,0.6250000000
8470,70,26,0.3714285714
8471,58,16,0.2758620690
8472,54,30,0.5555555556
8473,70,16,0.2285714286
8474,96,26,0.2708333333
8475,66,24,0.3636363636
8476,50,16,0.3200000000
8477,64,22,0.3437500000
8478,58,30,0.5172413793
8479,250,126,0.5040000000
8480,56,20,0.3571428571
8481,52,20,0.3846153846
8482,60,26,0.4333333333
8483,62,28,0.4516129032
8484,56,20,0.3571428571
8485,66,28,0.4242424242
8486,64,24,0.3750000000
8487,58,26,0.4482758621
8488,56,24,0.4285714286
8489,60,14,0.2333333333
8490,64,22,0.3437500000
8491,72,22,0.3055555556
8492,58,16,0.2758620690
8493,64,32,0.5000000000
8494,60,14,0.2333333333
8495,56,16,0.2857142857
8496,54,14,0.2592592593
8497,72,14,0.1944444444
8498,58,20,0.3448275862
8499,62,26,0.4193548387
8500,72,34,0.4722222222
8501,60,24,0.4000000000
8502,66,24,0.3636363636
8503,64,22,0.3437500000
8504,66,30,0.4545454545
8505,62,24,0.3870967742
8506,74,28,0.3783783784
8507,56,24,0.4285714286
8508,58,22,0.3793103448
8509,66,20,0.3030303030
8510,58,20,0.3448275862
8511,68,30,0.4411764706
8512,70,26,0.3714285714
8513,62,22,0.3548387097
8514,56,20,0.3571428571
8515,70,28,0.4000000000
8516,48,10,0.2083333333
8517,62,22,0.3548387097
8518,84,44,0.5238095238
8519,64,28,0.4375000000
8520,72,38,0.5277777778
8521,64,30,0.4687500000
8522,64,26,0.4062500000
8523,64,16,0.2500000000
8524,64,18,0.2812500000
8525,64,22,0.3437500000
8526,66,28,0.4242424242
8527,68,28,0.4117647059
8528,66,28,0.4242424242
8529,66,22,0.3333333333
8530,68,22,0.3235294118
8531,322,82,0.2546583851
8532,60,18,0.3000000000
8533,62,20,0.3225806452
8534,64,18,0.2812500000
8535,58,20,0.3448275862
8536,64,16,0.2500000000
8537,56,32,0.5714285714
8538,64,24,0.3750000000
8539,50,18,0.3600000000
8540,72,26,0.3611111111
8541,60,20,0.3333333333
8542,66,18,0.2727272727
8543,54,18,0.3333333333
8544,56,24,0.4285714286
8545,64,24,0.3750000000
8546,68,22,0.3235294118
8547,64,24,0.3750000000
8548,64,22,0.3437500000
8549,54,26,0.4814814815
8550,56,24,0.4285714286
8551,58,20,0.3448275862
8552,44,8,0.1818181818
8553,70,22,0.3142857143
8554,60,20,0.3333333333
8555,52,26,0.5000000000
8556,58,20,0.3448275862
8557,58,26,0.4482758621
8558,64,26,0.4062500000
8559,66,22,0.3333333333
8560,76,34,0.4473684211
8561,60,20,0.3333333333
8562,62,24,0.3870967742
8563,60,22,0.3666666667
8564,62,24,0.3870967742
8565,58,26,0.4482758621
8566,60,22,0.3666666667
8567,58,26,0.4482758621
8568,62,20,0.3225806452
8569,58,22,0.3793103448
8570,64,20,0.3125000000
8571,64,20,0.3125000000
8572,62,16,0.2580645161
8573,58,18,0.3103448276
8574,58,26,0.4482758621
8575,70,30,0.4285714286
8576,58,22,0.3793103448
8577,62,16,0.2580645161
8578,56,20,0.3571428571
8579,54,16,0.2962962963
8580,42,10,0.2380952381
8581,68,22,0.3235294118
8582,62,22,0.3548387097
8583,68,36,0.5294117647
8584,82,20,0.2439024390
8585,102,28,0.2745098039
8586,64,26,0.4062500000
8587,60,20,0.3333333333
8588,56,24,0.4285714286
8589,62,22,0.3548387097
8590,66,28,0.4242424242
8591,64,20,0.3125000000
8592,66,28,0.4242424242
8593,56,30,0.5357142857
8594,46,26,0.5652173913
8595,60,22,0.3666666667
8596,60,14,0.2333333333
8597,62,24,0.3870967742
8598,60,20,0.3333333333
8599,54,32,0.5925925926
8600,66,26,0.3939393939
8601,56,30,0.5357142857
8602,56,26,0.4642857143
8603,64,22,0.3437500000
8604,62,20,0.3225806452
8605,62,30,0.4838709677
8606,66,28,0.4242424242
8607,64,30,0.4687500000
8608,54,26,0.4814814815
8609,58,30,0.5172413793
8610,62,22,0.3548387097
8611,56,26,0.4642857143
8612,52,26,0.5000000000
8613,62,26,0.4193548387
8614,58,22,0.3793103448
8615,64,26,0.4062500000
8616,66,28,0.4242424242
8617,68,26,0.3823529412
8618,62,20,0.3225806452
8619,54,26,0.4814814815
8620,72,30,0.4166666667
8621,58,24,0.4137931034
8622,54,12,0.2222222222
8623,68,20,0.2941176471
8624,56,26,0.4642857143
8625,64,28,0.4375000000
8626,60,24,0.4000000000
8627,56,22,0.3928571429
8628,56,20,0.3571428571
8629,68,28,0.4117647059
8630,56,14,0.2500000000
8631,62,28,0.4516129032
8632,64,22,0.3437500000
8633,60,26,0.4333333333
8634,56,14,0.2500000000
8635,72,36,0.5000000000
8636,60,20,0.3333333333
8637,64,30,0.4687500000
8638,68,26,0.3823529412
8639,68,26,0.3823529412
8640,64,24,0.3750000000
8641,64,20,0.3125000000
8642,62,22,0.3548387097
8643,54,10,0.1851851852
8644,64,32,0.5000000000
8645,60,20,0.3333333333
8646,62,24,0.3870967742
8647,48,8,0.1666666667
8648,52,26,0.5000000000
8649,70,26,0.3714285714
8650,66,22,0.3333333333
8651,68,24,0.3529411765
8652,62,20,0.3225806452
8653,60,20,0.3333333333
8654,54,18,0.3333333333
8655,64,28,0.4375000000
8656,68,28,0.4117647059
8657,70,28,0.4000000000
8658,68,22,0.3235294118
8659,62,22,0.3548387097
8660,70,26,0.3714285714
8661,70,30,0.4285714286
8662,46,14,0.3043478261
8663,56,12,0.2142857143
8664,60,18,0.3000000000
8665,68,28,0.4117647059
8666,46,24,0.5217391304
8667,56,16,0.2857142857
8668,50,12,0.2400000000
8669,60,16,0.2666666667
8670,68,28,0.4117647059
8671,58,28,0.4827586207
8672,62,20,0.3225806452
8673,60,30,0.5000000000
8674,64,26,0.4062500000
8675,70,32,0.4571428571
8676,62,14,0.2258064516
8677,72,28,0.3888888889
8678,60,20,0.3333333333
8679,56,22,0.3928571429
8680,58,24,0.4137931034
8681,58,14,0.2413793103
8682,54,20,0.3703703704
8683,66,24,0.3636363636
8684,58,24,0.4137931034
8685,60,18,0.3000000000
8686,66,32,0.4848484848
8687,54,20,0.3703703704
8688,54,18,0.3333333333
8689,66,22,0.3333333333
8690,56,18,0.3214285714
8691,52,22,0.4230769231
8692,58,18,0.3103448276
8693,62,28,0.4516129032
8694,58,14,0.2413793103
8695,102,24,0.2352941176
8696,62,28,0.4516129032
8697,64,26,0.4062500000
8698,60,24,0.4000000000
8699,54,24,0.4444444444
8700,100,28,0.2800000000
8701,62,24,0.3870967742
8702,68,30,0.4411764706
8703,62,24,0.3870967742
8704,60,24,0.4000000000
8705,58,18,0.3103448276
8706,60,18,0.3000000000
8707,60,22,0.3666666667
8708,66,16,0.2424242424
8709,60,18,0.3000000000
8710,64,16,0.2500000000
8711,56,24,0.4285714286
8712,58,22,0.3793103448
8713,64,26,0.4062500000
8714,58,24,0.4137931034
8715,64,26,0.4062500000
8716,64,14,0.2187500000
8717,72,28,0.3888888889
8718,60,24,0.4000000000
8719,60,24,0.4000000000
8720,70,34,0.4857142857
8721,58,22,0.3793103448
8722,58,24,0.4137931034
8723,68,26,0.3823529412
8724,66,26,0.3939393939
8725,56,30,0.5357142857
8726,60,22,0.3666666667
8727,64,26,0.4062500000
8728,60,24,0.4000000000
8729,66,26,0.3939393939
8730,52,12,0.2307692308
8731,60,28,0.4666666667
8732,58,22,0.3793103448
8733,62,14,0.2258064516
8734,64,18,0.2812500000
8735,72,34,0.4722222222
8736,82,36,0.4390243902
8737,68,30,0.4411764706
8738,62,24,0.3870967742
8739,56,10,0.1785714286
8740,52,10,0.1923076923
8741,66,26,0.3939393939
8742,58,26,0.4482758621
8743,64,26,0.4062500000
8744,56,14,0.2500000000
8745,60,24,0.4000000000
8746,58,30,0.5172413793
8747,52,14,0.2692307692
8748,70,24,0.3428571429
8749,66,24,0.3636363636
8750,60,16,0.2666666667
8751,64,26,0.4062500000
8752,62,20,0.3225806452
8753,68,28,0.4117647059
8754,66,18,0.2727272727
8755,68,24,0.3529411765
8756,54,22,0.4074074074
8757,60,22,0.3666666667
8758,64,26,0.4062500000
8759,56,22,0.3928571429
8760,64,26,0.4062500000
8761,58,20,0.3448275862
8762,78,28,0.3589743590
8763,66,28,0.4242424242
8764,60,20,0.3333333333
8765,62,34,0.5483870968
8766,66,26,0.3939393939
8767,56,18,0.3214285714
8768,66,28,0.4242424242
8769,80,40,0.5000000000
8770,70,22,0.3142857143
8771,62,28,0.4516129032
8772,58,24,0.4137931034
8773,64,24,0.3750000000
8774,64,22,0.3437500000
8775,68,26,0.3823529412
8776,64,24,0.3750000000
8777,60,24,0.4000000000
8778,66,26,0.3939393939
8779,62,26,0.4193548387
8780,68,26,0.3823529412
8781,62,22,0.3548387097
8782,56,32,0.5714285714
8783,74,30,0.4054054054
8784,64,22,0.3437500000
8785,66,24,0.3636363636
8786,52,28,0.5384615385
8787,70,30,0.4285714286
8788,58,20,0.3448275862
8789,62,28,0.4516129032
8790,58,30,0.5172413793
8791,60,14,0.2333333333
8792,68,26,0.3823529412
8793,58,22,0.3793103448
8794,54,14,0.2592592593
8795,70,28,0.4000000000
8796,70,22,0.3142857143
8797,60,16,0.2666666667
8798,56,24,0.4285714286
8799,66,22,0.3333333333
8800,58,18,0.3103448276
8801,62,20,0.3225806452
8802,70,28,0.4000000000
8803,70,28,0.4000000000
8804,58,22,0.3793103448
8805,64,24,0.3750000000
8806,58,24,0.4137931034
8807,68,26,0.3823529412
8808,64,32,0.5000000000
8809,62,20,0.3225806452
8810,62,18,0.2903225806
8811,68,24,0.3529411765
8812,70,30,0.4285714286
8813,64,24,0.3750000000
8814,88,18,0.2045454545
8815,56,30,0.5357142857
8816,64,22,0.3437500000
8817,64,22,0.3437500000
8818,64,26,0.4062500000
8819,60,26,0.4333333333
8820,62,28,0.4516129032
8821,62,26,0.4193548387
8822,58,18,0.3103448276
8823,64,24,0.3750000000
8824,58,16,0.2758620690
8825,62,26,0.4193548387
8826,58,14,0.2413793103
8827,58,18,0.3103448276
8828,66,20,0.3030303030
8829,60,24,0.4000000000
8830,68,30,0.4411764706
8831,60,28,0.4666666667
8832,56,14,0.2500000000
8833,64,22,0.3437500000
8834,82,46,0.5609756098
8835,66,32,0.4848484848
8836,60,22,0.3666666667
8837,64,28,0.4375000000
8838,62,24,0.3870967742
8839,66,24,0.3636363636
8840,110,26,0.2363636364
8841,64,24,0.3750000000
8842,58,20,0.3448275862
8843,66,24,0.3636363636
8844,62,24,0.3870967742
8845,70,22,0.3142857143
8846,82,36,0.4390243902
8847,52,18,0.3461538462
8848,68,30,0.4411764706
8849,58,18,0.3103448276
8850,52,14,0.2692307692
8851,64,30,0.4687500000
8852,62,22,0.3548387097
8853,64,20,0.3125000000
8854,60,24,0.4000000000
8855,54,24,0.4444444444
8856,64,20,0.3125000000
8857,68,24,0.3529411765
8858,64,28,0.4375000000
8859,56,20,0.3571428571
8860,66,22,0.3333333333
8861,74,22,0.2972972973
8862,58,20,0.3448275862
8863,66,24,0.3636363636
8864,60,24,0.4000000000
8865,66,28,0.4242424242
8866,60,16,0.2666666667
8867,58,26,0.4482758621
8868,56,14,0.2500000000
8869,66,32,0.4848484848
8870,64,26,0.4062500000
8871,62,24,0.3870967742
8872,70,14,0.2000000000
8873,56,22,0.3928571429
8874,60,24,0.4000000000
8875,62,24,0.3870967742
8876,58,24,0.4137931034
8877,66,24,0.3636363636
8878,56,14,0.2500000000
8879,64,22,0.3437500000
8880,58,20,0.3448275862
8881,58,18,0.3103448276
8882,66,30,0.4545454545
8883,62,28,0.4516129032
8884,112,20,0.1785714286
8885,70,28,0.4000000000
8886,64,18,0.2812500000
8887,58,24,0.4137931034
8888,66,26,0.3939393939
8889,40,8,0.2000000000
8890,72,32,0.4444444444
8891,58,28,0.4827586207
8892,54,16,0.2962962963
8893,68,30,0.4411764706
8894,54,10,0.1851851852
8895,70,28,0.4000000000
8896,60,24,0.4000000000
8897,60,26,0.4333333333
8898,54,12,0.2222222222
8899,62,20,0.3225806452
8900,58,24,0.4137931034
8901,54,16,0.2962962963
8902,70,28,0.4000000000
8903,60,28,0.4666666667
8904,66,28,0.4242424242
8905,64,28,0.4375000000
8906,66,28,0.4242424242
8907,60,20,0.3333333333
8908,60,20,0.3333333333
8909,56,14,0.2500000000
8910,62,18,0.2903225806
8911,68,28,0.4117647059
8912,62,20,0.3225806452
8913,64,26,0.4062500000
8914,60,24,0.4000000000
8915,198,46,0.2323232323
8916,60,20,0.3333333333
8917,72,30,0.4166666667
8918,60,22,0.3666666667
8919,62,24,0.3870967742
8920,68,22,0.3235294118
8921,64,22,0.3437500000
8922,60,14,0.2333333333
8923,54,28,0.5185185185
8924,62,20,0.3225806452
8925,58,12,0.2068965517
8926,56,20,0.3571428571
8927,60,30,0.5000000000
8928,66,24,0.3636363636
8929,60,28,0.4666666667
8930,54,12,0.2222222222
8931,68,26,0.3823529412
8932,56,14,0.2500000000
8933,64,24,0.3750000000
8934,70,28,0.4000000000
8935,60,20,0.3333333333
8936,56,16,0.2857142857
8937,106,26,0.2452830189
8938,60,20,0.3333333333
8939,62,20,0.3225806452
8940,70,34,0.4857142857
8941,58,26,0.4482758621
8942,68,24,0.3529411765
8943,50,30,0.6000000000
8944,52,18,0.3461538462
8945,62,26,0.4193548387
8946,66,20,0.3030303030
8947,64,18,0.2812500000
8948,66,26,0.3939393939
8949,62,22,0.3548387097
8950,58,20,0.3448275862
8951,88,22,0.2500000000
8952,64,32,0.5000000000
8953,68,26,0.3823529412
8954,58,16,0.2758620690
8955,68,26,0.3823529412
8956,62,28,0.4516129032
8957,66,24,0.3636363636
8958,60,26,0.4333333333
8959,58,20,0.3448275862
8960,56,20,0.3571428571
8961,62,22,0.3548387097
8962,64,28,0.4375000000
8963,62,22,0.3548387097
8964,78,22,0.2820512821
8965,68,34,0.5000000000
8966,60,24,0.4000000000
8967,52,28,0.5384615385
8968,68,24,0.3529411765
8969,58,22,0.3793103448
8970,66,28,0.4242424242
8971,64,28,0.4375000000
8972,72,16,0.2222222222
8973,58,22,0.3793103448
8974,64,32,0.5000000000
8975,66,28,0.4242424242
8976,58,24,0.4137931034
8977,64,16,0.2500000000
8978,60,14,0.2333333333
8979,68,34,0.5000000000
8980,64,28,0.4375000000
8981,60,26,0.4333333333
8982,62,22,0.3548387097
8983,52,20,0.3846153846
8984,52,14,0.2692307692
8985,62,24,0.3870967742
8986,66,24,0.3636363636
8987,52,14,0.2692307692
8988,64,28,0.4375000000
8989,66,24,0.3636363636
8990,50,12,0.2400000000
8991,52,20,0.3846153846
8992,66,40,0.6060606061
8993,66,14,0.2121212121
8994,76,14,0.1842105263
8995,56,26,0.4642857143
8996,60,20,0.3333333333
8997,58,18,0.3103448276
8998,62,22,0.3548387097
8999,68,24,0.3529411765
9000,72,26,0.3611111111
9001,46,26,0.5652173913
9002,62,28,0.4516129032
9003,64,18,0.2812500000
9004,76,18,0.2368421053
9005,66,26,0.3939393939
9006,62,28,0.4516129032
9007,54,16,0.2962962963
9008,62,26,0.4193548387
9009,44,0,0.0000000000
9010,64,26,0.4062500000
9011,68,26,0.3823529412
9012,126,62,0.4920634921
9013,66,24,0.3636363636
9014,60,30,0.5000000000
9015,68,32,0.4705882353
9016,64,28,0.4375000000
9017,128,64,0.5000000000
9018,60,24,0.4000000000
9019,98,28,0.2857142857
9020,72,34,0.4722222222
9021,68,22,0.3235294118
9022,66,26,0.3939393939
9023,60,24,0.4000000000
9024,62,20,0.3225806452
9025,70,24,0.3428571429
9026,66,24,0.3636363636
9027,66,28,0.4242424242
9028,62,26,0.4193548387
9029,58,22,0.3793103448
9030,66,24,0.3636363636
9031,64,32,0.5000000000
9032,58,16,0.2758620690
9033,56,22,0.3928571429
9034,64,22,0.3437500000
9035,62,30,0.4838709677
9036,60,18,0.3000000000
9037,60,18,0.3000000000
9038,64,26,0.4062500000
9039,56,22,0.3928571429
9040,70,16,0.2285714286
9041,54,30,0.5555555556
9042,54,22,0.4074074074
9043,64,28,0.4375000000
9044,54,12,0.2222222222
9045,68,28,0.4117647059
9046,56,26,0.4642857143
9047,66,30,0.4545454545
9048,64,24,0.3750000000
9049,64,12,0.1875000000
9050,56,24,0.4285714286
9051,54,20,0.3703703704
9052,58,18,0.3103448276
9053,58,22,0.3793103448
9054,62,26,0.4193548387
9055,52,28,0.5384615385
9056,58,18,0.3103448276
9057,50,12,0.2400000000
9058,70,30,0.4285714286
9059,68,30,0.4411764706
9060,64,20,0.3125000000
9061,60,14,0.2333333333
9062,56,16,0.2857142857
9063,76,28,0.3684210526
9064,54,14,0.2592592593
9065,114,26,0.2280701754
9066,62,26,0.4193548387
9067,56,14,0.2500000000
9068,62,24,0.3870967742
9069,56,16,0.2857142857
9070,68,26,0.3823529412
9071,60,22,0.3666666667
9072,64,28,0.4375000000
9073,58,18,0.3103448276
9074,70,30,0.4285714286
9075,54,20,0.3703703704
9076,62,24,0.3870967742
9077,56,30,0.5357142857
9078,52,16,0.3076923077
9079,64,28,0.4375000000
9080,60,30,0.5000000000
9081,68,28,0.4117647059
9082,56,18,0.3214285714
9083,62,22,0.3548387097
9084,40,12,0.3000000000
9085,62,26,0.4193548387
9086,62,22,0.3548387097
9087,60,24,0.4000000000
9088,58,22,0.3793103448
9089,52,14,0.2692307692
9090,64,26,0.4062500000
9091,76,30,0.3947368421
9092,66,26,0.3939393939
9093,60,20,0.3333333333
9094,70,28,0.4000000000
9095,72,30,0.4166666667
9096,60,12,0.2000000000
9097,64,20,0.3125000000
9098,52,12,0.2307692308
9099,68,28,0.4117647059
9100,60,22,0.3666666667
9101,48,24,0.5000000000
9102,58,22,0.3793103448
9103,58,0,0.0000000000
9104,68,28,0.4117647059
9105,58,22,0.3793103448
9106,60,26,0.4333333333
9107,62,20,0.3225806452
9108,70,28,0.4000000000
9109,52,6,0.1153846154
9110,62,14,0.2258064516
9111,64,28,0.4375000000
9112,60,26,0.4333333333
9113,58,22,0.3793103448
9114,66,22,0.3333333333
9115,64,28,0.4375000000
9116,60,26,0.4333333333
9117,56,26,0.4642857143
9118,60,28,0.4666666667
9119,64,30,0.4687500000
9120,70,24,0.3428571429
9121,58,16,0.2758620690
9122,74,16,0.2162162162
9123,66,20,0.3030303030
9124,66,16,0.2424242424
9125,72,28,0.3888888889
9126,114,66,0.5789473684
9127,56,12,0.2142857143
9128,56,18,0.3214285714
9129,60,24,0.4000000000
9130,66,22,0.3333333333
9131,62,24,0.3870967742
9132,62,30,0.4838709677
9133,52,26,0.5000000000
9134,60,16,0.2666666667
9135,72,26,0.3611111111
9136,62,22,0.3548387097
9137,60,24,0.4000000000
9138,56,20,0.3571428571
9139,62,26,0.4193548387
9140,68,20,0.2941176471
9141,58,22,0.3793103448
9142,68,20,0.2941176471
9143,60,24,0.4000000000
9144,70,26,0.3714285714
9145,82,44,0.5365853659
9146,68,26,0.3823529412
9147,68,26,0.3823529412
9148,62,28,0.4516129032
9149,56,32,0.5714285714
9150,58,32,0.5517241379
9151,68,28,0.4117647059
9152,60,20,0.3333333333
9153,54,20,0.3703703704
9154,62,30,0.4838709677
9155,54,16,0.2962962963
9156,60,22,0.3666666667
9157,66,16,0.2424242424
9158,70,30,0.4285714286
9159,64,26,0.4062500000
9160,50,12,0.2400000000
9161,62,28,0.4516129032
9162,102,54,0.5294117647
9163,64,26,0.4062500000
9164,56,32,0.5714285714
9165,56,14,0.2500000000
9166,60,20,0.3333333333
9167,70,22,0.3142857143
9168,60,32,0.5333333333
9169,54,16,0.2962962963
9170,64,32,0.5000000000
9171,60,26,0.4333333333
9172,62,28,0.4516129032
9173,78,30,0.3846153846
9174,52,26,0.5000000000
9175,58,18,0.3103448276
9176,60,16,0.2666666667
9177,74,28,0.3783783784
9178,58,22,0.3793103448
9179,60,26,0.4333333333
9180,60,22,0.3666666667
9181,66,30,0.4545454545
9182,52,18,0.3461538462
9183,66,28,0.4242424242
9184,66,26,0.3939393939
9185,66,26,0.3939393939
9186,64,22,0.3437500000
9187,56,20,0.3571428571
9188,62,30,0.4838709677
9189,62,26,0.4193548387
9190,62,16,0.2580645161
9191,56,30,0.5357142857
9192,62,22,0.3548387097
9193,64,26,0.4062500000
9194,54,22,0.4074074074
9195,62,24,0.3870967742
9196,58,22,0.3793103448
9197,50,14,0.2800000000
9198,66,30,0.4545454545
9199,60,18,0.3000000000
9200,68,24,0.3529411765
9201,66,26,0.3939393939
9202,70,26,0.3714285714
9203,44,8,0.1818181818
9204,56,22,0.3928571429
9205,82,20,0.2439024390
9206,124,66,0.5322580645
9207,58,12,0.2068965517
9208,52,24,0.4615384615
9209,62,20,0.3225806452
9210,58,20,0.3448275862
9211,52,10,0.1923076923
9212,64,22,0.3437500000
9213,68,18,0.2647058824
9214,60,20,0.3333333333
9215,64,26,0.4062500000
9216,68,24,0.3529411765
9217,64,28,0.4375000000
9218,68,24,0.3529411765
9219,66,28,0.4242424242
9220,66,26,0.3939393939
9221,62,24,0.3870967742
9222,62,24,0.3870967742
9223,60,16,0.2666666667
9224,50,26,0.5200000000
9225,60,26,0.4333333333
9226,64,20,0.3125000000
9227,66,18,0.2727272727
9228,68,26,0.3823529412
9229,58,20,0.3448275862
9230,62,32,0.5161290323
9231,64,18,0.2812500000
9232,76,20,0.2631578947
9233,56,24,0.4285714286
9234,66,28,0.4242424242
9235,54,28,0.5185185185
9236,72,28,0.3888888889
9237,62,26,0.4193548387
9238,54,14,0.2592592593
9239,58,26,0.4482758621
9240,56,18,0.3214285714
9241,58,28,0.4827586207
9242,62,26,0.4193548387
9243,54,18,0.3333333333
9244,58,22,0.3793103448
9245,58,18,0.3103448276
9246,68,28,0.4117647059
9247,52,26,0.5000000000
9248,66,26,0.3939393939
9249,64,28,0.4375000000
9250,52,14,0.2692307692
9251,62,32,0.5161290323
9252,74,30,0.4054054054
9253,66,28,0.4242424242
9254,62,18,0.2903225806
9255,54,22,0.4074074074
9256,48,26,0.5416666667
9257,82,24,0.2926829268
9258,64,26,0.4062500000
9259,50,26,0.5200000000
9260,58,26,0.4482758621
9261,56,20,0.3571428571
9262,54,12,0.2222222222
9263,66,34,0.5151515152
9264,60,22,0.3666666667
9265,52,18,0.3461538462
9266,56,18,0.3214285714
9267,66,30,0.4545454545
9268,60,26,0.4333333333
9269,60,22,0.3666666667
9270,58,24,0.4137931034
9271,64,20,0.3125000000
9272,62,26,0.4193548387
9273,68,26,0.3823529412
9274,70,28,0.4000000000
9275,56,28,0.5000000000
9276,62,26,0.4193548387
9277,66,22,0.3333333333
9278,68,28,0.4117647059
9279,66,32,0.4848484848
9280,58,22,0.3793103448
9281,68,28,0.4117647059
9282,68,26,0.3823529412
9283,50,10,0.2000000000
9284,94,44,0.4680851064
9285,58,24,0.4137931034
9286,66,28,0.4242424242
9287,58,14,0.2413793103
9288,58,16,0.2758620690
9289,60,20,0.3333333333
9290,60,24,0.4000000000
9291,62,24,0.3870967742
9292,54,30,0.5555555556
9293,68,32,0.4705882353
9294,58,26,0.4482758621
9295,86,20,0.2325581395
9296,56,32,0.5714285714
9297,58,22,0.3793103448
9298,56,14,0.2500000000
9299,70,32,0.4571428571
9300,70,26,0.3714285714
9301,54,28,0.5185185185
9302,60,28,0.4666666667
9303,86,18,0.2093023256
9304,64,28,0.4375000000
9305,60,26,0.4333333333
9306,64,24,0.3750000000
9307,62,20,0.3225806452
9308,76,26,0.3421052632
9309,76,28,0.3684210526
9310,50,12,0.2400000000
9311,62,22,0.3548387097
9312,54,16,0.2962962963
9313,62,22,0.3548387097
9314,66,26,0.3939393939
9315,58,28,0.4827586207
9316,54,18,0.3333333333
9317,66,32,0.4848484848
9318,58,32,0.5517241379
9319,56,24,0.4285714286
9320,62,26,0.4193548387
9321,56,22,0.3928571429
9322,54,22,0.4074074074
9323,66,24,0.3636363636
9324,66,22,0.3333333333
9325,62,32,0.5161290323
9326,58,12,0.2068965517
9327,58,18,0.3103448276
9328,64,18,0.2812500000
9329,62,14,0.2258064516
9330,62,24,0.3870967742
9331,62,22,0.3548387097
9332,66,26,0.3939393939
9333,54,32,0.5925925926
9334,56,16,0.2857142857
9335,54,32,0.5925925926
9336,64,26,0.4062500000
9337,54,22,0.4074074074
9338,56,28,0.5000000000
9339,56,28,0.5000000000
9340,70,22,0.3142857143
9341,66,26,0.3939393939
9342,56,24,0.4285714286
9343,62,32,0.5161290323
9344,54,32,0.5925925926
9345,64,30,0.4687500000
9346,70,22,0.3142857143
9347,62,22,0.3548387097
9348,58,26,0.4482758621
9349,56,12,0.2142857143
9350,68,24,0.3529411765
9351,52,26,0.5000000000
9352,66,28,0.4242424242
9353,62,32,0.5161290323
9354,66,30,0.4545454545
9355,62,26,0.4193548387
9356,58,22,0.3793103448
9357,74,14,0.1891891892
9358,58,28,0.4827586207
9359,66,24,0.3636363636
9360,64,24,0.3750000000
9361,66,12,0.1818181818
9362,68,26,0.3823529412
9363,60,16,0.2666666667
9364,52,32,0.6153846154
9365,60,26,0.4333333333
9366,52,28,0.5384615385
9367,66,28,0.4242424242
9368,60,26,0.4333333333
9369,58,26,0.4482758621
9370,60,20,0.3333333333
9371,54,14,0.2592592593
9372,60,28,0.4666666667
9373,56,18,0.3214285714
9374,58,16,0.2758620690
9375,60,22,0.3666666667
9376,70,30,0.4285714286
9377,60,22,0.3666666667
9378,58,28,0.4827586207
9379,60,12,0.2000000000
9380,58,22,0.3793103448
9381,60,24,0.4000000000
9382,64,26,0.4062500000
9383,60,26,0.4333333333
9384,62,20,0.3225806452
9385,54,22,0.4074074074
9386,62,30,0.4838709677
9387,62,26,0.4193548387
9388,62,14,0.2258064516
9389,66,30,0.4545454545
9390,58,18,0.3103448276
9391,56,18,0.3214285714
9392,56,12,0.2142857143
9393,72,24,0.3333333333
9394,68,26,0.3823529412
9395,68,16,0.2352941176
9396,50,14,0.2800000000
9397,58,24,0.4137931034
9398,66,18,0.2727272727
9399,48,26,0.5416666667
9400,64,22,0.3437500000
9401,54,30,0.5555555556
9402,64,26,0.4062500000
9403,58,16,0.2758620690
9404,60,22,0.3666666667
9405,64,20,0.3125000000
9406,58,26,0.4482758621
9407,64,24,0.3750000000
9408,68,26,0.3823529412
9409,150,36,0.2400000000
9410,62,22,0.3548387097
9411,70,38,0.5428571429
9412,54,14,0.2592592593
9413,54,26,0.4814814815
9414,70,24,0.3428571429
9415,68,28,0.4117647059
9416,64,28,0.4375000000
9417,60,26,0.4333333333
9418,58,22,0.3793103448
9419,62,28,0.4516129032
9420,58,22,0.3793103448
9421,58,14,0.2413793103
9422,66,28,0.4242424242
9423,60,24,0.4000000000
9424,62,24,0.3870967742
9425,98,26,0.2653061224
9426,66,22,0.3333333333
9427,60,24,0.4000000000
9428,58,18,0.3103448276
9429,62,26,0.4193548387
9430,56,26,0.4642857143
9431,66,22,0.3333333333
9432,64,28,0.4375000000
9433,78,24,0.3076923077
9434,54,16,0.2962962963
9435,66,22,0.3333333333
9436,64,26,0.4062500000
9437,126,60,0.4761904762
9438,60,26,0.4333333333
9439,68,24,0.3529411765
9440,62,24,0.3870967742
9441,62,24,0.3870967742
9442,64,30,0.4687500000
9443,58,24,0.4137931034
9444,64,26,0.4062500000
9445,58,14,0.2413793103
9446,66,28,0.4242424242
9447,56,26,0.4642857143
9448,62,26,0.4193548387
9449,54,26,0.4814814815
9450,58,24,0.4137931034
9451,68,26,0.3823529412
9452,52,32,0.6153846154
9453,60,28,0.4666666667
9454,66,26,0.3939393939
9455,62,20,0.3225806452
9456,66,34,0.5151515152
9457,62,22,0.3548387097
9458,60,22,0.3666666667
9459,56,22,0.3928571429
9460,66,24,0.3636363636
9461,64,24,0.3750000000
9462,58,22,0.3793103448
9463,64,22,0.3437500000
9464,58,16,0.2758620690
9465,60,26,0.4333333333
9466,64,26,0.4062500000
9467,56,28,0.5000000000
9468,68,26,0.3823529412
9469,70,30,0.4285714286
9470,70,26,0.3714285714
9471,56,18,0.3214285714
9472,58,18,0.3103448276
9473,54,28,0.5185185185
9474,58,16,0.2758620690
9475,60,22,0.3666666667
9476,68,22,0.3235294118
9477,64,22,0.3437500000
9478,66,24,0.3636363636
9479,52,12,0.2307692308
9480,54,16,0.2962962963
9481,64,20,0.3125000000
9482,64,16,0.2500000000
9483,60,18,0.3000000000
9484,68,26,0.3823529412
9485,66,32,0.4848484848
9486,58,20,0.3448275862
9487,64,26,0.4062500000
9488,62,18,0.2903225806
9489,68,22,0.3235294118
9490,56,20,0.3571428571
9491,60,18,0.3000000000
9492,62,26,0.4193548387
9493,70,22,0.3142857143
9494,54,28,0.5185185185
9495,60,36,0.6000000000
9496,64,24,0.3750000000
9497,64,32,0.5000000000
9498,56,20,0.3571428571
9499,70,24,0.3428571429
9500,66,26,0.3939393939
9501,62,18,0.2903225806
9502,64,24,0.3750000000
9503,68,28,0.4117647059
9504,54,14,0.2592592593
9505,52,22,0.4230769231
9506,64,36,0.5625000000
9507,80,22,0.2750000000
9508,60,22,0.3666666667
9509,58,16,0.2758620690
9510,58,14,0.2413793103
9511,68,24,0.3529411765
9512,64,30,0.4687500000
9513,66,22,0.3333333333
9514,52,26,0.5000000000
9515,56,14,0.2500000000
9516,52,14,0.2692307692
9517,68,38,0.5588235294
9518,72,24,0.3333333333
9519,58,18,0.3103448276
9520,66,28,0.4242424242
9521,66,30,0.4545454545
9522,62,30,0.4838709677
9523,74,26,0.3513513514
9524,50,12,0.2400000000
9525,66,34,0.5151515152
9526,58,20,0.3448275862
9527,58,26,0.4482758621
9528,68,30,0.4411764706
9529,62,24,0.3870967742
9530,54,30,0.5555555556
9531,58,28,0.4827586207
9532,64,24,0.3750000000
9533,68,26,0.3823529412
9534,68,24,0.3529411765
9535,64,20,0.3125000000
9536,60,16,0.2666666667
9537,56,22,0.3928571429
9538,68,26,0.3823529412
9539,64,20,0.3125000000
9540,64,26,0.4062500000
9541,68,24,0.3529411765
9542,66,26,0.3939393939
9543,66,26,0.3939393939
9544,76,18,0.2368421053
9545,62,22,0.3548387097
9546,66,28,0.4242424242
9547,90,22,0.2444444444
9548,54,26,0.4814814815
9549,58,18,0.3103448276
9550,52,12,0.2307692308
9551,60,28,0.4666666667
9552,62,26,0.4193548387
9553,60,26,0.4333333333
9554,66,26,0.3939393939
9555,58,26,0.4482758621
9556,58,32,0.5517241379
9557,70,18,0.2571428571
9558,70,24,0.3428571429
9559,66,24,0.3636363636
9560,58,24,0.4137931034
9561,64,24,0.3750000000
9562,66,26,0.3939393939
9563,54,12,0.2222222222
9564,62,20,0.3225806452
9565,60,26,0.4333333333
9566,70,24,0.3428571429
9567,66,26,0.3939393939
9568,62,24,0.3870967742
9569,58,22,0.3793103448
9570,62,20,0.3225806452
9571,50,14,0.2800000000
9572,70,26,0.3714285714
9573,60,24,0.4000000000
9574,108,22,0.2037037037
9575,66,26,0.3939393939
9576,58,22,0.3793103448
9577,54,24,0.4444444444
9578,60,22,0.3666666667
9579,58,20,0.3448275862
9580,68,30,0.4411764706
9581,68,24,0.3529411765
9582,50,20,0.4000000000
9583,68,28,0.4117647059
9584,62,20,0.3225806452
9585,70,28,0.4000000000
9586,58,28,0.4827586207
9587,72,22,0.3055555556
9588,60,28,0.4666666667
9589,54,14,0.2592592593
9590,64,26,0.4062500000
9591,52,14,0.2692307692
9592,68,28,0.4117647059
9593,54,14,0.2592592593
9594,64,20,0.3125000000
9595,64,22,0.3437500000
9596,58,22,0.3793103448
9597,58,20,0.3448275862
9598,66,28,0.4242424242
9599,66,30,0.4545454545
9600,56,24,0.4285714286
9601,70,28,0.4000000000
9602,48,12,0.2500000000
9603,56,26,0.4642857143
9604,60,26,0.4333333333
9605,60,24,0.4000000000
9606,64,26,0.4062500000
9607,66,26,0.3939393939
9608,66,20,0.3030303030
9609,66,26,0.3939393939
9610,70,18,0.2571428571
9611,62,28,0.4516129032
9612,64,18,0.2812500000
9613,64,20,0.3125000000
9614,64,20,0.3125000000
9615,60,24,0.4000000000
9616,62,16,0.2580645161
9617,58,26,0.4482758621
9618,54,30,0.5555555556
9619,64,26,0.4062500000
9620,66,26,0.3939393939
9621,60,22,0.3666666667
9622,58,18,0.3103448276
9623,62,24,0.3870967742
9624,68,30,0.4411764706
9625,60,24,0.4000000000
9626,66,32,0.4848484848
9627,62,22,0.3548387097
9628,64,28,0.4375000000
9629,60,20,0.3333333333
9630,54,14,0.2592592593
9631,64,16,0.2500000000
9632,62,16,0.2580645161
9633,62,26,0.4193548387
9634,62,24,0.3870967742
9635,60,22,0.3666666667
9636,50,16,0.3200000000
9637,60,18,0.3000000000
9638,60,24,0.4000000000
9639,60,24,0.4000000000
9640,54,12,0.2222222222
9641,58,34,0.5862068966
9642,64,20,0.3125000000
9643,76,36,0.4736842105
9644,64,20,0.3125000000
9645,64,26,0.4062500000
9646,66,26,0.3939393939
9647,60,30,0.5000000000
9648,46,24,0.5217391304
9649,66,30,0.4545454545
9650,60,16,0.2666666667
9651,54,22,0.4074074074
9652,58,22,0.3793103448
9653,58,24,0.4137931034
9654,64,26,0.4062500000
9655,58,16,0.2758620690
9656,50,20,0.4000000000
9657,58,26,0.4482758621
9658,64,28,0.4375000000
9659,54,12,0.2222222222
9660,62,28,0.4516129032
9661,66,28,0.4242424242
9662,74,28,0.3783783784
9663,60,32,0.5333333333
9664,64,18,0.2812500000
9665,64,22,0.3437500000
9666,58,18,0.3103448276
9667,66,16,0.2424242424
9668,54,22,0.4074074074
9669,54,12,0.2222222222
9670,62,28,0.4516129032
9671,70,24,0.3428571429
9672,56,10,0.1785714286
9673,66,24,0.3636363636
9674,50,18,0.3600000000
9675,60,28,0.4666666667
9676,64,22,0.3437500000
9677,60,26,0.4333333333
9678,66,24,0.3636363636
9679,112,0,0.0000000000
9680,66,28,0.4242424242
9681,74,18,0.2432432432
9682,64,26,0.4062500000
9683,60,34,0.5666666667
9684,70,28,0.4000000000
9685,62,24,0.3870967742
9686,58,24,0.4137931034
9687,66,28,0.4242424242
9688,56,14,0.2500000000
9689,68,24,0.3529411765
9690,66,30,0.4545454545
9691,60,16,0.2666666667
9692,64,18,0.2812500000
9693,54,24,0.4444444444
9694,62,30,0.4838709677
9695,68,20,0.2941176471
9696,58,26,0.4482758621
9697,78,30,0.3846153846
9698,58,24,0.4137931034
9699,68,22,0.3235294118
9700,58,24,0.4137931034
9701,58,18,0.3103448276
9702,68,28,0.4117647059
9703,66,26,0.3939393939
9704,56,22,0.3928571429
9705,54,24,0.4444444444
9706,70,30,0.4285714286
9707,62,20,0.3225806452
9708,60,14,0.2333333333
9709,60,22,0.3666666667
9710,62,14,0.2258064516
9711,60,24,0.4000000000
9712,68,22,0.3235294118
9713,58,24,0.4137931034
9714,52,18,0.3461538462
9715,64,22,0.3437500000
9716,60,28,0.4666666667
9717,66,30,0.4545454545
9718,68,24,0.3529411765
9719,64,20,0.3125000000
9720,66,30,0.4545454545
9721,70,26,0.3714285714
9722,58,14,0.2413793103
9723,60,24,0.4000000000
9724,66,26,0.3939393939
9725,52,12,0.2307692308
9726,72,22,0.3055555556
9727,60,22,0.3666666667
9728,62,28,0.4516129032
9729,68,26,0.3823529412
9730,36,0,0.0000000000
9731,60,28,0.4666666667
9732,60,22,0.3666666667
9733,70,30,0.4285714286
9734,56,12,0.2142857143
9735,54,16,0.2962962963
9736,52,12,0.2307692308
9737,66,28,0.4242424242
9738,56,20,0.3571428571
9739,64,26,0.4062500000
9740,62,22,0.3548387097
9741,62,26,0.4193548387
9742,74,48,0.6486486486
9743,66,24,0.3636363636
9744,64,26,0.4062500000
9745,56,14,0.2500000000
9746,58,20,0.3448275862
9747,62,24,0.3870967742
9748,68,28,0.4117647059
9749,56,20,0.3571428571
9750,68,28,0.4117647059
9751,66,26,0.3939393939
9752,72,30,0.4166666667
9753,60,24,0.4000000000
9754,56,26,0.4642857143
9755,56,14,0.2500000000
9756,66,26,0.3939393939
9757,60,18,0.3000000000
9758,58,24,0.4137931034
9759,144,32,0.2222222222
9760,64,32,0.5000000000
9761,72,20,0.2777777778
9762,62,22,0.3548387097
9763,60,24,0.4000000000
9764,64,18,0.2812500000
9765,68,28,0.4117647059
9766,64,24,0.3750000000
9767,52,28,0.5384615385
9768,54,10,0.1851851852
9769,64,28,0.4375000000
9770,74,32,0.4324324324
9771,64,22,0.3437500000
9772,52,20,0.3846153846
9773,64,22,0.3437500000
9774,82,22,0.2682926829
9775,68,20,0.2941176471
9776,58,18,0.3103448276
9777,70,28,0.4000000000
9778,70,26,0.3714285714
9779,56,26,0.4642857143
9780,60,20,0.3333333333
9781,48,12,0.2500000000
9782,60,30,0.5000000000
9783,64,22,0.3437500000
9784,68,30,0.4411764706
9785,72,16,0.2222222222
9786,60,26,0.4333333333
9787,66,26,0.3939393939
9788,46,10,0.2173913043
9789,56,14,0.2500000000
9790,62,22,0.3548387097
9791,64,22,0.3437500000
9792,58,24,0.4137931034
9793,64,24,0.3750000000
9794,70,26,0.3714285714
9795,66,20,0.3030303030
9796,68,26,0.3823529412
9797,62,18,0.2903225806
9798,58,18,0.3103448276
9799,62,20,0.3225806452
9800,62,26,0.4193548387
9801,66,22,0.3333333333
9802,62,22,0.3548387097
9803,62,34,0.5483870968
9804,62,22,0.3548387097
9805,52,12,0.2307692308
9806,62,22,0.3548387097
9807,72,28,0.3888888889
9808,48,20,0.4166666667
9809,64,24,0.3750000000
9810,60,26,0.4333333333
9811,66,18,0.2727272727
9812,54,16,0.2962962963
9813,50,12,0.2400000000
9814,62,22,0.3548387097
9815,60,18,0.3000000000
9816,60,30,0.5000000000
9817,64,24,0.3750000000
9818,70,28,0.4000000000
9819,60,20,0.3333333333
9820,58,28,0.4827586207
9821,60,20,0.3333333333
9822,54,26,0.4814814815
9823,66,28,0.4242424242
9824,60,30,0.5000000000
9825,62,24,0.3870967742
9826,62,24,0.3870967742
9827,66,36,0.5454545455
9828,64,26,0.4062500000
9829,54,28,0.5185185185
9830,66,26,0.3939393939
9831,58,26,0.4482758621
9832,52,32,0.6153846154
9833,64,26,0.4062500000
9834,68,28,0.4117647059
9835,58,24,0.4137931034
9836,58,26,0.4482758621
9837,62,24,0.3870967742
9838,66,26,0.3939393939
9839,68,30,0.4411764706
9840,52,28,0.5384615385
9841,60,22,0.3666666667
9842,60,22,0.3666666667
9843,52,28,0.5384615385
9844,52,10,0.1923076923
9845,60,24,0.4000000000
9846,60,24,0.4000000000
9847,58,24,0.4137931034
9848,60,24,0.4000000000
9849,70,30,0.4285714286
9850,68,26,0.3823529412
9851,66,26,0.3939393939
9852,62,32,0.5161290323
9853,56,26,0.4642857143
9854,62,24,0.3870967742
9855,54,26,0.4814814815
9856,60,22,0.3666666667
9857,70,20,0.2857142857
9858,46,24,0.5217391304
9859,52,22,0.4230769231
9860,60,22,0.3666666667
9861,70,28,0.4000000000
9862,54,14,0.2592592593
9863,72,28,0.3888888889
9864,48,26,0.5416666667
9865,52,16,0.3076923077
9866,92,28,0.3043478261
9867,72,26,0.3611111111
9868,64,24,0.3750000000
9869,114,66,0.5789473684
9870,50,14,0.2800000000
9871,68,24,0.3529411765
9872,60,20,0.3333333333
9873,66,26,0.3939393939
9874,62,30,0.4838709677
9875,64,22,0.3437500000
9876,60,20,0.3333333333
9877,64,26,0.4062500000
9878,64,20,0.3125000000
9879,56,12,0.2142857143
9880,62,24,0.3870967742
9881,58,24,0.4137931034
9882,56,24,0.4285714286
9883,56,22,0.3928571429
9884,60,22,0.3666666667
9885,64,28,0.4375000000
9886,62,18,0.2903225806
9887,56,18,0.3214285714
9888,64,26,0.4062500000
9889,66,22,0.3333333333
9890,62,26,0.4193548387
9891,66,30,0.4545454545
9892,68,20,0.2941176471
9893,56,26,0.4642857143
9894,60,24,0.4000000000
9895,62,30,0.4838709677
9896,58,16,0.2758620690
9897,70,24,0.3428571429
9898,64,20,0.3125000000
9899,68,28,0.4117647059
9900,112,30,0.2678571429
9901,56,30,0.5357142857
9902,54,20,0.3703703704
9903,56,12,0.2142857143
9904,76,24,0.3157894737
9905,66,22,0.3333333333
9906,66,26,0.3939393939
9907,238,118,0.4957983193
9908,58,24,0.4137931034
9909,86,24,0.2790697674
9910,70,26,0.3714285714
9911,54,28,0.5185185185
9912,60,20,0.3333333333
9913,62,26,0.4193548387
9914,66,28,0.4242424242
9915,62,24,0.3870967742
9916,70,24,0.3428571429
9917,64,26,0.4062500000
9918,60,24,0.4000000000
9919,88,42,0.4772727273
9920,58,24,0.4137931034
9921,66,14,0.2121212121
9922,68,24,0.3529411765
9923,64,26,0.4062500000
9924,68,26,0.3823529412
9925,68,24,0.3529411765
9926,64,20,0.3125000000
9927,62,24,0.3870967742
9928,60,20,0.3333333333
9929,94,22,0.2340425532
9930,56,22,0.3928571429
9931,54,20,0.3703703704
9932,44,16,0.3636363636
9933,52,12,0.2307692308
9934,60,26,0.4333333333
9935,62,26,0.4193548387
9936,62,22,0.3548387097
9937,80,18,0.2250000000
9938,66,24,0.3636363636
9939,56,22,0.3928571429
9940,68,26,0.3823529412
9941,64,30,0.4687500000
9942,62,18,0.2903225806
9943,60,24,0.4000000000
9944,54,28,0.5185185185
9945,64,26,0.4062500000
9946,62,28,0.4516129032
9947,62,20,0.3225806452
9948,60,14,0.2333333333
9949,52,30,0.5769230769
9950,56,14,0.2500000000
9951,86,18,0.2093023256
9952,62,24,0.3870967742
9953,62,22,0.3548387097
9954,66,26,0.3939393939
9955,68,28,0.4117647059
9956,60,22,0.3666666667
9957,66,26,0.3939393939
9958,64,22,0.3437500000
9959,66,34,0.5151515152
9960,66,26,0.3939393939
9961,60,20,0.3333333333
9962,64,22,0.3437500000
9963,54,14,0.2592592593
9964,58,12,0.2068965517
9965,66,26,0.3939393939
9966,58,26,0.4482758621
9967,60,32,0.5333333333
9968,62,24,0.3870967742
9969,54,18,0.3333333333
9970,60,24,0.4000000000
9971,62,28,0.4516129032
9972,66,26,0.3939393939
9973,62,26,0.4193548387
9974,58,20,0.3448275862
9975,62,20,0.3225806452
9976,68,30,0.4411764706
9977,60,16,0.2666666667
9978,58,24,0.4137931034
9979,62,24,0.3870967742
9980,70,28,0.4000000000
9981,64,28,0.4375000000
9982,66,28,0.4242424242
9983,56,28,0.5000000000
9984,72,26,0.3611111111
9985,70,28,0.4000000000
9986,64,24,0.3750000000
9987,58,20,0.3448275862
9988,62,14,0.2258064516
9989,68,28,0.4117647059
9990,56,26,0.4642857143
9991,58,22,0.3793103448
9992,82,44,0.5365853659
9993,52,28,0.5384615385
9994,56,24,0.4285714286
9995,62,30,0.4838709677
9996,48,14,0.2916666667
9997,58,22,0.3793103448
9998,66,26,0.3939393939
9999,60,12,0.2000000000
